event,index,tau0_mm,tau_generated_mm,L3D_mm,Rxy_mm,n_daughters
1,9,4.326221529733112,0.717380788527454,1.482543203258244,1.465421583340958,2
1,10,4.326221529733112,0.2116567716682679,0.4386374475633955,0.432359503381207,2
2,9,4.326221529733112,5.07045513426443,3.449476807254004,3.40926582113577,2
2,10,4.326221529733112,2.007491477506044,3.091878134578537,1.349794426585647,2
3,9,4.326221529733112,1.769691315700787,1.570831374036373,1.027028856739102,2
3,10,4.326221529733112,0.454571632919744,0.2915826379351288,0.2638076936478149,2
4,9,4.326221529733112,3.313889516650011,13.6151796950482,2.430401168152581,2
4,10,4.326221529733112,0.27981324594573,0.4337095446639282,0.2052145783358928,2
5,9,4.326221529733112,4.075218473286039,2.690161455550232,1.931706728348055,2
5,10,4.326221529733112,1.273786044851828,1.591309177629187,0.6037912051699283,2
6,9,4.326221529733112,3.243175130926358,1.316953306588815,1.255496201249234,2
6,10,4.326221529733112,5.085363045938548,3.370854667120281,1.968642989786807,2
7,9,4.326221529733112,0.2736880171850002,0.146304030813575,0.1083176733894412,2
7,10,4.326221529733112,3.507533562625682,4.120868743446866,1.38817869611799,2
8,9,4.326221529733112,17.62874820238428,18.90180511930066,10.05652381010549,2
8,10,4.326221529733112,3.022651860931245,2.624550595976835,1.724306800468311,2
9,9,4.326221529733112,5.634635472837553,40.97837426379331,3.400378112106787,2
9,10,4.326221529733112,5.636817202327324,41.07211128765382,3.401694737687859,2
10,9,4.326221529733112,22.8005500499047,197.6848207371897,6.523688883398307,2
10,10,4.326221529733112,7.482242453521898,30.18984199710996,2.140817735102654,2
11,9,4.326221529733112,4.972693484707603,20.96432443966242,5.497703357251298,2
11,10,4.326221529733112,3.818056617135453,16.84786931751784,4.221161579082402,2
12,9,4.326221529733112,1.703671580267371,7.228957437130936,1.141635525118615,2
12,10,4.326221529733112,8.824974334497281,26.13680718032978,5.91364223317088,2
13,9,4.326221529733112,4.396481823900101,4.11565549955074,1.695431894598911,2
13,10,4.326221529733112,2.429203241124905,2.782554833501618,0.9367828228191482,2
14,9,4.326221529733112,0.254562537157295,0.9146107501459854,0.2354071816299455,2
14,10,4.326221529733112,4.733809551181548,14.02915700226635,4.377599222810977,2
15,9,4.326221529733112,7.706961916265378,7.70447672058086,1.190164579105758,2
15,10,4.326221529733112,0.8048214879467676,0.2654720245138148,0.1242863320027403,2
16,9,4.326221529733112,7.436237487573758,5.799170189446471,4.824322384315065,2
16,10,4.326221529733112,1.661960999449503,1.721440799837079,1.078211348803879,2
17,9,4.326221529733112,3.115884123242961,16.71294916904813,0.9001905379210596,2
17,10,4.326221529733112,1.648514385030105,5.190261189426398,0.4762619508091193,2
18,9,4.326221529733112,0.4513755808452216,0.6574403862742447,0.2470724215612752,2
18,10,4.326221529733112,9.305539518656042,6.660258207135421,5.09363439312167,2
19,9,4.326221529733112,1.524684854062585,0.6319615768904064,0.5090263171824619,2
19,10,4.326221529733112,26.21890632061199,11.88314302452049,8.753358629733768,2
20,9,4.326221529733112,3.300653435102239,14.63556320765636,2.530320100900106,2
20,10,4.326221529733112,3.575311161144595,13.23473924455351,2.740875973771066,2
21,9,4.326221529733112,0.2062799468021908,0.5365556544267521,0.2781586277506954,2
21,10,4.326221529733112,7.979347012667715,17.97818977693394,10.7597672473643,2
22,9,4.326221529733112,5.413378431301171,7.825178462567433,0.4936555465062664,2
22,10,4.326221529733112,0.03485951200634507,0.1985030439626293,0.003178900508955871,2
23,9,4.326221529733112,0.134531280920786,0.405034768598933,0.06269549467484235,2
23,10,4.326221529733112,3.302690762223038,1.832130535026818,1.539150074825555,2
24,9,4.326221529733112,0.105789869860254,0.2821096411042859,0.07939385420805373,2
24,10,4.326221529733112,2.119574056568145,5.897337113247426,1.59071141549413,2
25,9,4.326221529733112,5.035891645406729,6.273615638934488,5.118189811081034,2
25,10,4.326221529733112,1.958884298028713,4.04751088645722,1.990897017095654,2
26,9,4.326221529733112,0.2463517538991391,0.327250623763841,0.1320143841229254,2
26,10,4.326221529733112,1.540361157330234,2.4109139512379,0.8254450244144909,2
27,9,4.326221529733112,0.3826218063244624,0.5801172877197246,0.4485259172555606,2
27,10,4.326221529733112,16.12981925114039,62.08892408271563,18.90807542905483,2
28,9,4.326221529733112,0.01407133364788062,0.005699978413058796,0.004578182888705193,2
28,10,4.326221529733112,5.320259979069217,14.0412684177508,1.730974746896598,2
29,9,4.326221529733112,11.23357081234811,13.95324116118474,10.28878019235509,2
29,10,4.326221529733112,7.20519272950606,10.53907940493007,6.599205673404862,2
30,9,4.326221529733112,1.001654018252512,3.114042269125087,0.4934046727063508,2
30,10,4.326221529733112,1.410579959964526,2.074976720904659,0.6948374696151617,2
31,9,4.326221529733112,3.78445648389302,3.035651146179,1.79539396121657,2
31,10,4.326221529733112,0.4491494515297749,0.2736594440089664,0.2130821734620025,2
32,9,4.326221529733112,3.957789349752373,10.39107148400349,5.781701886511238,2
32,10,4.326221529733112,1.713190217945648,6.8397092514075,2.502698915915949,2
33,9,4.326221529733112,0.2106386496155782,0.175425435245677,0.1747928661482831,2
33,10,4.326221529733112,3.544869736917919,3.437532320550421,2.941615617879313,2
34,9,4.326221529733112,20.64568794544791,100.8134569545878,5.110080031113376,2
34,10,4.326221529733112,3.380369992994436,7.107094207741888,0.8366861518307701,2
35,9,4.326221529733112,4.720688276019114,6.8273394328221,4.987066721838815,2
35,10,4.326221529733112,6.089601898857607,6.750280589674369,6.433225242453239,2
36,9,4.326221529733112,3.881601996602005,8.571353737857727,3.830424318401076,2
36,10,4.326221529733112,4.394079878016394,4.371004884037615,4.336145343207529,2
37,9,4.326221529733112,2.950267149909031,1.893582641741174,1.484109933806155,2
37,10,4.326221529733112,0.001034649005661373,0.001499086457726545,0.000520472482416398,2
38,9,4.326221529733112,0.2368587982668149,0.4632214862767223,0.05722755768055244,2
38,10,4.326221529733112,0.5432521990979912,1.888975192276645,0.1312554010509939,2
39,9,4.326221529733112,3.881842001449344,8.150510527865995,4.671044082034607,2
39,10,4.326221529733112,3.492197417619994,6.749592626373655,4.202182385264522,2
40,9,4.326221529733112,2.871681728626142,1.037663456768115,0.2958735525136453,2
40,10,4.326221529733112,7.257371647220672,6.393642276232327,0.7477375747354396,2
41,9,4.326221529733112,0.4483987242292786,0.9007237221823912,0.3400966540010819,2
41,10,4.326221529733112,0.4749597744921393,0.6232743909267232,0.3602423944616067,2
42,9,4.326221529733112,5.765575855074835,6.361860687767333,5.229607572635457,2
42,10,4.326221529733112,18.13022167011206,16.45063766732764,16.44483516006865,2
43,9,4.326221529733112,6.2561016425162,4.949093400273539,2.011234459545617,2
43,10,4.326221529733112,2.629407777499424,9.032366871693148,0.8453116385393515,2
44,9,4.326221529733112,3.515168376429815,4.230360233807906,1.034633959857423,2
44,10,4.326221529733112,8.778955987584174,3.152783369623025,2.583946208025861,2
45,9,4.326221529733112,3.126297309099858,5.121082015747839,1.763870560760293,2
45,10,4.326221529733112,7.161136714086243,6.185157905735554,4.040344529866006,2
46,9,4.326221529733112,8.213982876176226,5.328947377069911,4.988959149911331,2
46,10,4.326221529733112,0.6984417411578078,3.446541088940472,0.4242153128095331,2
47,9,4.326221529733112,14.7524021121151,24.16386323426597,5.074770723724763,2
47,10,4.326221529733112,11.17210514841512,16.62497444945366,3.843162062603451,2
48,9,4.326221529733112,6.877873666870419,17.05364426863321,7.916081988654114,2
48,10,4.326221529733112,1.317375746272703,1.556611024794175,1.516232330289993,2
49,9,4.326221529733112,11.09628857612085,44.40022988615059,3.140984445522673,2
49,10,4.326221529733112,0.2164179145848137,0.7218520957111707,0.06126060067563538,2
50,9,4.326221529733112,7.595936323625053,20.53203243134178,7.36556648956267,2
50,10,4.326221529733112,1.671120889688041,1.912534146430539,1.620439074352352,2
51,9,4.326221529733112,11.66499392355897,4.28938994281076,3.781051640372783,2
51,10,4.326221529733112,18.41720046576969,45.57945826308619,5.969689010427444,2
52,9,4.326221529733112,4.319567925216285,10.10100819590377,3.073388091113131,2
52,10,4.326221529733112,11.67305943612693,52.17435263699024,8.305423708796507,2
53,9,4.326221529733112,0.1168272143335323,0.05103506488928473,0.03132461361434342,2
53,10,4.326221529733112,9.184608332123911,17.52273133134659,2.462648012658147,2
54,9,4.326221529733112,2.68267510288222,2.596262173167832,0.18527516541177,2
54,10,4.326221529733112,1.827001876259741,1.345614573780289,0.1261793030650492,2
55,9,4.326221529733112,2.623159517125209,7.504755783425582,1.432629340847728,2
55,10,4.326221529733112,0.09163676977348914,0.1469666126115306,0.05004709939328574,2
56,9,4.326221529733112,8.797334873542669,8.701401251477563,4.058571591258154,2
56,10,4.326221529733112,0.1180864911147333,0.1397775583541639,0.05447814423786019,2
57,9,4.326221529733112,2.088205779165242,1.339082546721351,1.188158273518939,2
57,10,4.326221529733112,2.020810618105712,1.502562050458805,1.14981142139978,2
58,9,4.326221529733112,1.506470339412321,2.973091379233108,0.5993639222884209,2
58,10,4.326221529733112,1.57262819238931,3.69325691060169,0.6256854695589352,2
59,9,4.326221529733112,0.6172746864806659,0.3329522029695693,0.3206277984404899,2
59,10,4.326221529733112,2.184399183433095,1.504259993509416,1.134631172213628,2
60,9,4.326221529733112,2.979053189644427,9.364967574116658,1.643968412133245,2
60,10,4.326221529733112,1.946074033059801,1.46360405838627,1.073926524421983,2
61,9,4.326221529733112,2.58085318350638,4.467631363497245,2.693617842975002,2
61,10,4.326221529733112,7.197949745107321,17.05686271671349,7.51244820517723,2
62,9,4.326221529733112,4.591488654478003,1.857505543369237,1.857504299047354,2
62,10,4.326221529733112,3.257965851875075,1.3506439663908,1.318022548113087,2
63,9,4.326221529733112,2.592214170633498,1.640368262035727,1.627122552722677,2
63,10,4.326221529733112,3.728317272167295,7.380749590138696,2.340249963129533,2
64,9,4.326221529733112,8.726577133441959,26.5533799429147,4.672704861689937,2
64,10,4.326221529733112,5.847192277322982,16.05650360926623,3.130918728349847,2
65,9,4.326221529733112,4.147466600477265,18.1631969365366,3.225776693387483,2
65,10,4.326221529733112,2.78799653268128,14.35070533504217,2.168421135768392,2
66,9,4.326221529733112,17.06121920192614,116.1124738031313,13.74551042307323,2
66,10,4.326221529733112,3.940391639282249,14.28393630132592,3.174608667042389,2
67,9,4.326221529733112,0.6123246831008843,0.245264468516513,0.08987695845141341,2
67,10,4.326221529733112,0.8949070675899552,0.5763656332281256,0.1313543738337379,2
68,9,4.326221529733112,2.946567229203464,2.15972486985449,1.885900647140407,2
68,10,4.326221529733112,14.59439780060094,24.95379705918225,9.340898108141324,2
69,9,4.326221529733112,2.686378912324258,1.6655729086917,1.520711611808435,2
69,10,4.326221529733112,4.029278998379809,7.233200463086477,2.280903610410873,2
70,9,4.326221529733112,4.673907427153219,10.80658056844856,4.15205231821734,2
70,10,4.326221529733112,0.4859741860964871,1.116000618598637,0.4317137806909237,2
71,9,4.326221529733112,3.069318321947658,2.826421545400759,2.220858707895775,2
71,10,4.326221529733112,0.5337541062538459,1.04462274384959,0.3862070761030681,2
72,9,4.326221529733112,1.878895605231377,5.458361360541476,0.6013370118068134,2
72,10,4.326221529733112,0.8912620527135539,2.954806892420633,0.2852467470908666,2
73,9,4.326221529733112,5.01307856760838,7.480570642600198,2.560445813264587,2
73,10,4.326221529733112,3.875647030831216,2.279891343474058,1.979499040350633,2
74,9,4.326221529733112,2.864777083210053,8.814621963963912,2.235697128840556,2
74,10,4.326221529733112,7.36272898647433,21.70205674838745,5.74593819252667,2
75,9,4.326221529733112,2.061333901493733,6.282283677472948,3.533170683204343,2
75,10,4.326221529733112,0.614806930119319,1.199317043616135,1.053792313683074,2
76,9,4.326221529733112,1.890166250460983,2.630411220937116,1.443304766631254,2
76,10,4.326221529733112,2.209289525928348,1.749204357680378,1.686982879343665,2
77,9,4.326221529733112,0.4034434354165448,0.853399590860794,0.3883469432811945,2
77,10,4.326221529733112,1.02247472380516,2.551346532481772,0.9842146351000806,2
78,9,4.326221529733112,3.214435484390067,1.888483060779278,1.190945455094701,2
78,10,4.326221529733112,0.9206090799287315,0.5100862396977547,0.3410848358862229,2
79,9,4.326221529733112,1.898272884070069,1.866026824387639,1.260275257049223,2
79,10,4.326221529733112,6.217076874175149,5.076834073151288,4.1275562757323,2
80,9,4.326221529733112,2.458684733810319,5.84395037138838,1.504297948409087,2
80,10,4.326221529733112,11.49911617570214,9.10816365050996,7.035508308061504,2
81,9,4.326221529733112,10.16059027295286,11.5678025883676,9.259955860771475,2
81,10,4.326221529733112,1.566901810961023,1.596377499563748,1.428011682184016,2
82,9,4.326221529733112,0.6114760293792885,0.9445646620128684,0.2968316823496855,2
82,10,4.326221529733112,5.423325099990575,3.092945536084343,2.632670188222435,2
83,9,4.326221529733112,3.006099651633043,4.218552953490222,1.822094012720452,2
83,10,4.326221529733112,15.73335208622649,119.0570456822257,9.536492451526891,2
84,9,4.326221529733112,1.755845106848736,10.38539777483272,0.3670430891999359,2
84,10,4.326221529733112,4.085140060816927,17.14684510496199,0.8539605355211054,2
85,9,4.326221529733112,0.8596227245570134,5.127942415439464,0.8012385689081822,2
85,10,4.326221529733112,3.234005037993629,6.795435099755561,3.014356757284641,2
86,9,4.326221529733112,1.486473452580025,1.3054709885422,1.275349324004099,2
86,10,4.326221529733112,3.096331360483548,2.988993440612173,2.656558783899838,2
87,9,4.326221529733112,12.55623828644698,4.955622101618752,2.948479393589642,2
87,10,4.326221529733112,0.04521666548639568,0.03413809218884663,0.01061786208512607,2
88,9,4.326221529733112,0.07565851419042573,0.05756965157725832,0.02871428871331912,2
88,10,4.326221529733112,0.0130316734255671,0.0102427144602478,0.004945844326490553,2
89,9,4.326221529733112,3.844463310772746,4.836849952681009,2.460161978323071,2
89,10,4.326221529733112,7.094151720053054,5.386116465666682,4.539713587908242,2
90,9,4.326221529733112,1.965755391842026,1.074387606820295,1.035686288651309,2
90,10,4.326221529733112,13.63004908780408,39.12247921090594,7.181185926014446,2
91,9,4.326221529733112,1.466361392028789,9.228308682467794,1.088925669887293,2
91,10,4.326221529733112,2.181628403297661,8.006962967796976,1.620085732903292,2
92,9,4.326221529733112,0.5104542883780816,1.6603518700159,0.2179769594961528,2
92,10,4.326221529733112,2.934070738092301,6.441960209440659,1.252922804249782,2
93,9,4.326221529733112,13.80766305253928,14.33721397528449,5.577601320990663,2
93,10,4.326221529733112,1.78870576298969,10.99412485281154,0.7225471528782819,2
94,9,4.326221529733112,1.339947645779105,1.218362520579139,0.6626567911195075,2
94,10,4.326221529733112,0.6183663877956721,0.6711729350637388,0.3058064899502739,2
95,9,4.326221529733112,0.482338398358686,1.668859267201639,0.1127662160969777,2
95,10,4.326221529733112,3.781512827751121,11.16702999572235,0.8840824080328933,2
96,9,4.326221529733112,3.648919849026742,7.639511615405606,1.187344551210406,2
96,10,4.326221529733112,0.9962865566500447,0.8436164289717251,0.3241878318588244,2
97,9,4.326221529733112,1.585953270983056,2.233991767427017,0.3968854703506599,2
97,10,4.326221529733112,10.09361350449564,4.734877587841786,2.525931007277656,2
98,9,4.326221529733112,34.90101990070799,244.2448748415885,37.98286611089737,2
98,10,4.326221529733112,1.553099057215434,4.649003388102424,1.6902415377832,2
99,9,4.326221529733112,0.8457643328133982,2.904468304426353,0.3509688356081373,2
99,10,4.326221529733112,2.325617667845171,3.133938499456308,0.9650670917254376,2
100,9,4.326221529733112,3.168983302238242,7.936197747603639,1.901915331876531,2
100,10,4.326221529733112,11.22384168363848,18.53242888672929,6.736165686196497,2
101,9,4.326221529733112,1.642137867066539,4.043417330466044,0.900117617446465,2
101,10,4.326221529733112,0.28244476003678,1.677627613661055,0.1548186114961828,2
102,9,4.326221529733112,6.633863687556921,6.166303916217685,3.763553201405858,2
102,10,4.326221529733112,2.625389463339189,3.41967343020184,1.489447686153204,2
103,9,4.326221529733112,6.266601193116045,2.955251438963703,2.834027787957853,2
103,10,4.326221529733112,5.558082338226376,8.409005480110427,2.513604952489214,2
104,9,4.326221529733112,1.024076608871567,4.50442968607711,0.5562615671826405,2
104,10,4.326221529733112,6.839597442772165,3.916622592105842,3.71515681488627,2
105,9,4.326221529733112,11.32372830379463,22.23819142203788,12.18283268671139,2
105,10,4.326221529733112,7.970335665547645,10.40410765114147,8.575026110239362,2
106,9,4.326221529733112,2.447049217533682,3.250729358693571,0.08380009756875659,2
106,10,4.326221529733112,1.961725354289175,7.766672867556839,0.06718000394704923,2
107,9,4.326221529733112,1.484826374338953,2.464313578317412,1.795416110665132,2
107,10,4.326221529733112,1.019735013518446,2.413551685311227,1.233038894999047,2
108,9,4.326221529733112,5.517250782093281,7.097133097839825,3.407533107947323,2
108,10,4.326221529733112,4.790765997799205,8.822355012413167,2.958845699548822,2
109,9,4.326221529733112,0.9939032575290848,1.348868287636769,0.5019971057033937,2
109,10,4.326221529733112,0.05185557764100557,0.118324749438353,0.02619102985443295,2
110,9,4.326221529733112,2.461916821169,2.340363390233464,2.124837801622025,2
110,10,4.326221529733112,1.030877019316658,1.228265289006847,0.8897321146810215,2
111,9,4.326221529733112,2.552932879751563,4.455974942272371,2.408740959424949,2
111,10,4.326221529733112,0.7756143817743806,0.7364338977673831,0.7318069914477414,2
112,9,4.326221529733112,5.789763737362807,4.67322103711222,2.712912925846528,2
112,10,4.326221529733112,7.903418744344375,5.843621965973759,3.703309468665112,2
113,9,4.326221529733112,0.23014886516398,0.3349326200143082,0.3258388412703717,2
113,10,4.326221529733112,0.6364712975615008,1.221870551640961,0.9010996858556178,2
114,9,4.326221529733112,0.9818934822245483,1.657325948436188,0.863484786481808,2
114,10,4.326221529733112,0.4866545355397427,1.743017833496693,0.4279677941836453,2
115,9,4.326221529733112,2.362651241810566,5.29072305742772,2.445835778821405,2
115,10,4.326221529733112,7.106448652290052,9.035970388057898,7.356653435150442,2
116,9,4.326221529733112,9.998111784660445,9.320321674403191,3.502473260599502,2
116,10,4.326221529733112,5.485395495172082,18.39531464150564,1.921607945525253,2
117,9,4.326221529733112,9.33532715060343,16.49368001822961,4.031177649932534,2
117,10,4.326221529733112,14.69459751247381,26.78277138358196,6.345415871495155,2
118,9,4.326221529733112,3.061988671982083,6.857272800577788,4.218462081308217,2
118,10,4.326221529733112,1.951397524544653,3.323725291021844,2.688415061157517,2
119,9,4.326221529733112,13.92570342489456,17.04903495326868,7.6710205371411,2
119,10,4.326221529733112,4.019594374436881,3.680739577738805,2.214207071375687,2
120,9,4.326221529733112,1.91433309763481,2.241680329844217,2.227575613111957,2
120,10,4.326221529733112,5.107788204436636,10.08164094096799,5.943576097180606,2
121,9,4.326221529733112,0.07934100496063741,0.1726090479615276,0.102385853787834,2
121,10,4.326221529733112,1.113000327526958,2.492395616159283,1.436274834891768,2
122,9,4.326221529733112,2.228942069733963,1.503616165469955,0.7608406902380005,2
122,10,4.326221529733112,13.73045709319991,24.9068807472758,4.686838026849366,2
123,9,4.326221529733112,2.030147267579169,2.56408385595021,0.1975187930162617,2
123,10,4.326221529733112,3.279077883010713,6.612840081801241,0.3190307993916691,2
124,9,4.326221529733112,6.198919004115285,4.22120646021186,1.346038865896542,2
124,10,4.326221529733112,2.383094810629764,1.496050515692366,0.5174673574690194,2
125,9,4.326221529733112,0.6039952272866337,0.594268635366176,0.240547153789915,2
125,10,4.326221529733112,2.586926698272284,5.430032536549173,1.030269489260766,2
126,9,4.326221529733112,9.816598759739767,6.137269823161155,5.944817646661583,2
126,10,4.326221529733112,4.542716372650728,7.398988517076387,2.75101602060676,2
127,9,4.326221529733112,12.17022971496298,8.524018574198085,3.821087906979474,2
127,10,4.326221529733112,1.846288050093721,1.833338971410439,0.5796791931002012,2
128,9,4.326221529733112,2.913375469895652,1.535221858900522,1.488769603860494,2
128,10,4.326221529733112,9.046795992528274,5.201603562881329,4.623020625105155,2
129,9,4.326221529733112,3.6709904150436,7.420914394085714,1.353513654463288,2
129,10,4.326221529733112,1.942035159052323,1.294241615121111,0.7160386729568413,2
130,9,4.326221529733112,5.001958102889762,5.007555799713385,2.311952504365447,2
130,10,4.326221529733112,1.898229253979717,4.422673488607471,0.8773795756231433,2
131,9,4.326221529733112,7.885286778767921,10.23949411326271,2.802583530878644,2
131,10,4.326221529733112,1.505804424755218,0.6339847713733333,0.5351920354889821,2
132,9,4.326221529733112,0.5769768964517618,1.949014685690338,0.1618598972485693,2
132,10,4.326221529733112,4.088676143872997,11.29978237044573,1.147000347153916,2
133,9,4.326221529733112,1.033447761354549,1.459272059047918,0.756617247168739,2
133,10,4.326221529733112,9.845142837230597,12.74819987585556,7.207916210225248,2
134,9,4.326221529733112,3.251034936848845,8.64810600195117,1.160707038240044,2
134,10,4.326221529733112,8.70515923124356,46.57633890009415,3.107976316765885,2
135,9,4.326221529733112,0.8284462352541956,0.765148766898652,0.3960833289196228,2
135,10,4.326221529733112,7.438394354781247,23.39040086129294,3.556324927899134,2
136,9,4.326221529733112,0.8810470531611063,0.9440615471341729,0.1967082038973473,2
136,10,4.326221529733112,3.421801378142347,7.37290526331403,0.7639732756302267,2
137,9,4.326221529733112,4.056648181380565,9.138256566342276,4.120942991621666,2
137,10,4.326221529733112,0.3733090845971262,0.812992672799602,0.3792257516784907,2
138,9,4.326221529733112,0.5177671521694277,0.6558986518927585,0.2959931227540594,2
138,10,4.326221529733112,1.360789738114808,1.398193912167071,0.777925757376896,2
139,9,4.326221529733112,13.30934789933505,7.898755994171209,7.352319391329212,2
139,10,4.326221529733112,6.899231546393366,3.820223005419709,3.811257641432039,2
140,9,4.326221529733112,1.030351879776126,4.162956832735384,0.205177516767514,2
140,10,4.326221529733112,13.3759167252607,9.377917872145275,2.663592343592712,2
141,9,4.326221529733112,3.61134633792349,4.745498375264513,4.736957641965027,2
141,10,4.326221529733112,17.67838156144251,23.23716345351301,23.18851109783059,2
142,9,4.326221529733112,0.2802685022989299,0.1517354158030127,0.1036667390078109,2
142,10,4.326221529733112,3.299245314416734,3.127665283059506,1.220336927363987,2
143,9,4.326221529733112,6.731925761154447,18.05677139250131,5.749539285893648,2
143,10,4.326221529733112,3.866545175742537,8.125443734619957,3.302302220397918,2
144,9,4.326221529733112,3.260847973226522,12.22590668651283,3.357965055174288,2
144,10,4.326221529733112,2.086172691851875,3.610243395120075,2.148304691238311,2
145,9,4.326221529733112,2.804118385316017,7.751698747020593,3.729310462984862,2
145,10,4.326221529733112,1.870947120538728,4.772379741289627,2.488248252589432,2
146,9,4.326221529733112,4.487432035506862,2.037813085118218,1.308655455348637,2
146,10,4.326221529733112,10.40174416232369,3.245870727544477,3.033427389085394,2
147,9,4.326221529733112,8.685261932283035,57.00643766149645,3.012305790298416,2
147,10,4.326221529733112,0.006436090259375141,0.02063867565236847,0.002232226512724496,2
148,9,4.326221529733112,3.737963192776459,4.007001930685702,1.8546114601241,2
148,10,4.326221529733112,3.711656988453246,3.825123146822965,1.841559488904993,2
149,9,4.326221529733112,9.021981464177953,5.222078504574806,4.41570152044561,2
149,10,4.326221529733112,8.821507100728322,29.97344228065898,4.317581727691684,2
150,9,4.326221529733112,3.011218502926699,11.01540514145374,3.230259258254232,2
150,10,4.326221529733112,3.584881959780876,8.043423553415238,3.845651894432663,2
151,9,4.326221529733112,7.735324396672794,15.63497155424654,1.981468025772846,2
151,10,4.326221529733112,1.897133484282016,0.6640682036657028,0.4859666055304364,2
152,9,4.326221529733112,10.67393303907482,11.96577663598997,6.546078345114151,2
152,10,4.326221529733112,9.431998833035617,6.222260136881409,5.784428578111827,2
153,9,4.326221529733112,0.3854297941754063,0.5681362737797493,0.2598757972368176,2
153,10,4.326221529733112,7.119720552741064,7.393325579719924,4.800467121918725,2
154,9,4.326221529733112,6.705873362768593,9.15639306487161,2.077416867326134,2
154,10,4.326221529733112,8.054921153720596,10.47675210029462,2.495339259256853,2
155,9,4.326221529733112,16.65878777710838,38.81115555071548,10.75013643402728,2
155,10,4.326221529733112,6.359343480074084,8.205279628178159,4.103768590868307,2
156,9,4.326221529733112,5.390864707307294,4.75352914326893,1.328100404947488,2
156,10,4.326221529733112,6.32417966804607,1.598068822455241,1.558033086363241,2
157,9,4.326221529733112,5.887059649526077,25.4945647946752,2.837795510813339,2
157,10,4.326221529733112,6.677695891527764,47.39498261574258,3.218913439254804,2
158,9,4.326221529733112,2.895036641615954,4.7501326078449,3.128204502242297,2
158,10,4.326221529733112,11.5489361902316,23.40352701687819,12.47909393168366,2
159,9,4.326221529733112,0.3394966978253803,1.671660799904811,0.4625161449063306,2
159,10,4.326221529733112,5.306871940446571,10.35959223157002,7.229861047630579,2
160,9,4.326221529733112,1.527071847517691,3.754626582320256,1.357556532675862,2
160,10,4.326221529733112,3.195146644479243,3.3883009153489,2.84046373267968,2
161,9,4.326221529733112,0.8462222086336165,8.837230126820018,0.6928762722017677,2
161,10,4.326221529733112,0.5552230046488967,0.8539737847457074,0.4546097251724976,2
162,9,4.326221529733112,17.63427879978311,28.09972405488422,19.24661938098927,2
162,10,4.326221529733112,1.540589558336588,1.906379848639551,1.681449022570481,2
163,9,4.326221529733112,13.32367640579756,8.010628758756292,6.998037498147848,2
163,10,4.326221529733112,1.587400522423903,0.9397136484597743,0.8337554922654992,2
164,9,4.326221529733112,2.171144184303854,1.237854349773597,1.23526445506536,2
164,10,4.326221529733112,5.436258212770555,3.693705493533792,3.092939007616272,2
165,9,4.326221529733112,0.0627764046989857,0.1351624686562964,0.06925375437447165,2
165,10,4.326221529733112,10.10795860691432,15.54117783146632,11.1509106956213,2
166,9,4.326221529733112,1.846013298829679,6.595430316727985,1.124704246372984,2
166,10,4.326221529733112,2.632351511242714,4.333214439796908,1.603789595946016,2
167,9,4.326221529733112,0.7659750971190199,0.6028357466824582,0.0795177358089753,2
167,10,4.326221529733112,7.98745510211961,19.97671857027779,0.8291971200960703,2
168,9,4.326221529733112,0.373229996832755,1.085104338566527,0.2813365484539209,2
168,10,4.326221529733112,1.574731957492407,3.841529115695868,1.187015131207481,2
169,9,4.326221529733112,7.355192553823226,20.18863600647293,1.848643236848518,2
169,10,4.326221529733112,0.1475638389223173,0.08073394495693627,0.03708847740299448,2
170,9,4.326221529733112,1.293531878851779,0.28929502055722,0.2890309503758838,2
170,10,4.326221529733112,6.518331475377376,14.73737061456553,1.456477085717993,2
171,9,4.326221529733112,2.239752802403408,3.887801178509902,1.479953086911822,2
171,10,4.326221529733112,0.444624537811481,0.4616941833165643,0.2937928938161119,2
172,9,4.326221529733112,2.41965860580057,2.272172592331218,1.621569097870794,2
172,10,4.326221529733112,0.8107235100676874,0.638484214469186,0.5433180481294131,2
173,9,4.326221529733112,2.456053381131919,6.589312193381338,0.7874355938682668,2
173,10,4.326221529733112,4.151256554804798,2.98029737555557,1.330934903795023,2
174,9,4.326221529733112,2.569648764169073,3.199137008000249,0.9636842136925032,2
174,10,4.326221529733112,0.3878798532776351,0.7504653968171117,0.1454648964578986,2
175,9,4.326221529733112,1.078271973400506,0.8051689521662898,0.7825477020645544,2
175,10,4.326221529733112,1.786028233626464,1.297149310865856,1.296196437007522,2
176,9,4.326221529733112,4.82859292745597,6.600474655095246,3.509422441459096,2
176,10,4.326221529733112,1.945973290173229,3.312024455634273,1.414333831328381,2
177,9,4.326221529733112,7.964561458641211,29.47670917419266,5.132838186642648,2
177,10,4.326221529733112,11.33104554818053,81.40347639840003,7.302401216477101,2
178,9,4.326221529733112,1.083664080487577,3.357511518645357,0.5380233681701933,2
178,10,4.326221529733112,1.733558644259385,2.097486124317968,0.8606865148518503,2
179,9,4.326221529733112,6.045283257778395,12.39024669816073,4.719418429777343,2
179,10,4.326221529733112,2.479026702100853,4.768386932381081,1.935321110181432,2
180,9,4.326221529733112,0.2161645293515834,0.7410297460635881,0.1025020102110131,2
180,10,4.326221529733112,0.4643984202041294,0.8861029998320107,0.220210835480411,2
181,9,4.326221529733112,2.252005079092139,3.837508947187033,0.6256227200524184,2
181,10,4.326221529733112,3.188921322846457,12.49111445153924,0.8859045881178186,2
182,9,4.326221529733112,1.252197197121953,0.7350127139634813,0.7110026959623633,2
182,10,4.326221529733112,0.8437633286045048,0.8281745956639059,0.4790922729829061,2
183,9,4.326221529733112,1.766373559071041,2.609723535102211,1.401159210287954,2
183,10,4.326221529733112,0.4642194059756237,0.6037723419822496,0.3682376770965853,2
184,9,4.326221529733112,1.969381090130304,1.469570920260886,0.6577738774553625,2
184,10,4.326221529733112,7.628121782459374,19.10947535760216,2.547794973606671,2
185,9,4.326221529733112,2.297074713971533,1.320218053284568,0.5710407155671618,2
185,10,4.326221529733112,5.354364366707124,1.756661579224758,1.331066874218198,2
186,9,4.326221529733112,4.06840928080073,11.83063531380936,5.62139215530329,2
186,10,4.326221529733112,9.40580892197778,17.07147359632206,12.9961704535983,2
187,9,4.326221529733112,0.1739439573041837,0.2091879302115198,0.02902307667597099,2
187,10,4.326221529733112,0.3380270358862059,0.3145295329957096,0.05640083583886928,2
188,9,4.326221529733112,1.370108125180762,5.137070233201042,0.4884896564838535,2
188,10,4.326221529733112,12.02055101917665,9.630109393598177,4.285730980049138,2
189,9,4.326221529733112,0.2717805373658974,0.3166511390283167,0.2392857077416194,2
189,10,4.326221529733112,5.964220328659254,5.913488562542717,5.251121718656446,2
190,9,4.326221529733112,5.716528960336307,4.511056189983973,2.022687655144803,2
190,10,4.326221529733112,0.6154095919504111,0.5587931030765855,0.2177512600972751,2
191,9,4.326221529733112,1.197451097816155,4.056234318569454,0.1989670867166542,2
191,10,4.326221529733112,2.87615752147074,0.9701656101400046,0.4778990006597207,2
192,9,4.326221529733112,0.1370969902558789,0.1243342427812348,0.09590896373204028,2
192,10,4.326221529733112,1.790916575208218,5.082375731257866,1.252871799287288,2
193,9,4.326221529733112,0.7996406945769452,2.701930744288187,0.695779415055056,2
193,10,4.326221529733112,2.32381494064642,9.359981487384999,2.021986388467357,2
194,9,4.326221529733112,9.455513880154074,73.90977999041677,12.46634794528343,2
194,10,4.326221529733112,1.715665147147791,9.11401016302489,2.261968937175495,2
195,9,4.326221529733112,1.131325909961806,0.5201334144761843,0.4940213145005847,2
195,10,4.326221529733112,6.108347154402225,9.350722763482842,2.667360186902792,2
196,9,4.326221529733112,8.928931166512001,26.63477556743212,3.508414695174884,2
196,10,4.326221529733112,5.089523922010383,10.91621037768708,1.999809404556164,2
197,9,4.326221529733112,2.719347824887897,3.067228476779739,3.062822973242492,2
197,10,4.326221529733112,8.607728151201414,15.75809013080613,9.694952329245579,2
198,9,4.326221529733112,2.817739679093033,2.512849129985379,2.211159983075194,2
198,10,4.326221529733112,5.292670200020542,5.034840358420384,4.153307928597193,2
199,9,4.326221529733112,6.723755040265029,2.907700371635636,1.327945311781424,2
199,10,4.326221529733112,3.881149643146985,2.763283666628324,0.7665291852655051,2
200,9,4.326221529733112,3.671210197858543,10.69363735163289,2.325071133050891,2
200,10,4.326221529733112,0.597106151465881,0.4057222356118598,0.3781625680137443,2
201,9,4.326221529733112,18.42079083938891,10.98181956845544,9.900257453920174,2
201,10,4.326221529733112,4.347935929766173,2.488792264388916,2.336798972050153,2
202,9,4.326221529733112,1.897872528074644,1.297934506150996,1.203025604688603,2
202,10,4.326221529733112,0.3357090289374696,0.9351506074276541,0.2127996225050151,2
203,9,4.326221529733112,7.832628609570663,26.2575464280465,5.696593662528938,2
203,10,4.326221529733112,16.19197946990666,74.05128646262246,11.77626723158587,2
204,9,4.326221529733112,6.481943927444775,14.1988734682478,4.185191264785193,2
204,10,4.326221529733112,6.412150553747768,4.477448233603213,4.140127836096795,2
205,9,4.326221529733112,2.799580861734082,14.2046946892213,4.731482183992625,2
205,10,4.326221529733112,0.4485723264758278,2.488570517909407,0.7581177596841639,2
206,9,4.326221529733112,9.583769739113398,4.632470051622383,2.712468342639034,2
206,10,4.326221529733112,1.643223176222939,0.4711139777881119,0.4650769964980213,2
207,9,4.326221529733112,3.15526942760988,4.611108579240718,0.6453399542319981,2
207,10,4.326221529733112,0.1090599749864103,0.1697345245304344,0.02230578430178192,2
208,9,4.326221529733112,8.302335940485094,12.86649201854606,6.826791872366287,2
208,10,4.326221529733112,38.95467824768222,35.91485072894933,32.03140450570379,2
209,9,4.326221529733112,3.364036668184966,3.818227693261902,2.330022683297399,2
209,10,4.326221529733112,2.494616136719803,5.359935318944034,1.727838533880474,2
210,9,4.326221529733112,1.184473385744745,1.156971594537605,0.4871830974566457,2
210,10,4.326221529733112,0.6589830408619778,1.598160532143897,0.2710448397425818,2
211,9,4.326221529733112,5.147149648018263,26.65662125883841,2.510060772189351,2
211,10,4.326221529733112,4.266529405203872,4.691182271400852,2.080617200923591,2
212,9,4.326221529733112,3.407781502894691,45.46483887844168,3.782580169100486,2
212,10,4.326221529733112,3.29241037957718,24.1956051637974,3.65452016209095,2
213,9,4.326221529733112,6.511339613157117,3.472690685734233,1.777498942961001,2
213,10,4.326221529733112,4.477177210336583,3.036474286891832,1.222202838681873,2
214,9,4.326221529733112,2.317007217172045,5.179576757164528,1.965432538675856,2
214,10,4.326221529733112,4.740639212586952,6.627338331615027,4.021310979735819,2
215,9,4.326221529733112,8.475066976978871,8.320149028902428,1.922299401125724,2
215,10,4.326221529733112,2.410582396500201,0.6941829982670917,0.5467639500364626,2
216,9,4.326221529733112,1.884682825552092,2.714986467645187,0.6127873246505615,2
216,10,4.326221529733112,2.228971362007159,2.688873165829293,0.7247295826802944,2
217,9,4.326221529733112,5.538989494434259,8.770888846469555,4.119155818587007,2
217,10,4.326221529733112,4.455295391301951,10.79934215594001,3.31324981804822,2
218,9,4.326221529733112,12.92056705295972,13.52602467297338,12.39357182664688,2
218,10,4.326221529733112,5.749063093637071,10.9008995023544,5.514574251645882,2
219,9,4.326221529733112,4.751063956282414,4.961276517583477,2.749477949209021,2
219,10,4.326221529733112,8.223085169583543,6.620038814614851,4.758763838222204,2
220,9,4.326221529733112,3.138577555047389,9.37114676694128,1.347254456738581,2
220,10,4.326221529733112,6.640018473620943,3.24147847192142,2.850270329317147,2
221,9,4.326221529733112,3.254580241113713,7.15025262420995,2.005088542774896,2
221,10,4.326221529733112,0.2994645953272393,1.838158696625067,0.1844947687791203,2
222,9,4.326221529733112,11.91794121552315,12.9340601168529,7.645798333510231,2
222,10,4.326221529733112,4.221551969335919,3.861849909593827,2.708281105627064,2
223,9,4.326221529733112,6.736964535198929,12.41285224707828,5.198860577632098,2
223,10,4.326221529733112,5.564433036979306,12.66604540929365,4.294027584927928,2
224,9,4.326221529733112,1.955192657942654,0.4316779590483081,0.3746633870472283,2
224,10,4.326221529733112,1.625045946431284,0.3177056952458419,0.3113990920147835,2
225,9,4.326221529733112,8.333870889824688,23.54354769118345,4.72301644345683,2
225,10,4.326221529733112,16.99634245223962,60.02873157426739,9.63225923964845,2
226,9,4.326221529733112,9.542192090368514,24.08803628438906,8.07775805274343,2
226,10,4.326221529733112,0.898710916907326,1.368925093450565,0.7607863347735462,2
227,9,4.326221529733112,4.509033283724682,3.062848143678376,0.6240050075758865,2
227,10,4.326221529733112,6.835605452688646,20.11966629965648,0.9459792740246257,2
228,9,4.326221529733112,1.515786354429372,7.809583755545058,0.6577224802266839,2
228,10,4.326221529733112,4.876008471855564,5.970679029657797,2.115773358391581,2
229,9,4.326221529733112,0.7162588358809217,0.2295793765552341,0.126618855563866,2
229,10,4.326221529733112,3.620734466493986,2.517248904414123,0.640066455702798,2
230,9,4.326221529733112,2.716708772173046,7.97538738678811,3.865995610615425,2
230,10,4.326221529733112,8.07615686825581,53.3122750950593,11.49272506612638,2
231,9,4.326221529733112,7.582129872674327,15.93077385188734,5.532394595363067,2
231,10,4.326221529733112,4.45092245243938,3.294205711604651,3.247670474361108,2
232,9,4.326221529733112,2.248227577330917,2.634556084001296,1.812477901326001,2
232,10,4.326221529733112,2.014451051563448,1.778746666280665,1.624011755338531,2
233,9,4.326221529733112,5.934484541188938,115.8880521008607,3.78820054808566,2
233,10,4.326221529733112,1.555334285755671,12.54075846450135,0.9928272881768502,2
234,9,4.326221529733112,2.369020114563187,12.38078366131139,1.713717011319611,2
234,10,4.326221529733112,10.11106823646703,70.4161371971622,7.31420958941156,2
235,9,4.326221529733112,10.14471387109843,93.66866551060708,9.44155309801574,2
235,10,4.326221529733112,3.509224137287437,13.36582331208115,3.265989208372849,2
236,9,4.326221529733112,0.7333309488300085,0.4156663038037646,0.3080243957352402,2
236,10,4.326221529733112,0.6228622839117436,0.328455420223194,0.2616237306420572,2
237,9,4.326221529733112,1.842470220164818,3.075257686189881,1.463314797557842,2
237,10,4.326221529733112,0.2329142629844433,0.2141545195802217,0.184983661530728,2
238,9,4.326221529733112,2.637215727700807,2.229344687666367,1.295845881313155,2
238,10,4.326221529733112,1.298645918471586,1.067778809396129,0.6381142608317036,2
239,9,4.326221529733112,1.070991017695383,2.861870251815749,1.026180239271027,2
239,10,4.326221529733112,3.083579232860419,18.1531260551211,2.954560797154963,2
240,9,4.326221529733112,4.762630852223564,9.738329503086035,2.526537018052712,2
240,10,4.326221529733112,3.858225881719664,2.133886672370336,2.046757520504176,2
241,9,4.326221529733112,0.1118718055194435,0.02700485352166486,0.02590691278608799,2
241,10,4.326221529733112,7.495094956544019,3.770359518630244,1.735689975334188,2
242,9,4.326221529733112,10.94084607612775,7.379095389391429,5.168328561909412,2
242,10,4.326221529733112,20.96691838013179,24.27821791659612,9.904528622855043,2
243,9,4.326221529733112,3.322367108520439,4.580100305273112,2.39964218776475,2
243,10,4.326221529733112,0.6707698330978918,1.445092873089677,0.4844761392122117,2
244,9,4.326221529733112,7.770613800048373,2.45931562047702,0.8861900200638663,2
244,10,4.326221529733112,9.124296841236372,1.992493415374752,1.040569124765099,2
245,9,4.326221529733112,0.7209654131710588,0.5766077991443586,0.434035559664766,2
245,10,4.326221529733112,5.180669143416135,3.124378394932878,3.1188661619848,2
246,9,4.326221529733112,1.886540626519699,2.90171386171355,1.743561246161087,2
246,10,4.326221529733112,9.397978767150892,15.82379570780124,8.685713596784785,2
247,9,4.326221529733112,0.3103162881042585,1.03337551450681,0.2066229153783504,2
247,10,4.326221529733112,2.805112670487523,8.749947086147372,1.867773559298797,2
248,9,4.326221529733112,11.39697459662867,66.24697227634792,4.306150592271977,2
248,10,4.326221529733112,9.695394879519705,95.13357318826148,3.663237997837114,2
249,9,4.326221529733112,0.5539340177939376,0.6119477475241661,0.05786661716944597,2
249,10,4.326221529733112,10.29215609536744,5.335205285536783,1.07516822850255,2
250,9,4.326221529733112,5.209459826063293,7.685073103580831,6.162635269151057,2
250,10,4.326221529733112,5.967290809237777,10.74028928163054,7.059126671503559,2
251,9,4.326221529733112,7.835208783155794,8.125077277899877,4.218343868455573,2
251,10,4.326221529733112,2.215691215168675,4.159383101913678,1.192890669613163,2
252,9,4.326221529733112,1.063089812821091,2.141562160983885,1.047716819593147,2
252,10,4.326221529733112,2.353220206652486,2.981647109898576,2.319191060794405,2
253,9,4.326221529733112,1.201063055736484,5.970651186437411,0.05798391081304852,2
253,10,4.326221529733112,1.373442055239331,4.658055086683936,0.06630587899405013,2
254,9,4.326221529733112,0.6450106630038067,0.3617808047388634,0.2722737976912862,2
254,10,4.326221529733112,1.605738744668021,0.6778513537600488,0.6778191605000184,2
255,9,4.326221529733112,0.3007036200071065,0.6988817108250265,0.1008035705273602,2
255,10,4.326221529733112,10.16378280852771,57.6850178445704,3.407160835443154,2
256,9,4.326221529733112,0.6608219617874186,6.324415914342818,0.579345906050851,2
256,10,4.326221529733112,1.145039620168969,3.696794297431471,1.003861939480026,2
257,9,4.326221529733112,0.447978931610609,0.4573826462763791,0.2879552019873888,2
257,10,4.326221529733112,0.08885723814997946,0.05810516736147105,0.05711631095580053,2
258,9,4.326221529733112,1.356716782592994,1.956823417512814,1.334202838494727,2
258,10,4.326221529733112,4.572784279053993,7.224683480221086,4.496901522274578,2
259,9,4.326221529733112,3.66687756070608,7.066293555902749,2.778686449343469,2
259,10,4.326221529733112,0.01508760814031444,0.04744557593981216,0.0114330875788564,2
260,9,4.326221529733112,4.799870092779921,26.56462898563177,0.7816573063996057,2
260,10,4.326221529733112,0.406354223972036,0.2461666178971475,0.06617465514991124,2
261,9,4.326221529733112,1.52003855413642,5.818198263581109,0.4199980516445402,2
261,10,4.326221529733112,1.286579399442089,6.922598033766649,0.3554915364358474,2
262,9,4.326221529733112,3.6109077937946,2.7147264472053,1.92678030094218,2
262,10,4.326221529733112,9.207665446267287,6.152424059119438,4.913210032674395,2
263,9,4.326221529733112,2.058939591210605,2.480137354775654,1.080967222577498,2
263,10,4.326221529733112,1.747755237076013,1.123492706713596,0.9175918188335449,2
264,9,4.326221529733112,6.547095129090338,9.201665553955626,8.774475535228349,2
264,10,4.326221529733112,6.449276258888356,10.23976419325061,8.643377809206729,2
265,9,4.326221529733112,0.8094064280254055,5.703771445784691,0.8274200089369175,2
265,10,4.326221529733112,1.301781872932533,14.23428780295846,1.330753415887062,2
266,9,4.326221529733112,0.2333588279838475,0.3917069008812045,0.01928134056881814,2
266,10,4.326221529733112,1.237845053330502,0.7319789601074608,0.1022773050880436,2
267,9,4.326221529733112,6.677051013852949,7.464444213535667,2.924493766560669,2
267,10,4.326221529733112,3.786930477961795,1.674820328644325,1.658644595379123,2
268,9,4.326221529733112,4.167282345992344,2.538167357664221,1.407833805311799,2
268,10,4.326221529733112,17.9358163768511,13.21952829885865,6.059260334371008,2
269,9,4.326221529733112,9.168462962834434,12.33605235122154,12.09205256771062,2
269,10,4.326221529733112,1.141563373313171,1.671097743053983,1.505578893150533,2
270,9,4.326221529733112,0.3940581327469614,0.8778421404407627,0.4344100683253239,2
270,10,4.326221529733112,3.589197089962644,11.28617376943432,3.956734358493579,2
271,9,4.326221529733112,0.1262564703093847,0.3343557811571733,0.004959254107904905,2
271,10,4.326221529733112,0.04789697555056279,0.1246918016915658,0.001881355245978972,2
272,9,4.326221529733112,2.993106389246562,1.381501055310988,0.9245432455039331,2
272,10,4.326221529733112,0.9601344281494202,2.400132257650771,0.2965767616916484,2
273,9,4.326221529733112,3.092247922693624,3.009827239559301,2.767821628578425,2
273,10,4.326221529733112,3.031031946335911,2.893735467988052,2.713028187815165,2
274,9,4.326221529733112,15.76265573093463,9.249634674766979,9.064119289806266,2
274,10,4.326221529733112,0.1011347899516631,0.1528463603098306,0.05815630412280914,2
275,9,4.326221529733112,6.4462541154022,4.988686051519954,4.485772089859793,2
275,10,4.326221529733112,7.611076586817936,15.4574487726828,5.296340218012497,2
276,9,4.326221529733112,5.975656007074917,4.720349153572635,3.903723568825675,2
276,10,4.326221529733112,12.57953934820888,15.03158111803306,8.217849919813386,2
277,9,4.326221529733112,0.05295537067520392,0.03431274744323581,0.02911719579063913,2
277,10,4.326221529733112,7.487737327016805,4.579851350795374,4.117087860962001,2
278,9,4.326221529733112,5.122425466468579,5.29480404323844,2.218298747944062,2
278,10,4.326221529733112,6.15103415787457,5.470796508889559,2.663744247777434,2
279,9,4.326221529733112,3.162640189769446,3.648472315966846,3.612039242875152,2
279,10,4.326221529733112,6.705020693051533,9.483854183548974,7.657778442813506,2
280,9,4.326221529733112,1.366611853355572,4.777690987572806,0.8526899581374269,2
280,10,4.326221529733112,4.864952069124194,34.71956376289876,3.035460116913513,2
281,9,4.326221529733112,7.135913133734362,4.284624550450648,3.390363460200138,2
281,10,4.326221529733112,0.0910652358731795,0.5655327336164168,0.04326625652705539,2
282,9,4.326221529733112,1.03135406963205,0.4265239863032281,0.4261512676223252,2
282,10,4.326221529733112,5.989269838774954,2.499577225831195,2.474741710028532,2
283,9,4.326221529733112,1.102547670748704,1.101652879302921,1.096963920835547,2
283,10,4.326221529733112,3.395602622291588,5.148813568175622,3.378405909305507,2
284,9,4.326221529733112,0.5890003996704378,0.3014679417477906,0.2085276621129764,2
284,10,4.326221529733112,1.022722185823853,0.8054484144939651,0.3620810215413253,2
285,9,4.326221529733112,1.77094838135143,3.818028437445717,0.01135271357026389,2
285,10,4.326221529733112,0.1873718492583756,0.336641877743828,0.001201152421019594,2
286,9,4.326221529733112,4.03805428605345,9.096991670863117,3.652298890059938,2
286,10,4.326221529733112,3.877367634105277,8.788515315713722,3.506962636759753,2
287,9,4.326221529733112,0.8361084036909924,0.4615049813742912,0.3272572175081193,2
287,10,4.326221529733112,6.302580458806114,4.148802668808897,2.466863070583625,2
288,9,4.326221529733112,4.895980334176034,3.231536101394858,1.197012186838905,2
288,10,4.326221529733112,6.478217948707391,30.93370440939574,1.583851507627904,2
289,9,4.326221529733112,5.514021662605931,4.52013512383079,3.648449567207769,2
289,10,4.326221529733112,3.326138381000359,5.316148168633679,2.200798052523207,2
290,9,4.326221529733112,0.7984188300799046,0.4583135742064569,0.4581094262204089,2
290,10,4.326221529733112,9.763462999407793,8.075647725308837,5.601990163652919,2
291,9,4.326221529733112,3.866581230697603,6.076977832881902,4.989380626795886,2
291,10,4.326221529733112,4.613354691426115,7.890859640391776,5.953006324862995,2
292,9,4.326221529733112,0.1431910991843633,0.2305049345936195,0.09117578095798655,2
292,10,4.326221529733112,0.2547378244380318,0.2513170574816713,0.1622022612786279,2
293,9,4.326221529733112,5.877324627202901,3.949928119485107,3.934131836306078,2
293,10,4.326221529733112,1.637614451352138,1.141372664949932,1.096177522480237,2
294,9,4.326221529733112,1.852416365816896,2.267651579135446,1.247272799063744,2
294,10,4.326221529733112,0.7826595662264991,0.5650089438416724,0.5269819495741996,2
295,9,4.326221529733112,3.240954783421326,2.172696601463436,0.3047492828327337,2
295,10,4.326221529733112,5.471748994916697,2.282460638001789,0.514512448791797,2
296,9,4.326221529733112,5.968655037447911,39.27959415066321,0.4390223125181853,2
296,10,4.326221529733112,4.923518948348391,50.80747909289347,0.3621476967372616,2
297,9,4.326221529733112,1.584152044776289,12.30174286584829,0.6794465364721287,2
297,10,4.326221529733112,2.852838475508439,9.895954999391508,1.223589129395952,2
298,9,4.326221529733112,1.119038913006762,0.5839744248941846,0.497510780047221,2
298,10,4.326221529733112,11.64777151626268,8.221740084386484,5.17845431960652,2
299,9,4.326221529733112,1.011524166933099,1.289258367536205,0.5731739879242993,2
299,10,4.326221529733112,1.077675374995438,4.424490194782444,0.6106581657329834,2
300,9,4.326221529733112,3.37566612633852,9.595001587221553,1.030756527405864,2
300,10,4.326221529733112,2.143903637662663,11.3646093728673,0.6546389915186643,2
301,9,4.326221529733112,13.94345009671805,18.11788831083667,14.37031702826667,2
301,10,4.326221529733112,8.153170306884668,9.10919257411746,8.402772719999943,2
302,9,4.326221529733112,0.7295074622020953,0.565157907173782,0.2225701639985475,2
302,10,4.326221529733112,8.07294730584451,2.463789625322811,2.463027863196386,2
303,9,4.326221529733112,2.292528502131013,3.240154950075441,1.351693890234435,2
303,10,4.326221529733112,0.4238899819835555,0.4567017175329974,0.2499290622760655,2
304,9,4.326221529733112,1.932848130131603,4.558055774586077,0.7954000996170196,2
304,10,4.326221529733112,1.62509085756215,6.148983748833156,0.6687527125597976,2
305,9,4.326221529733112,3.053152008773746,5.409278376236054,1.292933520668362,2
305,10,4.326221529733112,2.88238597760948,7.19559749810029,1.220618377089103,2
306,9,4.326221529733112,1.342617068777091,5.406373633631322,0.2783334589327823,2
306,10,4.326221529733112,25.08959151073839,33.6407322424026,5.201239393414705,2
307,9,4.326221529733112,2.243584336515254,1.559675529325099,0.5662097989615481,2
307,10,4.326221529733112,12.98675973325844,6.215046860979577,3.277447831157203,2
308,9,4.326221529733112,8.289580524112354,20.44883205942996,7.946213866481047,2
308,10,4.326221529733112,1.371695228509539,7.503214702520334,1.314877588035196,2
309,9,4.326221529733112,2.734703964325834,14.02672545113615,3.552579470338656,2
309,10,4.326221529733112,7.611752703542269,13.66678210030433,9.888220714436757,2
310,9,4.326221529733112,3.18864797792141,3.217412385856892,3.131105532907021,2
310,10,4.326221529733112,3.410361961977107,3.491598096555089,3.348818459202569,2
311,9,4.326221529733112,1.159029296859964,0.7485556514245965,0.5861175443487731,2
311,10,4.326221529733112,0.585474248115307,0.3238972712627872,0.2960725233731938,2
312,9,4.326221529733112,3.565464115801867,13.42404580892054,7.886654485616146,2
312,10,4.326221529733112,10.94707382161242,47.92761523112734,24.21446018120249,2
313,9,4.326221529733112,0.3336230483842962,0.4867887099934983,0.2031158559653521,2
313,10,4.326221529733112,4.243661804641692,3.521942753922699,2.583619459301844,2
314,9,4.326221529733112,7.026091093199278,12.61450716504337,11.78169827879898,2
314,10,4.326221529733112,10.12277556486483,19.86854144382996,16.97437250204089,2
315,9,4.326221529733112,4.093198742670848,9.524826512579383,4.901625086111753,2
315,10,4.326221529733112,0.02281704232853622,0.1380870491908879,0.02732351740034248,2
316,9,4.326221529733112,1.016988265722455,3.646143148213605,1.021065656712231,2
316,10,4.326221529733112,10.68204985427339,93.15840271514408,10.72487718600982,2
317,9,4.326221529733112,0.7947802700155712,2.780678832137709,0.6061919245404944,2
317,10,4.326221529733112,6.940677403242645,24.51680338962829,5.293768292214841,2
318,9,4.326221529733112,2.341467614503255,1.855173450237175,0.8964453127423305,2
318,10,4.326221529733112,5.965433255213901,2.65771741670726,2.283902902175413,2
319,9,4.326221529733112,2.837356810114614,1.873935098668583,1.873661758330234,2
319,10,4.326221529733112,3.404344817050069,2.331978312817717,2.248074924217512,2
320,9,4.326221529733112,2.659380460142791,2.028138927926757,1.416952901727446,2
320,10,4.326221529733112,5.217743057980391,11.60757037345549,2.780082157209121,2
321,9,4.326221529733112,1.113296379241469,5.677825977821618,0.6999663566125494,2
321,10,4.326221529733112,3.432514333051115,8.066772725397689,2.158135602096502,2
322,9,4.326221529733112,0.1413446326796943,0.2341371767500998,0.1995784462594705,2
322,10,4.326221529733112,0.8416756370467618,1.232908211926314,1.188444956922478,2
323,9,4.326221529733112,2.058472281899053,2.449708710186887,0.3370577838235481,2
323,10,4.326221529733112,2.973216624459925,2.551780614724802,0.486839592196626,2
324,9,4.326221529733112,7.594576267732922,9.456008310935097,8.90192319000476,2
324,10,4.326221529733112,2.369503711625297,3.666926590469676,2.777395248361389,2
325,9,4.326221529733112,3.822602118249152,7.858912464548506,3.062255380846222,2
325,10,4.326221529733112,2.022310614100663,6.138720157215965,1.620056539551298,2
326,9,4.326221529733112,0.4229819678519249,0.4469671715322118,0.02811592717029369,2
326,10,4.326221529733112,3.307878277178828,1.817725651914995,0.2198771385023081,2
327,9,4.326221529733112,3.656360894092225,2.602041343035471,2.361420767789119,2
327,10,4.326221529733112,11.63371243611652,15.30073647225502,7.513506174272947,2
328,9,4.326221529733112,0.4004806652597209,0.3908779563518333,0.3048438198457138,2
328,10,4.326221529733112,0.9781403057493161,1.132624935528857,0.7445553631316991,2
329,9,4.326221529733112,1.143022185120541,6.917158901556894,1.313695846526025,2
329,10,4.326221529733112,13.38791470618067,34.353943049614,15.38696988746502,2
330,9,4.326221529733112,1.729389430414563,7.545200827234296,1.364540956087644,2
330,10,4.326221529733112,1.233470364429401,2.073872664480689,0.9732457020861975,2
331,9,4.326221529733112,3.409752532238112,2.761109689821722,0.5900033058941353,2
331,10,4.326221529733112,5.85542530443159,4.326851358685969,1.013187981933452,2
332,9,4.326221529733112,4.546823128808946,5.63142300275203,1.369150591091048,2
332,10,4.326221529733112,9.089718275928286,8.071401765438177,2.73711837865098,2
333,9,4.326221529733112,1.665135404697092,3.700281701232501,1.218060364321561,2
333,10,4.326221529733112,14.06479664387059,31.21372900469456,10.28851544193678,2
334,9,4.326221529733112,3.685443899701599,13.62902109192071,0.722400046390531,2
334,10,4.326221529733112,4.490638138638782,7.147514835649393,0.8802297058268624,2
335,9,4.326221529733112,1.206937819613394,1.908333213695392,0.423033976205893,2
335,10,4.326221529733112,1.764965488630651,2.634666148119872,0.6186237239303387,2
336,9,4.326221529733112,0.699596375884127,0.4041533576018829,0.1622660802651688,2
336,10,4.326221529733112,1.200774697219793,0.2836955876206327,0.2785105957034325,2
337,9,4.326221529733112,1.597106094380146,2.825400373703154,1.170353797708056,2
337,10,4.326221529733112,1.739952978570118,4.204918830779076,1.275031498200697,2
338,9,4.326221529733112,5.944161824450669,7.447012628836814,6.322070208978586,2
338,10,4.326221529733112,10.39630475630172,13.57259222827331,11.05726434178154,2
339,9,4.326221529733112,1.111998977865446,0.9662735649089551,0.761475194037604,2
339,10,4.326221529733112,2.692241246813094,14.46880005323106,1.843594253789958,2
340,9,4.326221529733112,0.7659141339445074,0.7358716467530169,0.7265926729676189,2
340,10,4.326221529733112,2.932229634566029,3.229444708530556,2.781691149844427,2
341,9,4.326221529733112,0.01228985949142364,0.0199145359732954,0.005215810031873666,2
341,10,4.326221529733112,9.563643443321615,17.17823523445419,4.058805346615189,2
342,9,4.326221529733112,7.393161589893937,9.207994569072318,6.360044355664242,2
342,10,4.326221529733112,1.982008361488845,5.140569989227155,1.705043361908623,2
343,9,4.326221529733112,0.9971575053071339,1.547912131932789,0.07675643245951241,2
343,10,4.326221529733112,1.5681851442909,0.6561893413091088,0.1207114186787379,2
344,9,4.326221529733112,1.300761706561142,1.314825115285185,0.7243188693245975,2
344,10,4.326221529733112,1.03838410416515,1.738108716351795,0.5782159764234903,2
345,9,4.326221529733112,1.253197411498537,4.564699913854601,0.7242788052627007,2
345,10,4.326221529733112,4.201080484407619,6.444988600716422,2.427992211076116,2
346,9,4.326221529733112,1.649538893027539,1.810933217186724,0.160970025113644,2
346,10,4.326221529733112,0.1501332671193124,0.1960194222691203,0.01465073414197193,2
347,9,4.326221529733112,1.738922838117351,2.637534899702209,1.798047660781877,2
347,10,4.326221529733112,4.514265282402798,27.58879356907767,4.667754056275972,2
348,9,4.326221529733112,5.224017389749679,6.607242328010082,5.289637038381052,2
348,10,4.326221529733112,12.32523884802775,33.57631295748372,12.48005798092196,2
349,9,4.326221529733112,3.424428103000141,2.855360013630374,2.527749903427272,2
349,10,4.326221529733112,2.943394831888152,2.433404975928431,2.172674028558311,2
350,9,4.326221529733112,2.577987932196107,4.764687077246827,4.183451027020787,2
350,10,4.326221529733112,15.60966502846025,25.35807357866835,25.33071174585893,2
351,9,4.326221529733112,9.309176059073131,3.805090010577644,3.670362681014318,2
351,10,4.326221529733112,6.305533129621221,20.11114128617488,2.486105465832757,2
352,9,4.326221529733112,1.921491813181937,0.9760289167044934,0.9346277481736127,2
352,10,4.326221529733112,2.415398189387715,2.46788122578317,1.174867441642495,2
353,9,4.326221529733112,1.790324605798444,1.308118850778494,0.9470469910559904,2
353,10,4.326221529733112,2.107267256123561,1.498130594256432,1.11470350560959,2
354,9,4.326221529733112,0.07894108951405579,0.1227267876248793,0.06620394202484477,2
354,10,4.326221529733112,0.5263783332816653,1.256424229661383,0.4414471712289821,2
355,9,4.326221529733112,18.07567819716566,25.94795127660039,11.50533486259414,2
355,10,4.326221529733112,7.268766418882418,4.632899974941752,4.626636454522347,2
356,9,4.326221529733112,4.93476595749239,8.462625120094422,1.823177986596631,2
356,10,4.326221529733112,4.627612081856431,17.45788324786782,1.709698200649116,2
357,9,4.326221529733112,5.254633716427265,10.45974813567926,2.736178128538811,2
357,10,4.326221529733112,4.762345826006886,3.661657627784986,2.479835359203292,2
358,9,4.326221529733112,3.393175052518434,4.242477005134263,2.060127663974857,2
358,10,4.326221529733112,1.849936287483185,3.210106240812163,1.123167789297057,2
359,9,4.326221529733112,0.253607559870173,0.6726184186392901,0.3823425768141757,2
359,10,4.326221529733112,4.022364120831395,6.860995108968513,6.064176728922654,2
360,9,4.326221529733112,1.511533869962949,3.707457069518453,0.9341809811252125,2
360,10,4.326221529733112,0.01218142921403874,0.06067980277198924,0.007528550779319936,2
361,9,4.326221529733112,0.3215350249400974,0.5530867396151977,0.1015258084937332,2
361,10,4.326221529733112,3.230539127433385,7.315496112959685,1.020054026289726,2
362,9,4.326221529733112,3.769447202863892,15.71075747154241,1.612270266529282,2
362,10,4.326221529733112,0.769239898911828,3.706900176427886,0.3290197607493358,2
363,9,4.326221529733112,0.6959779461065783,0.6320631979160884,0.5518314787895536,2
363,10,4.326221529733112,0.2076994847356504,0.665109016577351,0.1646821058722897,2
364,9,4.326221529733112,4.266538532551659,3.63470022463013,2.493396532148878,2
364,10,4.326221529733112,0.3463942342906567,0.2024479156871677,0.2024353409554568,2
365,9,4.326221529733112,3.707026572833646,9.283903306664607,0.3174430652355685,2
365,10,4.326221529733112,1.903422647048823,0.6918006910442278,0.1629954109166546,2
366,9,4.326221529733112,0.7781263137836287,1.108936390682116,0.1536132889090783,2
366,10,4.326221529733112,1.1709052381667,1.520658602003106,0.2311534791325273,2
367,9,4.326221529733112,0.6993968685266261,0.8911685386048908,0.670326038593951,2
367,10,4.326221529733112,0.7742256438419828,3.953242519129486,0.742044513164259,2
368,9,4.326221529733112,3.852161346577849,2.396809201154998,1.638677217342864,2
368,10,4.326221529733112,8.743536373672319,3.726931285376776,3.719427242390538,2
369,9,4.326221529733112,5.764529612724176,7.731497590946836,4.032952070936676,2
369,10,4.326221529733112,1.528110890484589,1.352837371936068,1.069089482478749,2
370,9,4.326221529733112,17.28161030515756,18.49010279807155,8.751635349927863,2
370,10,4.326221529733112,2.296944759257327,6.896574566378709,1.163203115739086,2
371,9,4.326221529733112,9.733990617991118,55.40167045533785,5.864619375977998,2
371,10,4.326221529733112,7.860739388854435,16.25366949789596,4.736006673787328,2
372,9,4.326221529733112,1.066586585190397,2.831213838585114,0.5372219782041665,2
372,10,4.326221529733112,3.451004862809631,12.54392579209952,1.7382139293078,2
373,9,4.326221529733112,2.88542718829097,0.6586451594410055,0.4848522386925974,2
373,10,4.326221529733112,4.773263873759978,3.954421364049109,0.8020745366421096,2
374,9,4.326221529733112,2.96143887599935,15.15451230722592,2.270040069305907,2
374,10,4.326221529733112,2.997877785319091,10.56428639494547,2.297971688934458,2
375,9,4.326221529733112,1.754807866425187,2.361249035622132,1.487913674892721,2
375,10,4.326221529733112,1.740150941161826,1.532666324651005,1.475485967023105,2
376,9,4.326221529733112,2.632284430595671,18.98517572748422,1.912655306084732,2
376,10,4.326221529733112,1.458402778143152,6.800029142970946,1.059696201368704,2
377,9,4.326221529733112,3.639643403425606,2.89064574354869,2.780784050154767,2
377,10,4.326221529733112,10.17116926695469,12.0575243555395,7.771042966009096,2
378,9,4.326221529733112,0.6706175520997503,1.639948753210045,0.2807616988425385,2
378,10,4.326221529733112,0.9314935980368065,1.457070776706855,0.3899804355357252,2
379,9,4.326221529733112,14.15012995572229,20.67476356973681,13.77307057748492,2
379,10,4.326221529733112,8.219420822257533,11.32832095346111,8.00039741297369,2
380,9,4.326221529733112,0.2266906148420189,0.2298281535334643,0.2295484080275008,2
380,10,4.326221529733112,2.245810975159189,16.86906397370102,2.274122969041967,2
381,9,4.326221529733112,1.740303013311485,0.6484156638688409,0.5960653558760622,2
381,10,4.326221529733112,3.27129675482819,5.336260654677608,1.120440894159316,2
382,9,4.326221529733112,7.177983696847469,5.279789726872756,5.232366322702802,2
382,10,4.326221529733112,2.411361332735272,2.304795946763694,1.757753480941055,2
383,9,4.326221529733112,6.407858916609594,8.59892309057547,1.878878956011932,2
383,10,4.326221529733112,4.925193314014707,3.126565382828388,1.444139484408174,2
384,9,4.326221529733112,3.775018116429284,5.483264294657054,1.528179739026787,2
384,10,4.326221529733112,0.1934126103688807,0.9125257982510865,0.07829610966677399,2
385,9,4.326221529733112,16.52940957895035,16.77147968124943,6.786153672911607,2
385,10,4.326221529733112,0.1933572235295949,0.661760866877911,0.07938286158208169,2
386,9,4.326221529733112,1.439780734633782,1.702211264975409,0.8221102188803777,2
386,10,4.326221529733112,14.5162276354578,9.89288713811202,8.288719797142639,2
387,9,4.326221529733112,5.493616481066635,9.600868912703096,8.483980779040158,2
387,10,4.326221529733112,4.893140500742662,7.730144142290299,7.556645080798123,2
388,9,4.326221529733112,2.597116681249318,2.401327211040904,1.90845148444842,2
388,10,4.326221529733112,1.655624786089632,1.565962915747442,1.21661056028581,2
389,9,4.326221529733112,0.296029841323847,0.308999972406873,0.3089609513371033,2
389,10,4.326221529733112,1.203546910700313,2.380691684958158,1.256119980492135,2
390,9,4.326221529733112,2.806493052863156,1.808514014942658,0.254251204759849,2
390,10,4.326221529733112,3.932282797996024,7.906045442937895,0.3562409099238445,2
391,9,4.326221529733112,3.003062825781101,19.77503094542283,1.911817187493413,2
391,10,4.326221529733112,2.721681443835283,19.44313874126085,1.732683485185756,2
392,9,4.326221529733112,10.6521524802018,12.74693459744688,11.87948591397348,2
392,10,4.326221529733112,3.549757768371116,4.070087333679485,3.958758334126263,2
393,9,4.326221529733112,2.324632476919605,1.989359016323642,1.350245109590967,2
393,10,4.326221529733112,0.7509527771851477,1.384000794966791,0.4361852142200231,2
394,9,4.326221529733112,2.432365912324588,1.770374329715547,1.764366525656208,2
394,10,4.326221529733112,2.050556146197003,1.59640297698525,1.487412977215656,2
395,9,4.326221529733112,1.655906862709842,1.268217942185512,1.260080941147252,2
395,10,4.326221529733112,0.8246236556100734,1.644365663621643,0.6275066402907374,2
396,9,4.326221529733112,2.374120205256412,4.326476467267988,0.9342028187284761,2
396,10,4.326221529733112,0.8541512044494345,2.334668700869705,0.336103648437971,2
397,9,4.326221529733112,2.782020514346911,1.408580524974357,0.8744212895220241,2
397,10,4.326221529733112,3.783039667421266,4.526974782879077,1.189053210513809,2
398,9,4.326221529733112,4.008656116067507,2.892062349019028,2.47397852754031,2
398,10,4.326221529733112,1.755112847493678,1.402147536929018,1.08318383328154,2
399,9,4.326221529733112,3.276207407110965,4.567610986823538,3.568891080566876,2
399,10,4.326221529733112,7.185929995428503,8.110636997780192,7.827893133566233,2
400,9,4.326221529733112,0.4998214105868651,6.316433519049134,0.1692268577284841,2
400,10,4.326221529733112,0.7448335678110991,4.288603498141378,0.25218176240864,2
401,9,4.326221529733112,12.31811669610219,33.15222336641013,20.458524077754,2
401,10,4.326221529733112,0.1015121438902487,0.7026806172034963,0.1685962790578399,2
402,9,4.326221529733112,1.169104100773082,2.070025227122816,1.085804098449834,2
402,10,4.326221529733112,4.749138721308476,17.99406053906493,4.410757163792059,2
403,9,4.326221529733112,2.383348724046825,2.003385538195263,2.001769585434865,2
403,10,4.326221529733112,21.41059062060915,20.55143595929688,17.98271007431908,2
404,9,4.326221529733112,9.25449670238927,14.01264256684321,13.91652491656137,2
404,10,4.326221529733112,16.41879350337382,25.39010844533477,24.68989467904689,2
405,9,4.326221529733112,1.045772936315968,0.8529006107507949,0.4081086564328642,2
405,10,4.326221529733112,0.1012793790116572,0.09312376473094172,0.03952386780863678,2
406,9,4.326221529733112,3.390678931719426,6.677034559005259,2.089016669160876,2
406,10,4.326221529733112,1.060998656869752,1.40141225741736,0.6536873366049571,2
407,9,4.326221529733112,0.005277046169756413,0.007157364668184493,0.002530037706337633,2
407,10,4.326221529733112,0.4024166973028038,0.2010394829533531,0.1929354766064038,2
408,9,4.326221529733112,6.361600902168256,5.388093771884548,2.634555536133294,2
408,10,4.326221529733112,1.468384110538603,1.196555290175242,0.60810785635281,2
409,9,4.326221529733112,1.894676427566707,1.369849914887245,1.231731429639361,2
409,10,4.326221529733112,1.490259400345272,1.267268201019722,0.9688194327082014,2
410,9,4.326221529733112,1.178229298310111,1.580486239541601,0.4536149827715875,2
410,10,4.326221529733112,0.6552567447526397,0.2625552593402807,0.2522720131032616,2
411,9,4.326221529733112,3.043258244757032,2.462313152307953,1.178988571585085,2
411,10,4.326221529733112,10.03078062259251,20.56792220201211,3.886024374858098,2
412,9,4.326221529733112,3.367835456695351,3.604324159814008,0.9074772381799238,2
412,10,4.326221529733112,3.277795973403699,1.678628848003991,0.8832157258004465,2
413,9,4.326221529733112,0.2584936792876303,0.2247889112655486,0.086625208172125,2
413,10,4.326221529733112,4.57472915029352,4.054562929596297,1.533062108394185,2
414,9,4.326221529733112,0.7997244518235526,2.292514314866203,0.8092621664933146,2
414,10,4.326221529733112,1.230088139862111,5.405624380477244,1.244758479964769,2
415,9,4.326221529733112,0.8185136901939003,0.657661876768236,0.478610922298524,2
415,10,4.326221529733112,4.34703836349062,2.873392720939455,2.541851242493509,2
416,9,4.326221529733112,3.509355397021124,1.998931695667252,1.97627878833365,2
416,10,4.326221529733112,7.67489615062677,8.927199242697958,4.322085610942176,2
417,9,4.326221529733112,7.550109492233029,14.82973969660854,5.275219352776757,2
417,10,4.326221529733112,1.069687159104952,0.8811759971571478,0.7473844464020216,2
418,9,4.326221529733112,5.022376406529452,1.568457582157478,0.5515630175199808,2
418,10,4.326221529733112,0.746662698033457,0.7364045127299935,0.08199933606360787,2
419,9,4.326221529733112,1.590483327817025,2.237232126818228,1.677491511337588,2
419,10,4.326221529733112,3.030810942428445,3.931629654608631,3.196612966305607,2
420,9,4.326221529733112,3.915897027423811,10.05234517119104,1.890229719935576,2
420,10,4.326221529733112,0.16662740444914,0.2475501839458988,0.08043216403284696,2
421,9,4.326221529733112,19.91997311087698,18.22324011571547,18.18557162930389,2
421,10,4.326221529733112,5.807951769536386,10.17403152737667,5.30226232417822,2
422,9,4.326221529733112,1.477496376861522,2.47168263682869,0.4947865777062234,2
422,10,4.326221529733112,0.1944614988246383,0.1358282253806216,0.0651216077452916,2
423,9,4.326221529733112,5.63374773585775,10.15173564100868,2.731996084685743,2
423,10,4.326221529733112,3.370536847819379,2.67167396153914,1.634488071399169,2
424,9,4.326221529733112,3.347361771895431,17.70261390992059,3.185205238818513,2
424,10,4.326221529733112,0.1545461172751291,0.6316881687193832,0.1470594264763502,2
425,9,4.326221529733112,4.330532710218736,16.10076520140688,4.067648303310211,2
425,10,4.326221529733112,4.404299834500745,25.61284271909676,4.136937404214065,2
426,9,4.326221529733112,9.425531099326179,6.077022609228033,5.503905566614641,2
426,10,4.326221529733112,2.700994804941221,1.57835207477967,1.577207712292835,2
427,9,4.326221529733112,7.269855911199246,7.951760412019071,3.196157066807605,2
427,10,4.326221529733112,4.477258577282829,6.753077001125287,1.968405126112998,2
428,9,4.326221529733112,0.8366290557648057,3.486131603533452,0.4669441285540792,2
428,10,4.326221529733112,6.289465367940489,88.96597697965213,3.510311893984278,2
429,9,4.326221529733112,4.233343899399877,7.001588652938279,4.509217435575467,2
429,10,4.326221529733112,2.529369624922983,5.654097355519348,2.694200585814572,2
430,9,4.326221529733112,4.966269521943065,62.38150229652162,0.8102505953507849,2
430,10,4.326221529733112,3.922572736125934,18.40196324341478,0.6399706823622595,2
431,9,4.326221529733112,3.877840838637492,1.0090419441562,0.4664131656503108,2
431,10,4.326221529733112,6.384056637294109,0.9055710749170709,0.767852057315851,2
432,9,4.326221529733112,2.177021470053449,1.857218850913565,1.835856355274124,2
432,10,4.326221529733112,24.47818195766657,28.02102998480395,20.64216018569411,2
433,9,4.326221529733112,2.485829830439732,4.441579865714119,3.587868465111701,2
433,10,4.326221529733112,3.60920328564251,5.812536330100774,5.209265129159553,2
434,9,4.326221529733112,4.608201160884051,12.55592604583503,4.993739053321742,2
434,10,4.326221529733112,5.538252835499255,8.002062395909189,6.001602036508487,2
435,9,4.326221529733112,4.240111930406679,4.506985203721148,1.72176626739083,2
435,10,4.326221529733112,2.656232642550996,1.550993049926372,1.078606375810476,2
436,9,4.326221529733112,2.140607498136755,1.940090505192227,1.920212023323323,2
436,10,4.326221529733112,2.340757100105036,2.319391779633949,2.099754360018585,2
437,9,4.326221529733112,2.51774819944856,8.156548178316644,1.590317657796871,2
437,10,4.326221529733112,9.624535004206288,8.378421286356492,6.079268756353673,2
438,9,4.326221529733112,1.123501327509096,1.759002498885376,0.6824203410592973,2
438,10,4.326221529733112,6.685461039871825,9.6887173321664,4.060782565413601,2
439,9,4.326221529733112,1.855042055925322,3.020863355270075,1.39831783724919,2
439,10,4.326221529733112,1.303761384133219,1.7247530075714,0.9827662899215499,2
440,9,4.326221529733112,0.6010845293175812,1.0547797943571,0.09963522367372098,2
440,10,4.326221529733112,1.54110305921136,6.536770323662515,0.2554518383347924,2
441,9,4.326221529733112,8.075472901562707,21.82153312002774,7.371316153240185,2
441,10,4.326221529733112,3.050485427972885,18.9300786356337,2.784492349183536,2
442,9,4.326221529733112,0.6622415545607209,2.099226691828708,0.287558198163836,2
442,10,4.326221529733112,5.802304563006203,15.57025975856506,2.519473799016765,2
443,9,4.326221529733112,7.422475916649367,7.273779194275523,4.153901188033869,2
443,10,4.326221529733112,5.413127919857583,19.97260012499308,3.029393257691579,2
444,9,4.326221529733112,0.6996181334367236,0.5232541539537111,0.5162932931345431,2
444,10,4.326221529733112,11.87727236443462,20.91358332553672,8.765004463745031,2
445,9,4.326221529733112,0.3457809471907177,0.4874587536879852,0.06767729972371812,2
445,10,4.326221529733112,3.972713506977952,10.81957040969301,0.7775515826206507,2
446,9,4.326221529733112,0.8362026119515362,1.476363727688315,0.04044040313211728,2
446,10,4.326221529733112,2.403254728537132,0.346061234302033,0.1162261258959586,2
447,9,4.326221529733112,2.914519256071295,3.627635721384814,3.615842163808098,2
447,10,4.326221529733112,2.576432245430802,4.439150382623032,3.196401027653935,2
448,9,4.326221529733112,3.68202312648865,8.27856035708135,0.9696027881768527,2
448,10,4.326221529733112,7.734524476525407,19.6111055288947,2.036765180454731,2
449,9,4.326221529733112,1.230739783616204,0.5028069698268732,0.5023559026202786,2
449,10,4.326221529733112,2.989780867306108,5.376084015965977,1.22035062669329,2
450,9,4.326221529733112,4.487199383542257,5.822980817397317,5.430211519711242,2
450,10,4.326221529733112,0.4522310074594716,0.9079401288480712,0.5472700935206655,2
451,9,4.326221529733112,7.346986793131992,49.31176841636911,2.352539527197028,2
451,10,4.326221529733112,1.204280038192534,1.551626938822921,0.385616099692829,2
452,9,4.326221529733112,3.561488431541701,22.3727116135119,2.034474716841407,2
452,10,4.326221529733112,11.53721470290601,28.55835290601194,6.59055113248608,2
453,9,4.326221529733112,2.920018192259196,1.802736600715568,1.325234197347576,2
453,10,4.326221529733112,0.9904828485553606,0.6344702978974583,0.4495251934633456,2
454,9,4.326221529733112,4.152739185541445,7.087579913074343,2.883091929932904,2
454,10,4.326221529733112,2.96416164668524,5.259434995176092,2.057906875618195,2
455,9,4.326221529733112,5.193973250349236,4.569712536776599,4.475423902080208,2
455,10,4.326221529733112,2.049779835638481,2.054100483428612,1.766207338438194,2
456,9,4.326221529733112,0.7732721145879207,1.184405274657843,0.9367422994245771,2
456,10,4.326221529733112,6.918719782281304,13.32257873908088,8.381341258351565,2
457,9,4.326221529733112,2.6632509945971,4.686297372341962,1.504780895681479,2
457,10,4.326221529733112,1.209620523009852,4.240358385252016,0.6834556178678262,2
458,9,4.326221529733112,7.801109052741468,16.18774721726819,2.036882832564524,2
458,10,4.326221529733112,0.8128919854653597,0.4231828529601778,0.2122474790096432,2
459,9,4.326221529733112,0.3180313463507028,0.3241060794277234,0.3093947073111819,2
459,10,4.326221529733112,3.776999509474516,5.011018041075485,3.674429175480435,2
460,9,4.326221529733112,0.8935097765633351,2.061809634750541,0.9026319647182112,2
460,10,4.326221529733112,10.87304723992335,46.24957658806604,10.98405439993556,2
461,9,4.326221529733112,0.68866812365813,1.03806753373611,0.5120892226542113,2
461,10,4.326221529733112,13.30613352000693,26.37358306167855,9.894355984706612,2
462,9,4.326221529733112,3.219909587169329,2.397908868497571,2.027447084531911,2
462,10,4.326221529733112,9.761065858101722,9.40689500540566,6.146149132507176,2
463,9,4.326221529733112,1.341555474022697,2.494281918633677,0.208388776864826,2
463,10,4.326221529733112,4.665458094682298,4.518284734296205,0.724702872665925,2
464,9,4.326221529733112,0.1129028119744079,0.2284430850534243,0.02166902155348084,2
464,10,4.326221529733112,8.428025721552723,54.36418417600826,1.617559986504265,2
465,9,4.326221529733112,4.356950551853654,5.082185556502083,4.24648702313421,2
465,10,4.326221529733112,3.217591648400055,10.70083434637946,3.136014746566898,2
466,9,4.326221529733112,0.7326690919334996,1.44717772844971,0.5560033509472059,2
466,10,4.326221529733112,0.6233656780632441,0.5291353544251582,0.4730558579371589,2
467,9,4.326221529733112,3.705464770192117,3.279224764674538,2.983128627002292,2
467,10,4.326221529733112,0.3249109557542766,0.2654581299134994,0.2615734417809631,2
468,9,4.326221529733112,0.6832399569990113,0.4650764883363137,0.4478183659312766,2
468,10,4.326221529733112,1.09661004390936,1.004264737497629,0.7187549745835867,2
469,9,4.326221529733112,8.739835013477151,15.93401457503976,9.43596178435542,2
469,10,4.326221529733112,0.6813753126056353,0.7797919135364677,0.7356467714362549,2
470,9,4.326221529733112,0.5755710423297467,4.226116601117375,0.4943127830773134,2
470,10,4.326221529733112,0.4122989920466373,0.9375401153650138,0.3540912367543744,2
471,9,4.326221529733112,1.334832564858859,0.6304488015159173,0.6252829767974121,2
471,10,4.326221529733112,10.24528762204413,5.435360612666432,4.799256559293489,2
472,9,4.326221529733112,2.603138220495682,9.157769991834984,2.810935583540902,2
472,10,4.326221529733112,0.05956576835235492,0.07300891650637609,0.06432064824844622,2
473,9,4.326221529733112,2.726295818922921,6.823349144150559,0.3527941192639605,2
473,10,4.326221529733112,5.850765292540533,28.79648895597304,0.757113580292786,2
474,9,4.326221529733112,0.9298065253648524,0.8456769679031417,0.4554709455048672,2
474,10,4.326221529733112,6.637350737775202,23.40657831034486,3.251343514711987,2
475,9,4.326221529733112,1.464765059807653,7.869140981573138,0.6422364782167699,2
475,10,4.326221529733112,9.043628363734086,37.43862271046043,3.965242065091704,2
476,9,4.326221529733112,27.3689450157841,88.23632541366104,22.170745509927,2
476,10,4.326221529733112,0.6290655782290892,1.813948364050076,0.509586790281059,2
477,9,4.326221529733112,3.236554910756826,1.733253984435626,0.713050788372575,2
477,10,4.326221529733112,4.993456725694679,8.37651230321903,1.100116745471292,2
478,9,4.326221529733112,0.1477278039622886,0.1851667844906261,0.1840819517170791,2
478,10,4.326221529733112,2.530072745938446,3.560845026222468,3.152695136370071,2
479,9,4.326221529733112,2.335776644229339,4.695464214965359,3.160871976851139,2
479,10,4.326221529733112,6.448946528799222,23.02170328088524,8.726987836552512,2
480,9,4.326221529733112,0.03837794820703481,0.03814044880354266,0.03747112400518487,2
480,10,4.326221529733112,11.22891487190664,13.11772333940925,10.96358928150702,2
481,9,4.326221529733112,7.298736714775374,7.701137061392465,1.346786912439219,2
481,10,4.326221529733112,3.44184274677374,3.300617968297827,0.6351001477618565,2
482,9,4.326221529733112,2.405044558531716,3.835440601025048,0.9487054442425162,2
482,10,4.326221529733112,0.8381976905843124,1.29279749211843,0.3306394925565594,2
483,9,4.326221529733112,5.387180653655033,2.182831878947906,1.052315977111105,2
483,10,4.326221529733112,2.786709725496549,2.208299827397969,0.544347657196406,2
484,9,4.326221529733112,1.3345864721198,1.052898828237907,1.044334899681197,2
484,10,4.326221529733112,5.388265398099713,9.571171535628242,4.216402399945054,2
485,9,4.326221529733112,4.925672182323195,3.747130163873457,3.592537913593685,2
485,10,4.326221529733112,4.384631322357072,4.857861074514934,3.197929882387906,2
486,9,4.326221529733112,9.594476341305846,7.690372930815652,7.668192459761674,2
486,10,4.326221529733112,7.981672468308934,9.226336105289654,6.379191366002543,2
487,9,4.326221529733112,4.829891512819106,1.742759203853817,1.616293940031778,2
487,10,4.326221529733112,6.411658152889048,6.765357054231189,2.145622565344366,2
488,9,4.326221529733112,0.1035533273157602,0.1894147874413788,0.1374176906948114,2
488,10,4.326221529733112,12.51799209541509,26.43046553833275,16.61166869744843,2
489,9,4.326221529733112,9.644513467803749,51.72913916687045,5.571740234162893,2
489,10,4.326221529733112,2.229225287226177,7.909063848878944,1.287847672701717,2
490,9,4.326221529733112,3.439178954227069,1.845896481407709,1.83256283757668,2
490,10,4.326221529733112,20.21659762810702,29.04090025869842,10.77239248337867,2
491,9,4.326221529733112,7.217009232493806,5.848282763368342,1.499089419665584,2
491,10,4.326221529733112,1.635002241906911,1.245886389327226,0.339616381663575,2
492,9,4.326221529733112,6.448022556471471,9.549127281912469,4.919104409921976,2
492,10,4.326221529733112,15.77534158777369,73.46701239521316,12.03478301957247,2
493,9,4.326221529733112,1.020535791045372,0.548867315102799,0.250379096914626,2
493,10,4.326221529733112,6.34890629379828,5.342965432786794,1.557645932837377,2
494,9,4.326221529733112,3.700166880789987,2.711822387538065,2.563330075889411,2
494,10,4.326221529733112,2.14834340596602,1.593706704088065,1.488287810596171,2
495,9,4.326221529733112,0.4949402947951539,0.8285276514996799,0.3149323034208515,2
495,10,4.326221529733112,1.210663277870593,0.7703764665796238,0.7703494315907891,2
496,9,4.326221529733112,0.8289719293250917,0.8461149133643668,0.762090601766507,2
496,10,4.326221529733112,4.839101938127912,5.081278627114038,4.448683939201445,2
497,9,4.326221529733112,1.099522634097479,4.307239985677409,1.254626946622045,2
497,10,4.326221529733112,2.072532440386241,5.94895360754683,2.364894515874421,2
498,9,4.326221529733112,2.436563360106803,2.36554569702473,0.7567227651234149,2
498,10,4.326221529733112,9.531994358656609,3.022491140529498,2.96034868057248,2
499,9,4.326221529733112,2.774740949264317,1.63081058267012,1.151736634269694,2
499,10,4.326221529733112,10.93895765108523,4.71081979337485,4.540531349717531,2
500,9,4.326221529733112,15.09681624502285,9.883450757783198,4.505174580593048,2
500,10,4.326221529733112,1.144115341031888,0.4016487804566052,0.3414255872249047,2
501,9,4.326221529733112,0.8327974632221171,0.7277873231598677,0.6985680441681423,2
501,10,4.326221529733112,2.017711149398017,1.714854115263959,1.692498588885944,2
502,9,4.326221529733112,4.31208703698904,5.53755548118751,3.44605464449717,2
502,10,4.326221529733112,13.05901134016895,24.68006412744689,10.43626121070914,2
503,9,4.326221529733112,2.123212146841803,2.449682327381292,1.580116330627659,2
503,10,4.326221529733112,2.425553755759554,2.176722058706598,1.805122067520127,2
504,9,4.326221529733112,2.308506043036364,8.50716918224377,2.093072014641943,2
504,10,4.326221529733112,3.263732398239045,7.57977020657786,2.959154890081772,2
505,9,4.326221529733112,2.692607919563033,6.330206983925123,1.376226124281278,2
505,10,4.326221529733112,9.093949544230153,44.98332936392185,4.648033174356999,2
506,9,4.326221529733112,2.026124665998095,2.868294504618218,2.343615374594572,2
506,10,4.326221529733112,5.486656525836056,7.88590365054684,6.346407407628447,2
507,9,4.326221529733112,11.71114382944274,13.95994434177745,8.703552288802548,2
507,10,4.326221529733112,11.01801860919025,11.72213049125578,8.188431675050991,2
508,9,4.326221529733112,3.253926248649894,3.459950841729746,1.247072270063782,2
508,10,4.326221529733112,0.8147038486221277,1.088215673176555,0.3122365106930278,2
509,9,4.326221529733112,6.210543613456338,3.489256831868139,2.587971884646116,2
509,10,4.326221529733112,4.781488180238727,7.04346141581529,1.992475658719169,2
510,9,4.326221529733112,4.408297084205236,7.869878957126958,4.434045507862506,2
510,10,4.326221529733112,2.168401226082968,7.3728248923226,2.181066641403586,2
511,9,4.326221529733112,0.919832268342868,2.187068844693991,1.350742231799162,2
511,10,4.326221529733112,8.115714352185448,45.86080095688342,11.91764900405655,2
512,9,4.326221529733112,0.7094313669249023,0.8820916726202661,0.3852657665541063,2
512,10,4.326221529733112,0.3348736290473075,0.2943496072358931,0.1818574021513817,2
513,9,4.326221529733112,4.510733444745547,5.126417092545552,4.340811852564861,2
513,10,4.326221529733112,6.168785276042067,11.28994878962092,5.936404039428123,2
514,9,4.326221529733112,0.7323077704558261,2.490789503216558,0.485079432839196,2
514,10,4.326221529733112,15.44241300064571,81.90826938648625,10.22902834331417,2
515,9,4.326221529733112,4.225125900359461,2.582508564730432,0.6892807792708774,2
515,10,4.326221529733112,10.95647584644223,6.171941312277335,1.787423236040313,2
516,9,4.326221529733112,2.481727169923429,3.240461650571608,1.430616375559277,2
516,10,4.326221529733112,3.271152460150185,5.867825771981361,1.885688456473747,2
517,9,4.326221529733112,3.368590307131773,5.456637074382418,0.9009682438084162,2
517,10,4.326221529733112,1.687742687565058,0.5166350035347179,0.4514062045469467,2
518,9,4.326221529733112,1.951690935466019,7.631245166656488,1.802078419592148,2
518,10,4.326221529733112,5.935989266079532,10.48680180535122,5.480948833109342,2
519,9,4.326221529733112,13.35195545010631,60.95543587606603,12.782745617209,2
519,10,4.326221529733112,10.77357033052893,53.03105054076091,10.31428013963041,2
520,9,4.326221529733112,3.839380381799459,17.05603081725807,2.074354872915681,2
520,10,4.326221529733112,3.183848400338357,9.228225821759453,1.720181588460186,2
521,9,4.326221529733112,2.374923210671307,7.963613430923823,1.221196849948077,2
521,10,4.326221529733112,4.661717272421808,8.406845521592214,2.397077270898742,2
522,9,4.326221529733112,15.50064315320939,15.02629446419796,13.46218655545398,2
522,10,4.326221529733112,1.530703540905936,6.12369768403117,1.329403975376538,2
523,9,4.326221529733112,2.167816892191839,1.744037437297164,0.9806249559725699,2
523,10,4.326221529733112,0.2745800023576526,0.2124251178188004,0.1242079087457786,2
524,9,4.326221529733112,2.945096723172713,4.253432066802776,1.959515112642857,2
524,10,4.326221529733112,0.3216149468331943,0.645531450235756,0.2139859597183474,2
525,9,4.326221529733112,10.8926793281993,17.79484525291907,12.77000641601241,2
525,10,4.326221529733112,11.20334437352887,121.2698482887553,13.13421383482616,2
526,9,4.326221529733112,11.29509955107615,13.48868985211054,10.13832356746547,2
526,10,4.326221529733112,2.337251084085684,7.834728242706789,2.097883922290219,2
527,9,4.326221529733112,3.281450376002123,3.081043847886026,2.200386638959118,2
527,10,4.326221529733112,2.286925305363132,1.806782565791394,1.533504795019726,2
528,9,4.326221529733112,0.8439398711064801,0.6856060174001751,0.6771940326677244,2
528,10,4.326221529733112,1.195418075870717,2.974756688591034,0.9592270909791437,2
529,9,4.326221529733112,3.19782261930441,3.42170971506442,0.8358649854618199,2
529,10,4.326221529733112,8.381082851601434,4.540825336358241,2.19069489771511,2
530,9,4.326221529733112,1.888041836758665,1.100403376485501,0.9741223484660589,2
530,10,4.326221529733112,16.19086490933562,11.27741399521314,8.353566664738436,2
531,9,4.326221529733112,1.451311480973988,2.227677453933117,1.218822378546864,2
531,10,4.326221529733112,23.57808689777725,25.33084228346697,19.80105603178135,2
532,9,4.326221529733112,0.2700091361755937,0.5281697830900975,0.2376257256062499,2
532,10,4.326221529733112,0.7525042209105878,1.179377622057382,0.6622530039107891,2
533,9,4.326221529733112,1.045833751037278,0.5579845667417964,0.06589992034847837,2
533,10,4.326221529733112,1.562100572580033,0.1429171291029715,0.09843084831335429,2
534,9,4.326221529733112,4.193309294047138,13.35500359701879,3.87435410108779,2
534,10,4.326221529733112,0.4350114021574666,1.320618589103111,0.4019231809018534,2
535,9,4.326221529733112,6.815552787928814,16.14226166545431,1.390198332056476,2
535,10,4.326221529733112,3.800147967870358,5.020053498740059,0.7751329247802102,2
536,9,4.326221529733112,4.898805138675187,31.14451791150197,1.1939469778139,2
536,10,4.326221529733112,1.409069928343969,2.379589361018959,0.3434214537730519,2
537,9,4.326221529733112,0.4371592045854067,2.767852676633355,0.6281784461329261,2
537,10,4.326221529733112,3.737713630666666,37.09519744020157,5.370929208339088,2
538,9,4.326221529733112,7.135197537131705,27.50956506594132,9.141673697589459,2
538,10,4.326221529733112,9.182302920999696,31.3177344018324,11.76444193161689,2
539,9,4.326221529733112,2.878015475143941,9.898775568378001,1.960209938411573,2
539,10,4.326221529733112,1.360672565328519,0.9813342737395913,0.9267510576354825,2
540,9,4.326221529733112,5.375990570346612,2.661374277250701,2.622817897627107,2
540,10,4.326221529733112,11.6175644883541,7.571719866451354,5.667933317250528,2
541,9,4.326221529733112,4.598464218159725,16.05113601255486,6.685766531875087,2
541,10,4.326221529733112,2.8831182932035,10.48689816627477,4.191802931947322,2
542,9,4.326221529733112,4.754351763502706,3.982082843188687,2.944131702667796,2
542,10,4.326221529733112,0.7669066375970295,2.261928686560392,0.4749068342120982,2
543,9,4.326221529733112,7.735610969613782,0.8096030909404071,0.7073596231794317,2
543,10,4.326221529733112,2.307153140167129,0.2958429905743484,0.2109706631132904,2
544,9,4.326221529733112,1.548074269655594,0.4641396945020403,0.4396668282023637,2
544,10,4.326221529733112,1.395745503993076,3.36180067896384,0.3964041071846439,2
545,9,4.326221529733112,5.588707445397149,19.57934431564781,4.72952912775254,2
545,10,4.326221529733112,3.240250813481222,11.68193645280893,2.742111794777312,2
546,9,4.326221529733112,1.161315138112472,1.709161462942723,0.04492435829096102,2
546,10,4.326221529733112,0.1740993176794569,0.6877968444755717,0.006734864524676746,2
547,9,4.326221529733112,6.681469036023408,6.563928658752617,3.811528214527834,2
547,10,4.326221529733112,2.753842526963038,7.249737106295968,1.570964174688944,2
548,9,4.326221529733112,7.826455349309932,4.003769785026769,3.603539044815693,2
548,10,4.326221529733112,0.2370329771998592,0.3851783458561969,0.1091372211462131,2
549,9,4.326221529733112,1.728032740072905,2.483991405890237,2.088755448283857,2
549,10,4.326221529733112,3.921100634037263,8.754787778837956,4.739621028400816,2
550,9,4.326221529733112,3.226674797645925,10.44941744575109,1.899907489291594,2
550,10,4.326221529733112,2.081499188451013,3.416075809024709,1.225613408570842,2
551,9,4.326221529733112,1.492425486608671,2.757021853592359,1.556614468885397,2
551,10,4.326221529733112,6.745593338450295,29.51818684943777,7.035720232645664,2
552,9,4.326221529733112,13.32651056779919,14.93506990563733,2.513213036352782,2
552,10,4.326221529733112,2.775998033104173,10.87205020698755,0.5235184717104271,2
553,9,4.326221529733112,1.767068393424898,1.607233632868521,1.207044130219761,2
553,10,4.326221529733112,7.639093479445445,5.388194052918253,5.218090583745457,2
554,9,4.326221529733112,1.19245685341112,0.408003858808346,0.2848004160107905,2
554,10,4.326221529733112,0.5851407981152681,0.6075021382634885,0.139752094385137,2
555,9,4.326221529733112,5.045639665896678,18.3613269845867,3.984762068391828,2
555,10,4.326221529733112,3.351487186950383,5.293621976779121,2.646815844882132,2
556,9,4.326221529733112,15.43152500598551,19.25232431381874,8.630082380755352,2
556,10,4.326221529733112,1.455488759596373,2.720710030270159,0.8139822794382293,2
557,9,4.326221529733112,2.839524116173362,4.67658721010129,3.225326177344422,2
557,10,4.326221529733112,3.028980179162266,3.512371498491795,3.440523363356777,2
558,9,4.326221529733112,4.878198621517505,10.49315970766449,4.962929230223228,2
558,10,4.326221529733112,2.504840040996529,2.794349473520936,2.548347211952615,2
559,9,4.326221529733112,2.739071552335959,3.091917244533,0.8558791419530875,2
559,10,4.326221529733112,4.017099869345848,1.55234409442019,1.255225328591153,2
560,9,4.326221529733112,1.344610360775898,2.561389695058186,1.510518181353466,2
560,10,4.326221529733112,6.753873692915309,7.779367587000791,7.587215824981853,2
561,9,4.326221529733112,1.002394431741579,0.72336316450449,0.6445314284821179,2
561,10,4.326221529733112,1.582599303447321,1.554871995131692,1.017598419809135,2
562,9,4.326221529733112,4.097540672201547,7.51179634988446,4.259382952863795,2
562,10,4.326221529733112,12.02485086666707,54.61697413039594,12.49980143935759,2
563,9,4.326221529733112,0.3914715090058131,1.106702199676104,0.3778151557146402,2
563,10,4.326221529733112,0.9060888579796769,4.752205540471497,0.8744802497588879,2
564,9,4.326221529733112,4.803254930290796,4.152939377643784,3.369293564514463,2
564,10,4.326221529733112,0.9233828861401211,0.6506081777716268,0.6477166132146869,2
565,9,4.326221529733112,0.1126619190602092,0.1387707148225248,0.0455220799536166,2
565,10,4.326221529733112,0.7594483266492327,0.3317289781715723,0.3068620500587319,2
566,9,4.326221529733112,6.372190390185204,5.299368961904253,5.116131124163165,2
566,10,4.326221529733112,2.104075578551817,3.091329176035611,1.689329084014971,2
567,9,4.326221529733112,2.841571935933434,13.03112694735491,1.501133947089216,2
567,10,4.326221529733112,1.090689314647371,2.526994478553275,0.576184869804047,2
568,9,4.326221529733112,4.890466298626877,30.99086323686157,2.833936548102305,2
568,10,4.326221529733112,5.105780348975873,26.9015282981742,2.958707136292492,2
569,9,4.326221529733112,1.957237358067227,8.0552702558925,0.8683374667781617,2
569,10,4.326221529733112,5.811016789958745,6.52789057063672,2.578084654883654,2
570,9,4.326221529733112,0.8636753631249084,1.264239641481159,1.066969729510807,2
570,10,4.326221529733112,3.199245310852934,4.379016481779085,3.95229278233539,2
571,9,4.326221529733112,1.85604645336209,2.315105426616324,1.928137290083015,2
571,10,4.326221529733112,6.440173400605305,7.361234183359284,6.690316649033425,2
572,9,4.326221529733112,0.07972118272869524,0.3307782944291801,0.05086712819461255,2
572,10,4.326221529733112,0.801180892557544,2.814538030746241,0.5112037952007148,2
573,9,4.326221529733112,0.4829608229226748,1.059330309254015,0.2172307331931522,2
573,10,4.326221529733112,7.520470423862735,9.32735977111447,3.382629038618067,2
574,9,4.326221529733112,1.375624961066335,1.042831763161202,0.6580479018491964,2
574,10,4.326221529733112,5.260413505735865,5.182618626614554,2.516386492162334,2
575,9,4.326221529733112,0.9568638850587273,1.098247189780457,0.7749989660742698,2
575,10,4.326221529733112,7.760965876355586,17.49230170166021,6.285889376569076,2
576,9,4.326221529733112,10.89767450848953,42.44639870617898,3.9517714185667,2
576,10,4.326221529733112,1.262449800974272,6.126762769535684,0.4577961139304421,2
577,9,4.326221529733112,2.457234392915109,2.880870428199485,1.460576502059779,2
577,10,4.326221529733112,6.266812145532254,3.726575644255029,3.724983904253638,2
578,9,4.326221529733112,5.157910261238126,23.00126228333814,2.13513803312463,2
578,10,4.326221529733112,16.8702192777392,136.3395912741936,6.983496218952604,2
579,9,4.326221529733112,0.6375861630812618,2.563341094003612,0.7847711868370122,2
579,10,4.326221529733112,6.857885564046363,78.46410187027404,8.44100970962123,2
580,9,4.326221529733112,2.068193799857316,1.753057263707932,0.497186125149283,2
580,10,4.326221529733112,0.4402234250426444,0.8987399661639995,0.1058280799952104,2
581,9,4.326221529733112,0.3095927050130963,0.7517041471444529,0.2282420691308333,2
581,10,4.326221529733112,0.2995109615046847,0.9362284897106864,0.220809471522602,2
582,9,4.326221529733112,0.7562259966052967,1.096923945296304,0.5387293153741641,2
582,10,4.326221529733112,0.007288488162253928,0.01670409417493694,0.005192260323487874,2
583,9,4.326221529733112,3.345323718589194,3.954059382709973,0.8214336879860598,2
583,10,4.326221529733112,7.721576283730252,8.146055659256332,1.896008702704901,2
584,9,4.326221529733112,1.898385510943224,2.41190908826675,1.061794042994445,2
584,10,4.326221529733112,7.348438865533094,23.80191699276815,4.110086474930567,2
585,9,4.326221529733112,0.5147590108028761,1.054257175950975,0.200676239659362,2
585,10,4.326221529733112,1.48436453691759,1.346755204305361,0.5786721306495053,2
586,9,4.326221529733112,6.066552579162225,13.89065412274566,4.798393891906752,2
586,10,4.326221529733112,1.858928752801345,4.470356553889408,1.470336283504794,2
587,9,4.326221529733112,2.907489233170497,8.715978376844385,3.291804629390289,2
587,10,4.326221529733112,0.2218157747714877,0.5835199511594867,0.2511356485638133,2
588,9,4.326221529733112,4.576622441866695,4.723351967848617,1.906915619864463,2
588,10,4.326221529733112,12.75174084260905,5.390384559797115,5.313196380542309,2
589,9,4.326221529733112,2.924341342009478,5.707430735049523,2.805557075724757,2
589,10,4.326221529733112,5.483825041957926,5.762658276299434,5.261076717511251,2
590,9,4.326221529733112,3.919540943090815,19.14885164616157,0.2743908911004193,2
590,10,4.326221529733112,4.389622935837297,30.27121035883575,0.3072993920582518,2
591,9,4.326221529733112,4.049080184168342,32.52344561800542,1.357324502195207,2
591,10,4.326221529733112,2.098659726913347,9.496088266623566,0.703508485766099,2
592,9,4.326221529733112,0.06697717764688092,0.1451585200081475,0.01633230950321168,2
592,10,4.326221529733112,0.3303058066345546,0.8140392394535528,0.08054469976482748,2
593,9,4.326221529733112,0.9061422229677837,2.400839300472974,0.83690624843353,2
593,10,4.326221529733112,4.577507360600574,30.3894152413866,4.227751908293206,2
594,9,4.326221529733112,3.887174213765644,1.051335412382644,0.8765913038790722,2
594,10,4.326221529733112,4.464212513162564,3.485581613422448,1.00671841613075,2
595,9,4.326221529733112,2.676593546912014,2.901862393919894,2.304927907753402,2
595,10,4.326221529733112,0.1231056138493895,0.106019849511888,0.1060114507448968,2
596,9,4.326221529733112,5.894053877353743,2.933041240469157,1.964310437840334,2
596,10,4.326221529733112,0.4490037217045809,0.6050147534712673,0.1496394019339113,2
597,9,4.326221529733112,1.806031579185941,0.8890137548295397,0.8609417687214692,2
597,10,4.326221529733112,5.817176981939248,6.56910850207451,2.773069251676117,2
598,9,4.326221529733112,2.469867840913247,1.882140471873773,1.854154782631691,2
598,10,4.326221529733112,6.406327920405826,5.084609716896959,4.809295200319431,2
599,9,4.326221529733112,11.99264720344241,9.419744441833693,6.328589259510965,2
599,10,4.326221529733112,1.746808349570706,0.9219296138882972,0.9218008644783635,2
600,9,4.326221529733112,18.808244746228,15.8146755133065,9.254254161330072,2
600,10,4.326221529733112,3.859406669677261,14.2604679174572,1.898950737563572,2
601,9,4.326221529733112,3.385594652577185,3.064378168694574,1.803544194997328,2
601,10,4.326221529733112,2.73945624602484,1.58907720822108,1.459339028139794,2
602,9,4.326221529733112,2.330186352130296,1.186579249034941,1.03545210271359,2
602,10,4.326221529733112,6.462876254013185,8.871535567921953,2.871872801365325,2
603,9,4.326221529733112,12.54415419750492,20.22717106827396,17.06080991897334,2
603,10,4.326221529733112,0.9311407389003781,1.472422573880833,1.266407834603271,2
604,9,4.326221529733112,16.71452292240836,23.224983756555,13.2862476559958,2
604,10,4.326221529733112,2.360734863180072,1.894953528793515,1.87653025981997,2
605,9,4.326221529733112,5.441097408490383,7.095457861893553,3.6465211540282,2
605,10,4.326221529733112,2.434459061385856,2.472612192859001,1.631528678774774,2
606,9,4.326221529733112,5.641331411979283,5.903347929323158,5.256304083800307,2
606,10,4.326221529733112,4.627386227200725,4.871957133148212,4.311561818847773,2
607,9,4.326221529733112,9.159780979869439,3.755677903374308,1.305511711091032,2
607,10,4.326221529733112,6.023244151299098,2.397605944029594,0.8584720306700628,2
608,9,4.326221529733112,0.3334014688878099,0.1807524611845611,0.07450732215617385,2
608,10,4.326221529733112,3.901646246944306,2.813515951422774,0.8719254142168386,2
609,9,4.326221529733112,4.277222215911148,27.88201428704428,3.566093129321242,2
609,10,4.326221529733112,7.815080360866209,19.27015781356443,6.515748533313356,2
610,9,4.326221529733112,0.7979869572641399,2.189105494352943,0.746826630713925,2
610,10,4.326221529733112,9.26403159835183,20.2067957153735,8.670098480236581,2
611,9,4.326221529733112,15.11950932511509,44.25601929788896,7.189264507850265,2
611,10,4.326221529733112,0.4325208408193307,0.2123690642809861,0.2056618811460205,2
612,9,4.326221529733112,2.86927458147735,6.27522031559544,6.27472193092474,2
612,10,4.326221529733112,0.2652747786792533,0.6796627285292454,0.5801206626390133,2
613,9,4.326221529733112,5.406126420847445,10.22359332168115,3.841375587144356,2
613,10,4.326221529733112,4.390553531310482,16.42323891077466,3.119750415785266,2
614,9,4.326221529733112,9.700876152577511,43.65618714180803,3.91894497778213,2
614,10,4.326221529733112,11.78553266654342,28.49517230410105,4.761101299264166,2
615,9,4.326221529733112,5.673915981044829,2.103354724161641,0.23672483454319,2
615,10,4.326221529733112,0.6262383524700402,1.366874568154272,0.02612766400988744,2
616,9,4.326221529733112,2.250916938065099,6.756271017029193,2.241954496771456,2
616,10,4.326221529733112,1.738707448908893,3.086919896105726,1.73178446424689,2
617,9,4.326221529733112,5.945945422133788,10.77067827603545,8.689143024989928,2
617,10,4.326221529733112,2.560496737885241,3.817683350700539,3.741797273766567,2
618,9,4.326221529733112,1.881647685659994,0.1008775087709119,0.09504366847451452,2
618,10,4.326221529733112,0.7170926137064935,0.5428600084044795,0.03622097439496887,2
619,9,4.326221529733112,2.297217126486814,5.567637570651661,1.494443544246214,2
619,10,4.326221529733112,7.051366887846442,12.35324367662665,4.587232787946967,2
620,9,4.326221529733112,3.883644141365362,2.521354296071101,2.259614548063121,2
620,10,4.326221529733112,4.955095701500071,3.111767341363181,2.883015520113599,2
621,9,4.326221529733112,0.2416975545550704,0.1177652958693404,0.1176267541166672,2
621,10,4.326221529733112,8.128071848930363,6.154583518929296,3.955682177160364,2
622,9,4.326221529733112,13.76877905851501,92.09108315718606,9.739239025650786,2
622,10,4.326221529733112,2.224810899197759,7.946655303915203,1.573702725715534,2
623,9,4.326221529733112,2.551620664633405,3.398712773603304,0.4901008366274909,2
623,10,4.326221529733112,1.111579007396682,1.021711780907313,0.2135057961607079,2
624,9,4.326221529733112,6.67018720850851,31.52609045449852,2.206382276139982,2
624,10,4.326221529733112,1.321379450187455,5.449912745864449,0.4370894111083143,2
625,9,4.326221529733112,2.378433234754897,2.378740901307304,1.346176224461614,2
625,10,4.326221529733112,1.754111191903226,1.25720871856594,0.9928144070209683,2
626,9,4.326221529733112,2.913485054900571,4.848097791681686,2.360553788682817,2
626,10,4.326221529733112,1.393274046117186,2.052588821278895,1.128853680818899,2
627,9,4.326221529733112,3.337701885412756,2.997175838018164,2.894943882552845,2
627,10,4.326221529733112,3.214994603827883,3.509464145248617,2.788514157441285,2
628,9,4.326221529733112,9.814892235287367,14.76453750669427,14.73198634819136,2
628,10,4.326221529733112,0.2478783471151035,0.3861889413580182,0.3720611839815097,2
629,9,4.326221529733112,3.47208246246439,0.8706894022035658,0.86905353277846,2
629,10,4.326221529733112,4.593046415167231,6.258537266529091,1.149627998893607,2
630,9,4.326221529733112,1.507857781849841,1.26122078633221,0.4433389089689271,2
630,10,4.326221529733112,1.108388678304129,0.3322821316907804,0.3258873835899987,2
631,9,4.326221529733112,3.075054548011574,1.278557297347607,0.8667748619763521,2
631,10,4.326221529733112,8.826588633365626,4.656015910993823,2.487977050473686,2
632,9,4.326221529733112,1.454026143190801,4.9195195026493,1.429702398525788,2
632,10,4.326221529733112,4.982283988677699,12.26799951047609,4.898937616842019,2
633,9,4.326221529733112,3.039231916418175,1.659839218798919,0.7439184368635146,2
633,10,4.326221529733112,0.84383176022109,0.2068186859028573,0.2065462660642476,2
634,9,4.326221529733112,9.540610271227148,9.60000661558913,2.874894136424638,2
634,10,4.326221529733112,4.19060871714874,22.90516689305353,1.262765807058932,2
635,9,4.326221529733112,18.24945364824532,71.34247233836324,14.47548502929505,2
635,10,4.326221529733112,1.462426592513881,5.389554565942409,1.15999824731263,2
636,9,4.326221529733112,11.66535186064381,10.18948020305366,2.388070946898678,2
636,10,4.326221529733112,0.758382088608876,0.1609919069586025,0.1552520879001795,2
637,9,4.326221529733112,1.023200012313107,0.58441738203482,0.257297171895373,2
637,10,4.326221529733112,17.05895220303244,6.312994053426691,4.28969908573013,2
638,9,4.326221529733112,2.307287608992577,2.006700108301913,1.892672723255762,2
638,10,4.326221529733112,17.6373209420145,14.54443363955416,14.46793027802624,2
639,9,4.326221529733112,0.4455051062170172,2.066974966260471,0.2288309693250404,2
639,10,4.326221529733112,8.578710036496208,22.5651412958583,4.406401870181067,2
640,9,4.326221529733112,8.516037719024556,7.234285229701543,1.724167915877809,2
640,10,4.326221529733112,2.937819955859306,2.433723497649437,0.5947947951431063,2
641,9,4.326221529733112,0.02481765335924008,0.02712317485473974,0.005328868731772754,2
641,10,4.326221529733112,2.88740321956639,0.6316184586894844,0.6199858024464912,2
642,9,4.326221529733112,1.310716528474194,1.291398434275492,0.9254821376987425,2
642,10,4.326221529733112,1.283349546988313,1.130617970977477,0.9061586211505848,2
643,9,4.326221529733112,1.750983524714969,12.77009851466805,3.320669797885129,2
643,10,4.326221529733112,1.988208016711029,4.635035522065348,3.770556501426895,2
644,9,4.326221529733112,0.7873487634410488,1.472511175150455,0.5476177221133427,2
644,10,4.326221529733112,6.027857613548543,8.594017652869152,4.192502495499474,2
645,9,4.326221529733112,6.826022549788142,12.25448128138076,2.367821761766087,2
645,10,4.326221529733112,4.469985011886005,8.247331003968831,1.550555643306572,2
646,9,4.326221529733112,0.6300497504252381,0.4639261952202203,0.2478988511430627,2
646,10,4.326221529733112,27.32804885885115,56.11794845589144,10.75247139058197,2
647,9,4.326221529733112,0.2178380635696615,0.2389801757644721,0.169040033757477,2
647,10,4.326221529733112,4.054117508227154,23.1746475565627,3.145952315300237,2
648,9,4.326221529733112,0.004050362252116765,0.01284930805751642,0.003067928610047593,2
648,10,4.326221529733112,7.978670007984225,12.3460182897411,6.043407592698897,2
649,9,4.326221529733112,7.548933191991288,5.37358349155078,4.779087675571231,2
649,10,4.326221529733112,2.869835865489813,7.96574488154803,1.816839130358871,2
650,9,4.326221529733112,11.22899760204638,58.58158327008569,4.830770222512264,2
650,10,4.326221529733112,0.09364057206976885,0.4704503329212327,0.04028463654593847,2
651,9,4.326221529733112,0.7914233410391346,1.79377598380641,0.511958262164211,2
651,10,4.326221529733112,2.099979348270101,4.990403134500356,1.358440826763449,2
652,9,4.326221529733112,4.710018472583032,4.60890112284385,0.9406000968510688,2
652,10,4.326221529733112,2.124809446118177,1.36371274650631,0.4243286905226867,2
653,9,4.326221529733112,3.498534581673089,2.099286197862258,1.081799395045797,2
653,10,4.326221529733112,0.8522507230930731,0.7355621759378571,0.2635287132787246,2
654,9,4.326221529733112,0.09533425962621397,0.2693820909994222,0.05958405322105881,2
654,10,4.326221529733112,0.2642056027584405,0.1656412126210581,0.1651288923602461,2
655,9,4.326221529733112,1.905982272701096,2.554962041027798,2.546163368139152,2
655,10,4.326221529733112,7.328345338729934,16.58743056986844,9.789789085553405,2
656,9,4.326221529733112,0.6559443626219835,0.1398907043004658,0.08181127810374537,2
656,10,4.326221529733112,5.991297211032121,7.108009273088379,0.7472519168770057,2
657,9,4.326221529733112,14.4635860229625,16.739001903731,6.091569148952016,2
657,10,4.326221529733112,1.714317021450748,0.7413396047790544,0.7220118622597114,2
658,9,4.326221529733112,0.8355527458645101,0.4706221315772906,0.2692145207022182,2
658,10,4.326221529733112,1.161432855166918,0.866793273322667,0.3742128680434887,2
659,9,4.326221529733112,2.612884824060545,16.41749661508975,2.51075933375733,2
659,10,4.326221529733112,0.2871851568365367,3.243486432347033,0.275960427495364,2
660,9,4.326221529733112,2.715701654404299,4.22085658433222,0.7870229800322071,2
660,10,4.326221529733112,1.44813616410902,2.003836065675994,0.419676600896534,2
661,9,4.326221529733112,7.228588281074296,4.750167223424205,4.370925364698981,2
661,10,4.326221529733112,3.246881654075945,2.771310570299252,1.963298617398523,2
662,9,4.326221529733112,5.677733822117869,22.694279209727,3.17732490791618,2
662,10,4.326221529733112,5.454394884169301,22.80131287945068,3.052341879002924,2
663,9,4.326221529733112,8.369820902172226,3.535743891515424,3.499466541409801,2
663,10,4.326221529733112,1.079797209340486,1.377172406615629,0.451468944169882,2
664,9,4.326221529733112,0.7419730820482664,1.142229622633912,0.3881078066508765,2
664,10,4.326221529733112,10.95352655796629,13.05678418035532,5.729519399502794,2
665,9,4.326221529733112,4.240353763029643,2.263111914451563,2.230955709179844,2
665,10,4.326221529733112,17.13814417015626,9.515369438309618,9.016804426675867,2
666,9,4.326221529733112,0.321904024578836,0.3380854035230238,0.3358398072662687,2
666,10,4.326221529733112,7.127205383155175,7.679154723364223,7.435754446865394,2
667,9,4.326221529733112,0.6278557622361212,0.9683054674403015,0.30241159822436,2
667,10,4.326221529733112,5.525007640526961,4.465246113567833,2.66116278812649,2
668,9,4.326221529733112,3.64758770713441,8.120913866019974,5.515206838478185,2
668,10,4.326221529733112,0.7946274603916945,1.755907682627184,1.201488533098989,2
669,9,4.326221529733112,3.567001636504803,9.187283121328433,2.273077952792656,2
669,10,4.326221529733112,9.015356685117842,43.61667774160561,5.74505161639997,2
670,9,4.326221529733112,7.812402998142531,31.23828286257832,7.638292302981539,2
670,10,4.326221529733112,0.1695755210538995,1.283490720007366,0.1657962854128296,2
671,9,4.326221529733112,5.051107937130735,8.007903987924733,7.039871391341672,2
671,10,4.326221529733112,0.5220706659913112,3.025992190265396,0.7276245907860509,2
672,9,4.326221529733112,0.03569625864155754,0.1053973510784287,0.01763383991334176,2
672,10,4.326221529733112,0.683557989141118,1.195590723757212,0.337675504680687,2
673,9,4.326221529733112,2.662574472336361,3.776055256702298,1.020048767742471,2
673,10,4.326221529733112,1.754606876188139,4.25219273239808,0.6722007592740394,2
674,9,4.326221529733112,0.8212060635839632,0.6157378336227589,0.5107813536245646,2
674,10,4.326221529733112,1.092056968711137,1.032823421386476,0.6792477082780104,2
675,9,4.326221529733112,1.062645888927338,0.7370172124813483,0.3523972916522887,2
675,10,4.326221529733112,17.74103607071226,33.87820755623869,5.883326823703599,2
676,9,4.326221529733112,0.006363212616754996,0.008117518164673605,0.002157039366342749,2
676,10,4.326221529733112,3.549976876713683,11.57231773777895,1.203392112423694,2
677,9,4.326221529733112,0.5567779697634415,0.4858084787141363,0.2781027278567181,2
677,10,4.326221529733112,4.195086097605968,11.55048800695065,2.095386223405526,2
678,9,4.326221529733112,3.498469136375087,8.85458229273593,1.54577878610378,2
678,10,4.326221529733112,3.414055178972042,2.018776544538251,1.508480956819541,2
679,9,4.326221529733112,0.7543940216173132,0.5166611353988665,0.2099989685125046,2
679,10,4.326221529733112,4.333776708059521,5.061792655785614,1.206383683297114,2
680,9,4.326221529733112,0.03665107709182156,0.04942552099544416,0.006402953690387279,2
680,10,4.326221529733112,1.161508725299232,0.6175029637053793,0.2029159077764533,2
681,9,4.326221529733112,0.2048060547259532,0.3766198597657882,0.1601295997586158,2
681,10,4.326221529733112,2.531506375061939,2.373934003753958,1.979282805713282,2
682,9,4.326221529733112,0.1834566081165028,0.2861216690123558,0.02107114585842243,2
682,10,4.326221529733112,6.503540911253807,13.07878526666057,0.7469725977394179,2
683,9,4.326221529733112,4.701272609064135,20.46189366299431,3.751156177915476,2
683,10,4.326221529733112,10.61245122853657,22.49187960941312,8.467699131507349,2
684,9,4.326221529733112,6.792053202363207,9.435578341633386,3.339348945991768,2
684,10,4.326221529733112,4.856312125301908,5.54877522970326,2.387631588544021,2
685,9,4.326221529733112,9.481806253578476,4.490831663637621,4.000508272443264,2
685,10,4.326221529733112,6.55980746715908,7.796850451878536,2.767675623840229,2
686,9,4.326221529733112,5.242482760328274,3.999340464438035,2.112330461713949,2
686,10,4.326221529733112,17.92319165368151,17.62596101465112,7.221712580097825,2
687,9,4.326221529733112,0.7580501756905568,3.554560425779722,0.2035179802206294,2
687,10,4.326221529733112,0.3276511523418088,0.9460145846049436,0.08796634164858666,2
688,9,4.326221529733112,7.409870883617534,63.36222448642118,7.883462709254041,2
688,10,4.326221529733112,2.31767704810736,17.55703202313072,2.465808226327449,2
689,9,4.326221529733112,1.963507869978845,2.721416868336216,2.438879670362792,2
689,10,4.326221529733112,11.43535743001518,15.60325570753126,14.20389558188865,2
690,9,4.326221529733112,0.4626175763012299,0.9314728154745503,0.6564900616840272,2
690,10,4.326221529733112,2.383799147945688,3.438286512854179,3.382795055452448,2
691,9,4.326221529733112,12.52649796505753,44.7763450377772,7.709754784330014,2
691,10,4.326221529733112,9.083187287472512,21.2474221237606,5.590480822485418,2
692,9,4.326221529733112,2.972390352597306,10.76220270241809,2.469770677352073,2
692,10,4.326221529733112,7.546238579328641,32.57709414231832,6.270198916250423,2
693,9,4.326221529733112,3.133661996257119,0.6767147288504793,0.6703896960408058,2
693,10,4.326221529733112,2.03297272269951,0.9819253284941531,0.4349173482199475,2
694,9,4.326221529733112,2.842941546902992,9.114990498733032,3.772435977694084,2
694,10,4.326221529733112,2.848764572222937,3.783500637994062,3.780162830270394,2
695,9,4.326221529733112,1.813750209057664,2.423691015365626,2.417216638795287,2
695,10,4.326221529733112,1.739376786878022,2.823760365227711,2.318097877744844,2
696,9,4.326221529733112,1.178592757068817,3.401870025813485,1.118186232061369,2
696,10,4.326221529733112,1.069473909361529,2.835609344899035,1.014660062879619,2
697,9,4.326221529733112,0.3250657116180003,0.8283910200904528,0.1143554469670209,2
697,10,4.326221529733112,2.838851288047912,8.835099367286288,0.9986845622743478,2
698,9,4.326221529733112,2.267146453481504,2.443219252899327,0.8056688382552283,2
698,10,4.326221529733112,0.4117835078816239,0.2648962044320493,0.1463342343403477,2
699,9,4.326221529733112,0.05014748217388227,0.1267285089843961,0.03402629601584266,2
699,10,4.326221529733112,4.772196769131966,5.757274467562304,3.238052497816188,2
700,9,4.326221529733112,2.702729514077205,5.108690926377379,1.941926886268968,2
700,10,4.326221529733112,3.121740984744091,3.306097904081017,2.242989066670305,2
701,9,4.326221529733112,4.478015931237066,8.916163757640568,2.603086092786082,2
701,10,4.326221529733112,9.473198021384968,6.394812621899891,5.506802655984202,2
702,9,4.326221529733112,2.258435775890446,1.238022982046821,0.6305705169788661,2
702,10,4.326221529733112,4.675284408070692,14.26452494996248,1.305370972994796,2
703,9,4.326221529733112,2.030829392396242,1.456275040193235,0.2606923887121476,2
703,10,4.326221529733112,2.599719170944065,5.708041096789394,0.3337193184182253,2
704,9,4.326221529733112,29.12874510837096,110.9238729624266,31.84089685600047,2
704,10,4.326221529733112,18.63181706142214,37.77677007533618,20.36660910332605,2
705,9,4.326221529733112,5.55911112528794,10.32160541884714,3.210619598870861,2
705,10,4.326221529733112,1.872798422422529,2.667565686495014,1.081619558280149,2
706,9,4.326221529733112,1.19909374448324,1.183862965845709,0.7219551366289519,2
706,10,4.326221529733112,5.348423969922544,4.439026858405686,3.220200401945273,2
707,9,4.326221529733112,3.925368031678188,17.41755829211993,2.568177567824968,2
707,10,4.326221529733112,0.2105640474993337,0.2977860964458445,0.1377618248821957,2
708,9,4.326221529733112,4.184472297290558,9.518760160939966,3.364720357852856,2
708,10,4.326221529733112,0.9910268062898864,2.229926294067093,0.7968813827398459,2
709,9,4.326221529733112,2.259606849529581,0.8279788659153785,0.7974574729123405,2
709,10,4.326221529733112,4.251868590694854,6.499295757108251,1.500563862335949,2
710,9,4.326221529733112,0.8805202558951085,1.072603616352904,0.7259479939214972,2
710,10,4.326221529733112,2.695946730423532,4.740023846232862,2.222682678299819,2
711,9,4.326221529733112,1.692431916566806,21.15274603979475,1.851961280725709,2
711,10,4.326221529733112,4.403912374699119,12.9807229522093,4.81902705911871,2
712,9,4.326221529733112,3.089211571478016,21.23860837468257,1.333999249637492,2
712,10,4.326221529733112,0.821131596299722,6.906185814855855,0.3545852745829844,2
713,9,4.326221529733112,9.727980016257698,15.59486241242811,4.602188235648258,2
713,10,4.326221529733112,1.021131693206497,3.765292710508892,0.4830849012506889,2
714,9,4.326221529733112,15.66480356007971,45.88404787869301,6.907702006284164,2
714,10,4.326221529733112,2.899782258524416,1.742628258927289,1.278715794179701,2
715,9,4.326221529733112,0.6577472341323612,1.734708325442763,0.4585007654239768,2
715,10,4.326221529733112,35.39817187309747,128.160027341114,24.67526742219433,2
716,9,4.326221529733112,2.44614349950101,3.870017414993018,3.869804881429463,2
716,10,4.326221529733112,1.960832456141591,3.109849862284883,3.102041647184617,2
717,9,4.326221529733112,0.7204474326929483,2.202781616467727,1.286809018802376,2
717,10,4.326221529733112,1.834109867987593,14.41271177885155,3.275949101211878,2
718,9,4.326221529733112,6.246525952748742,4.816752292041574,4.528624530622216,2
718,10,4.326221529733112,0.5401880150931103,0.552293537510635,0.3916270763627103,2
719,9,4.326221529733112,3.201851260510206,2.617895318378173,1.991517769165186,2
719,10,4.326221529733112,11.65266687547872,16.62801347126627,7.247836096227828,2
720,9,4.326221529733112,2.294178292493475,5.962456782579325,1.661245350043085,2
720,10,4.326221529733112,8.830098880683213,47.82757758951983,6.393993332581129,2
721,9,4.326221529733112,1.923487156480894,2.457347867489693,2.202495598706667,2
721,10,4.326221529733112,0.07587082629462982,0.1428254153964575,0.08687615117216932,2
722,9,4.326221529733112,6.288271343947271,16.84040211062088,4.13641423816712,2
722,10,4.326221529733112,0.805062386290244,1.490724477014938,0.5295686739836853,2
723,9,4.326221529733112,6.736479585182597,19.64187870930938,4.192987132314619,2
723,10,4.326221529733112,3.790691746957906,20.14273143720393,2.359440345150975,2
724,9,4.326221529733112,5.187684503602056,4.619229154215106,4.612067353850393,2
724,10,4.326221529733112,5.990801951182027,5.326958998666495,5.326072177913874,2
725,9,4.326221529733112,3.589070987339742,11.78456555388214,6.496270579919767,2
725,10,4.326221529733112,2.540348163460353,6.880136389002743,4.598067047225707,2
726,9,4.326221529733112,13.6843565690696,60.52573995726053,19.14656756353821,2
726,10,4.326221529733112,0.8590510326049471,1.762334855390016,1.201947534272426,2
727,9,4.326221529733112,1.466040172507415,4.873048436671927,1.013041824837307,2
727,10,4.326221529733112,4.349424532632028,6.275696500160341,3.005476281044691,2
728,9,4.326221529733112,2.388064544686822,3.732817502838702,2.796457523542435,2
728,10,4.326221529733112,3.437878229863006,5.104379647543586,4.025804269952822,2
729,9,4.326221529733112,6.771861925028957,15.89624183276427,15.57466253393676,2
729,10,4.326221529733112,14.31035181432057,35.71123184484782,32.91249920884934,2
730,9,4.326221529733112,3.586228030474455,7.88538088299843,1.711720924330683,2
730,10,4.326221529733112,1.877132667113787,6.146891139651945,0.8959628993860262,2
731,9,4.326221529733112,0.1410772834120655,0.8041050627837458,0.1601785647510083,2
731,10,4.326221529733112,3.611758087702842,6.587458444485643,4.100775211458385,2
732,9,4.326221529733112,8.11777254621288,34.92140401943867,2.759254458514771,2
732,10,4.326221529733112,3.770210285736929,14.35040143393488,1.281505422976046,2
733,9,4.326221529733112,6.903080361899594,9.800161045455054,4.263489640469744,2
733,10,4.326221529733112,5.337631331097035,5.912067878759739,3.296634935670468,2
734,9,4.326221529733112,2.797602001083866,3.696011959334117,3.570683642101723,2
734,10,4.326221529733112,0.8545953195443462,4.968396984484741,1.090751839229262,2
735,9,4.326221529733112,0.3904043627807288,0.8669718912986816,0.4764157928420278,2
735,10,4.326221529733112,1.802557629603104,11.22514662893311,2.19968577229537,2
736,9,4.326221529733112,0.5336916157512002,0.570434888504889,0.5236884927174731,2
736,10,4.326221529733112,0.3660814025165279,0.3592263904394969,0.3592198420166917,2
737,9,4.326221529733112,26.13189159608475,31.12550728876259,20.00060677634356,2
737,10,4.326221529733112,0.1905162414067158,0.1837180761827301,0.1458157139092667,2
738,9,4.326221529733112,12.5050169626345,31.34327512334224,16.33981699758134,2
738,10,4.326221529733112,18.48662831964784,28.84808035705699,24.1557548100848,2
739,9,4.326221529733112,0.7664079665513797,0.9113443986874199,0.3664014855432348,2
739,10,4.326221529733112,4.315764873138407,15.47194843761037,2.063264905620227,2
740,9,4.326221529733112,3.260466356063966,15.0539058694205,1.996408234321058,2
740,10,4.326221529733112,4.063393662793491,27.9893389758489,2.488046703074086,2
741,9,4.326221529733112,1.334161625125812,4.175514967904057,0.5747635408978476,2
741,10,4.326221529733112,11.01080973927557,95.07454068995155,4.743512236234303,2
742,9,4.326221529733112,8.98896446611176,8.30494171824267,5.099334024364792,2
742,10,4.326221529733112,4.767040232039766,18.91424827760441,2.704285965574757,2
743,9,4.326221529733112,5.302381194767277,19.52808669164912,6.119847494253716,2
743,10,4.326221529733112,2.793498155438464,15.35838130588663,3.224170812847943,2
744,9,4.326221529733112,0.5346290900117839,2.220235014292713,0.07477085831920185,2
744,10,4.326221529733112,2.050170269735411,5.250351219290395,0.2867277400959373,2
745,9,4.326221529733112,0.02103395887099806,0.08043314699364347,0.01379832593297422,2
745,10,4.326221529733112,4.513327279850511,29.9447690501195,2.960753191137445,2
746,9,4.326221529733112,5.037451054124996,22.75134293089151,2.307484575992824,2
746,10,4.326221529733112,5.471600515810175,14.37700562018844,2.506353642064206,2
747,9,4.326221529733112,8.454074461350293,16.490386664406,1.72541440906469,2
747,10,4.326221529733112,10.12224951600126,16.03817784082311,2.065876666559088,2
748,9,4.326221529733112,12.67874732732517,66.22326612286348,8.781545519639653,2
748,10,4.326221529733112,2.835519659878145,16.41819315320215,1.963935736095016,2
749,9,4.326221529733112,2.903580903745722,7.967869363839535,1.842178619169377,2
749,10,4.326221529733112,8.468251186963725,48.32278634628884,5.372686966722947,2
750,9,4.326221529733112,1.273617216056592,4.134606810953349,0.761555976262402,2
750,10,4.326221529733112,8.358337799253546,33.32764446867927,4.997845524065713,2
751,9,4.326221529733112,0.4718410589087264,0.2797520401478776,0.2384174297497554,2
751,10,4.326221529733112,3.836232169874517,2.859983343962185,1.938416754108158,2
752,9,4.326221529733112,2.213449950034894,13.89366967518274,0.2135466905886294,2
752,10,4.326221529733112,0.02113850302725357,0.03107698893553095,0.002039376298251768,2
753,9,4.326221529733112,0.8376498932471361,1.707436990545071,0.2251675266650778,2
753,10,4.326221529733112,0.3360366495678021,0.3947139596884893,0.09032955398428945,2
754,9,4.326221529733112,5.914678164337614,6.104515078966823,6.007883873419188,2
754,10,4.326221529733112,0.2619155136950423,0.3089157291781476,0.2660428762488669,2
755,9,4.326221529733112,0.9328478244901877,1.204376823252548,0.6968334081704093,2
755,10,4.326221529733112,6.470080283939303,5.024510575524484,4.833122806345805,2
756,9,4.326221529733112,0.5948832134629175,1.446817482933853,0.6220698947947283,2
756,10,4.326221529733112,1.073199128149857,1.129066360084879,1.122245263663994,2
757,9,4.326221529733112,3.87460487699575,3.581236129741267,2.566783146923844,2
757,10,4.326221529733112,0.01594230333041744,0.01160166526681443,0.01056118928529089,2
758,9,4.326221529733112,1.316728810478661,2.438574396111226,0.9854171979376922,2
758,10,4.326221529733112,7.378105951140464,8.711094873718068,5.52164761232592,2
759,9,4.326221529733112,2.230809349095193,2.030116868469561,1.855176261783738,2
759,10,4.326221529733112,3.546479353406581,3.645152693374465,2.949308201534382,2
760,9,4.326221529733112,10.13157237335158,14.47077514662818,4.78832037903335,2
760,10,4.326221529733112,4.472975632876696,4.285447839981707,2.113989772619851,2
761,9,4.326221529733112,0.4877761388834618,1.201712441808319,0.2950692632931302,2
761,10,4.326221529733112,8.456144164818276,15.07435232503333,5.115355242109464,2
762,9,4.326221529733112,2.855109691042523,12.51403756212463,1.354256119549976,2
762,10,4.326221529733112,2.92396944531525,16.98445686337483,1.386918172397585,2
763,9,4.326221529733112,5.062225169442248,1.658094669217156,1.527321562281255,2
763,10,4.326221529733112,6.279330513855458,11.31409194260739,1.894533840255618,2
764,9,4.326221529733112,12.58702004099993,12.99079477692486,11.00702064387538,2
764,10,4.326221529733112,12.25412586043038,11.87657309938091,10.71591336782278,2
765,9,4.326221529733112,14.07940148869526,45.6263095665816,19.43707735506249,2
765,10,4.326221529733112,2.352074449670124,3.583177610114035,3.247116225772241,2
766,9,4.326221529733112,2.226057355578064,5.981425492241857,5.634457667261089,2
766,10,4.326221529733112,4.364847126349003,11.58161300598286,11.04802906171894,2
767,9,4.326221529733112,6.485598939030238,36.02777736465691,3.822862050394531,2
767,10,4.326221529733112,3.699348309899174,5.28843086724432,2.18053851279606,2
768,9,4.326221529733112,6.466157803773195,21.00863381374899,5.865503119103908,2
768,10,4.326221529733112,1.140272570825566,8.432488805298586,1.034350308757263,2
769,9,4.326221529733112,1.796829134603988,6.960683336028869,1.940381426909578,2
769,10,4.326221529733112,1.096786396878291,2.361232960358847,1.184410867346468,2
770,9,4.326221529733112,6.754972488195281,8.863556129451444,2.930140079832974,2
770,10,4.326221529733112,2.027854577500658,1.380642302081157,0.8796331863662308,2
771,9,4.326221529733112,2.066666533135589,2.508078150526911,1.155311728482752,2
771,10,4.326221529733112,6.826073372428421,27.35853699765522,3.815924098158785,2
772,9,4.326221529733112,1.103570486660969,1.099354733183165,0.9471766730517254,2
772,10,4.326221529733112,0.2690184868206943,0.3334993943357383,0.2308942096731834,2
773,9,4.326221529733112,2.997432977206395,2.661258616605526,0.8627220715182701,2
773,10,4.326221529733112,5.075030954083177,3.341969218101888,1.460696953366608,2
774,9,4.326221529733112,3.794321936567639,11.15250377838764,1.13377258384907,2
774,10,4.326221529733112,1.953441017898071,6.321452879892423,0.5837032037040415,2
775,9,4.326221529733112,2.445795599193021,0.7130046881107339,0.5253518969273308,2
775,10,4.326221529733112,12.62119699250816,23.91227311259932,2.711007323627293,2
776,9,4.326221529733112,8.59796287235924,5.473264099405291,3.994414117119915,2
776,10,4.326221529733112,0.7522032413437961,0.5334924714581452,0.3494561782566255,2
777,9,4.326221529733112,21.16296219549728,222.6741816584019,10.85799669088159,2
777,10,4.326221529733112,16.44585372314713,41.77747954173824,8.43780864205519,2
778,9,4.326221529733112,7.642508849731652,17.96617976850554,1.525920699572666,2
778,10,4.326221529733112,0.9071903643028926,0.1833145919152992,0.1811316915113887,2
779,9,4.326221529733112,0.4805353938760707,0.5485143122899766,0.2583019001878435,2
779,10,4.326221529733112,3.678468012899179,5.851935757902158,1.977284690411592,2
780,9,4.326221529733112,0.7506380783888319,0.6265269755600732,0.373182801595221,2
780,10,4.326221529733112,4.166517355269751,6.559777512126708,2.071401204255521,2
781,9,4.326221529733112,7.460568998351165,4.923420213119353,2.101016403547503,2
781,10,4.326221529733112,8.532892881787181,6.77501314921769,2.40300008193889,2
782,9,4.326221529733112,5.81386893000795,9.102414248843219,1.874207473170538,2
782,10,4.326221529733112,1.6507437724661,1.159454932995517,0.5321475856941035,2
783,9,4.326221529733112,8.251933443871879,18.62418361901004,11.32131426450558,2
783,10,4.326221529733112,2.843436984478762,3.905258971826993,3.901078930357641,2
784,9,4.326221529733112,4.48161064655901,8.912978036141249,4.91091136413074,2
784,10,4.326221529733112,2.13708222479121,13.73451525516956,2.34179678055412,2
785,9,4.326221529733112,0.5457502389381186,0.7415575685979267,0.3498814011476002,2
785,10,4.326221529733112,3.522578040206066,2.980375161887261,2.258330738905668,2
786,9,4.326221529733112,1.65279905944081,10.24047616595302,2.049466718882345,2
786,10,4.326221529733112,0.729502791093195,4.33374719205064,0.9045816447784739,2
787,9,4.326221529733112,11.388358578188,17.31469909604165,5.856276443254483,2
787,10,4.326221529733112,0.149794794797826,0.1120569944473143,0.07702951413707815,2
788,9,4.326221529733112,5.042419271085321,1.891742323930805,1.868162675677957,2
788,10,4.326221529733112,7.295296197726439,6.829975271529053,2.702829600616375,2
789,9,4.326221529733112,4.906224786495992,5.122153605831786,1.104927019224789,2
789,10,4.326221529733112,0.4359463366189033,0.4323226462863159,0.09817913104758333,2
790,9,4.326221529733112,3.988714552318997,5.723242233291018,5.651249251592699,2
790,10,4.326221529733112,0.747396255118013,1.130350197196212,1.058918223396866,2
791,9,4.326221529733112,1.075960355146754,3.810514005660499,0.4606608263581248,2
791,10,4.326221529733112,0.4646360139022645,0.5241621154216101,0.1989289002109828,2
792,9,4.326221529733112,2.144482126783762,8.914588642757478,1.556034216964219,2
792,10,4.326221529733112,4.639955108198557,6.750030916966403,3.366747068376423,2
793,9,4.326221529733112,5.804065298637973,8.669520655591565,4.739895614635876,2
793,10,4.326221529733112,0.5888485494113177,1.523113846057418,0.4808837450010045,2
794,9,4.326221529733112,1.304896494419014,4.20092569826592,0.3660367211489025,2
794,10,4.326221529733112,1.572365553494959,2.964691208372094,0.4410645090322096,2
795,9,4.326221529733112,1.75310722999676,3.254928115442899,1.028776732254373,2
795,10,4.326221529733112,2.82526022520516,6.114263379151066,1.657948773766788,2
796,9,4.326221529733112,0.09382327886972669,0.1077654189693312,0.07810202393178445,2
796,10,4.326221529733112,0.3451308758746466,0.4801561843292473,0.2872999137515423,2
797,9,4.326221529733112,1.142973106521443,5.360851126743594,1.158037201380415,2
797,10,4.326221529733112,4.220081728592372,18.44237207894421,4.275701332509045,2
798,9,4.326221529733112,0.4851533935380128,0.9525632664337527,0.4705575404767116,2
798,10,4.326221529733112,6.794727181544688,21.5757747704925,6.590307629183697,2
799,9,4.326221529733112,0.5891648290423976,0.9398047868270826,0.5232667925217735,2
799,10,4.326221529733112,4.008445853842685,6.07658433783577,3.56010152260213,2
800,9,4.326221529733112,0.7911867711091388,0.9496198339209683,0.5350685796601506,2
800,10,4.326221529733112,1.82445132663418,9.024084426147956,1.23385098898041,2
801,9,4.326221529733112,12.87809102324356,23.54527825600669,4.842069414537447,2
801,10,4.326221529733112,1.760073963794185,0.9022341358836855,0.6617751258342177,2
802,9,4.326221529733112,0.3355817358935296,0.205375324364557,0.1717972726029788,2
802,10,4.326221529733112,3.74030635899274,8.024066728196056,1.91480751913865,2
803,9,4.326221529733112,9.980093136318843,35.65846915637665,14.72164417404246,2
803,10,4.326221529733112,0.8677798282818066,3.844930622036244,1.280062788881801,2
804,9,4.326221529733112,1.349077781586371,4.205095116212583,1.902870147400029,2
804,10,4.326221529733112,0.4021260712059546,0.7618970823434159,0.5671976122008946,2
805,9,4.326221529733112,1.973010189919465,2.217595591902597,1.710178272171548,2
805,10,4.326221529733112,5.978756050031579,5.273749397541329,5.182304046688959,2
806,9,4.326221529733112,4.043711001264247,9.528757945671281,1.382445750075431,2
806,10,4.326221529733112,2.867343020644232,7.395412812163646,0.9802743498877042,2
807,9,4.326221529733112,7.367368988866842,3.970401085040224,1.250240584624872,2
807,10,4.326221529733112,7.596952946927562,3.70134253651268,1.289200922077778,2
808,9,4.326221529733112,2.328838347935656,5.076528617898643,1.56554782158796,2
808,10,4.326221529733112,2.623522735417428,7.006172549764636,1.76364766019935,2
809,9,4.326221529733112,9.743227706294968,2.759843053536808,2.142556584774466,2
809,10,4.326221529733112,1.499111638731627,0.4544494671694425,0.3296578515558352,2
810,9,4.326221529733112,0.1239121986796974,0.1157041803128587,0.07609149315780284,2
810,10,4.326221529733112,3.14708481992115,6.506695190059346,1.93254889828124,2
811,9,4.326221529733112,4.245369419616653,8.909436273417704,0.298465158928492,2
811,10,4.326221529733112,2.004003541977749,1.956429568219338,0.1408888547804301,2
812,9,4.326221529733112,2.435914848613993,1.194743643224024,0.822451620929096,2
812,10,4.326221529733112,4.051116575689824,14.41411314593909,1.367801257972793,2
813,9,4.326221529733112,4.57522445228268,53.52204329939904,1.293820521609802,2
813,10,4.326221529733112,24.3606036775676,52.0228783510502,6.888896771198843,2
814,9,4.326221529733112,6.044332714870386,7.768395215292147,7.765494505707046,2
814,10,4.326221529733112,12.51647158462358,22.21126242767417,16.08061566202467,2
815,9,4.326221529733112,0.9611471678135908,1.619631621303019,0.6616352889150133,2
815,10,4.326221529733112,1.45415387982653,2.297402999542901,1.001011660466664,2
816,9,4.326221529733112,2.166041850458577,0.8424787253474925,0.7489229462724818,2
816,10,4.326221529733112,0.9106804498162558,1.69572043527067,0.3148736417279959,2
817,9,4.326221529733112,4.819172097111595,16.76182012073523,5.485443140757366,2
817,10,4.326221529733112,5.321952101104227,27.1475238225682,6.057734619176316,2
818,9,4.326221529733112,3.08537777211272,2.045296691741939,2.007335226220357,2
818,10,4.326221529733112,4.29729689441045,4.358031652541606,2.795805269502115,2
819,9,4.326221529733112,15.20371715959421,73.48980161885312,5.099795266764468,2
819,10,4.326221529733112,6.755536210914971,21.04405334921307,2.266015029827064,2
820,9,4.326221529733112,2.449209845590218,1.932415850375887,1.932330608125067,2
820,10,4.326221529733112,9.770122157875671,11.16102488296618,7.708243589162343,2
821,9,4.326221529733112,0.9287104212674889,12.10539647068481,0.5891746287225049,2
821,10,4.326221529733112,0.9404897671935187,8.335440952449609,0.5966474551317218,2
822,9,4.326221529733112,0.5451104671776537,0.4713537227028231,0.4643799897093684,2
822,10,4.326221529733112,6.543546931899487,5.686942530260517,5.574452225493464,2
823,9,4.326221529733112,3.987963936966947,0.5951986228813295,0.5192883833125995,2
823,10,4.326221529733112,3.094437258648842,2.218585089128833,0.4029387794635286,2
824,9,4.326221529733112,4.132828613518933,4.238699191984986,2.276823492661779,2
824,10,4.326221529733112,0.8412151200985265,2.476247413804749,0.4634352224424392,2
825,9,4.326221529733112,5.769057487024674,4.719255097786978,4.550146672469227,2
825,10,4.326221529733112,2.159258991133055,4.897057703675257,1.703041638188014,2
826,9,4.326221529733112,1.129616207047152,1.010411047380159,0.9344443782318803,2
826,10,4.326221529733112,0.148701741078897,0.2435871644343899,0.1230094833250456,2
827,9,4.326221529733112,6.052588176882342,9.941392046578722,2.987804895917229,2
827,10,4.326221529733112,2.171840498934299,6.740516501173593,1.072109234302752,2
828,9,4.326221529733112,1.510069501329497,3.512714512393238,1.958617367020575,2
828,10,4.326221529733112,3.207295932631313,4.485279398606592,4.159984364491471,2
829,9,4.326221529733112,3.154866763627771,3.785348977835927,1.924497200090047,2
829,10,4.326221529733112,1.631434135286986,1.18801495602576,0.9951895470478794,2
830,9,4.326221529733112,5.912984346443506,4.175290962237953,3.107887181540935,2
830,10,4.326221529733112,14.47603829278911,8.24836356154427,7.608661077669717,2
831,9,4.326221529733112,1.134790902366668,3.314697995423821,2.504164690879163,2
831,10,4.326221529733112,5.020992613810934,12.42231790472832,11.07992000151563,2
832,9,4.326221529733112,25.42438452549285,207.0870858009408,16.20986606955767,2
832,10,4.326221529733112,2.280533782956101,7.188918937734301,1.454003622064219,2
833,9,4.326221529733112,3.758196458714994,1.193178197700075,1.181282207642959,2
833,10,4.326221529733112,4.193744593366393,1.567516986759484,1.318184380716608,2
834,9,4.326221529733112,5.767054596575176,2.469645862364671,0.9137710524676456,2
834,10,4.326221529733112,2.596913013839438,13.67180641746519,0.4114724246294129,2
835,9,4.326221529733112,5.724033468001008,14.14806660833737,3.752720653401463,2
835,10,4.326221529733112,1.900956811719944,7.531158477560327,1.24628200174674,2
836,9,4.326221529733112,0.5582391094536678,1.020515485450497,0.2667267029954383,2
836,10,4.326221529733112,10.92669105746837,63.20096692371326,5.220774093131086,2
837,9,4.326221529733112,4.014044596796798,4.968212838074408,4.79510981349237,2
837,10,4.326221529733112,1.437265172687636,2.213333615597759,1.716932676743296,2
838,9,4.326221529733112,0.593335067050933,0.5388842059031366,0.5052982651058257,2
838,10,4.326221529733112,2.28153229683892,3.148186327563352,1.943007206881727,2
839,9,4.326221529733112,6.613092319941673,1.72388816556477,1.32096472326826,2
839,10,4.326221529733112,5.8342106651492,6.088746448869908,1.165383167801522,2
840,9,4.326221529733112,1.378961047399484,1.533871429735762,1.072971286666174,2
840,10,4.326221529733112,5.11675839864707,8.953100098446461,3.981356001976908,2
841,9,4.326221529733112,5.367743902110353,32.63608070224655,1.157003750820084,2
841,10,4.326221529733112,4.607890662450332,11.39374473347562,0.9932192885968033,2
842,9,4.326221529733112,3.056893701393499,9.49803045629106,1.677169544329981,2
842,10,4.326221529733112,5.198771233225735,17.64661344692363,2.852314025944155,2
843,9,4.326221529733112,5.317318239479102,6.797664331139478,2.458540082297349,2
843,10,4.326221529733112,2.193473905063951,3.512343778418527,1.014184833819783,2
844,9,4.326221529733112,0.6297264494211046,1.127570924232798,0.7030782642853989,2
844,10,4.326221529733112,4.880794746827324,7.063122686936196,5.4493196245564,2
845,9,4.326221529733112,1.387885600491225,2.433455201436295,0.5291659937884984,2
845,10,4.326221529733112,1.299801829511069,0.95345111272523,0.4955818596272565,2
846,9,4.326221529733112,0.2627735099027162,0.1413446661700748,0.07150089734570882,2
846,10,4.326221529733112,6.730260504177522,4.925164495796685,1.831309653690862,2
847,9,4.326221529733112,0.1755559815568815,0.0481662446976753,0.04599506128631541,2
847,10,4.326221529733112,1.618939087907946,0.5107019093383497,0.4241564537236283,2
848,9,4.326221529733112,9.317749756240731,13.27041006711446,5.424536929119267,2
848,10,4.326221529733112,0.07456067199722738,0.2415508583487286,0.04340716689005478,2
849,9,4.326221529733112,6.490408054126414,13.33598403832115,13.0237414089931,2
849,10,4.326221529733112,1.330495760938393,2.882938737012387,2.669790957936221,2
850,9,4.326221529733112,6.95306955569039,14.66395437212907,4.832439335883697,2
850,10,4.326221529733112,0.3755047992574196,0.2804344929343316,0.2609788595109902,2
851,9,4.326221529733112,2.732594421101548,3.160633991582393,2.424207210694622,2
851,10,4.326221529733112,0.8888345133106369,0.8445203608014606,0.7885250074591357,2
852,9,4.326221529733112,1.810688524880242,1.859636700132776,1.555538356104688,2
852,10,4.326221529733112,9.486088908925433,8.477208668462668,8.149372431809457,2
853,9,4.326221529733112,1.041526472876522,0.8466836541687501,0.7093287801525577,2
853,10,4.326221529733112,4.132989628295815,17.06426963018608,2.814761379348834,2
854,9,4.326221529733112,0.8287155751358992,0.553967656561095,0.5286229696972051,2
854,10,4.326221529733112,4.048546538743802,14.33573252084427,2.582496043853321,2
855,9,4.326221529733112,21.41605345511282,69.62781932339199,25.01655452690541,2
855,10,4.326221529733112,5.511566084607114,6.727203466979097,6.438179367324055,2
856,9,4.326221529733112,3.531077880034835,11.17645422266144,3.639567732237453,2
856,10,4.326221529733112,3.665739474902155,11.74956344656515,3.778366708669515,2
857,9,4.326221529733112,3.207854663796742,2.121386081154812,1.956598209772312,2
857,10,4.326221529733112,9.573057071847185,6.859807876899271,5.838988449263235,2
858,9,4.326221529733112,8.076962216909493,6.370098525911424,3.009800729498872,2
858,10,4.326221529733112,3.091526328419532,1.441061446801371,1.152026956256138,2
859,9,4.326221529733112,9.219205998455212,31.57841971526613,8.359211332954445,2
859,10,4.326221529733112,8.994137741297205,12.72263990100319,8.155138105147323,2
860,9,4.326221529733112,0.4262192748318279,2.308188773108055,0.7770413061327937,2
860,10,4.326221529733112,6.19375577119628,36.18370049084048,11.29184989631654,2
861,9,4.326221529733112,6.640700787591316,10.87929079408104,0.5896052256185381,2
861,10,4.326221529733112,5.056645979677002,0.9055670709834014,0.4489623895254498,2
862,9,4.326221529733112,1.943594085050928,1.047149859808771,0.8385315549204988,2
862,10,4.326221529733112,3.623822965936015,1.627259876498802,1.563438543960849,2
863,9,4.326221529733112,3.796616262895021,2.986216738864811,2.171322196351827,2
863,10,4.326221529733112,3.906290154779763,3.839551309952813,2.234045774222203,2
864,9,4.326221529733112,1.121746769350424,5.58970122308355,0.6423742537971501,2
864,10,4.326221529733112,3.322168130242221,31.46850216947219,1.902457249677493,2
865,9,4.326221529733112,5.515534045059495,11.87563218623242,11.03728995646569,2
865,10,4.326221529733112,0.4873992405995259,0.9758396145571532,0.9753482979362383,2
866,9,4.326221529733112,1.036423868048209,1.077718293532834,0.9076644679556682,2
866,10,4.326221529733112,3.38068993701813,3.161176255176961,2.960692268487886,2
867,9,4.326221529733112,2.837402872358043,2.491440704493745,2.427363996324897,2
867,10,4.326221529733112,1.881351275430653,1.673834726076569,1.609473365558794,2
868,9,4.326221529733112,21.51555853710714,72.12792601951165,16.38086485742596,2
868,10,4.326221529733112,3.498680354304119,6.844191072373254,2.663719371465257,2
869,9,4.326221529733112,1.01231209199909,0.8920615795284482,0.3168519197440312,2
869,10,4.326221529733112,0.9009752514217096,0.7537793746727655,0.282003682768502,2
870,9,4.326221529733112,0.2176272275591825,0.1840631812201052,0.1840496033171331,2
870,10,4.326221529733112,3.771164400628425,3.355651242148511,3.189312843635817,2
871,9,4.326221529733112,2.561318602760446,3.257630168894644,1.256415151895038,2
871,10,4.326221529733112,0.5806025878168491,0.3016222884471044,0.2848056027767761,2
872,9,4.326221529733112,1.490402106083031,0.8724472102016151,0.6485586896528668,2
872,10,4.326221529733112,0.05292700789932549,0.088729293037957,0.02303155017718496,2
873,9,4.326221529733112,0.5589770700026967,3.843341225355113,0.3472570930380233,2
873,10,4.326221529733112,8.639290027476809,37.62414440102245,5.367044377758657,2
874,9,4.326221529733112,1.639247128985478,2.76842682701358,0.9889841131891062,2
874,10,4.326221529733112,11.25629769246808,6.791209191074623,6.791105132554271,2
875,9,4.326221529733112,6.939635574035203,4.485272189123928,3.478079290306856,2
875,10,4.326221529733112,4.951827707990462,4.012463724756729,2.481808910077203,2
876,9,4.326221529733112,1.532482653940552,2.543079578388054,1.486857947793534,2
876,10,4.326221529733112,1.893839994762113,2.255832490758599,1.837457044502734,2
877,9,4.326221529733112,0.5313768910801588,1.066202301171642,1.022569943887639,2
877,10,4.326221529733112,0.2642457431549471,0.5088779737109891,0.5085086673626917,2
878,9,4.326221529733112,1.863713534041416,6.285133406478515,0.4366621032751562,2
878,10,4.326221529733112,6.274475856610917,6.293477808086203,1.470089568194349,2
879,9,4.326221529733112,3.164140369343307,1.487432095967427,1.150619564296216,2
879,10,4.326221529733112,4.928628220868836,2.539310664229438,1.792264373293622,2
880,9,4.326221529733112,0.6497401199240879,0.8055031398353157,0.1124352436019145,2
880,10,4.326221529733112,2.096911870897689,5.72751256164765,0.3628632275988646,2
881,9,4.326221529733112,1.583246099983612,5.368623310111977,2.051865696286136,2
881,10,4.326221529733112,1.926120968178252,3.569507933334553,2.496226923624384,2
882,9,4.326221529733112,4.159139714460848,73.77880319703371,5.64024990342618,2
882,10,4.326221529733112,2.907242833383529,8.104772124974657,3.942540341507505,2
883,9,4.326221529733112,3.754914324357121,10.46240474353443,3.908282485339157,2
883,10,4.326221529733112,1.417141592423243,1.597851225319793,1.475024244624187,2
884,9,4.326221529733112,6.032175118420854,3.65003829329101,2.296974890841436,2
884,10,4.326221529733112,7.413918772460824,5.76557640859878,2.823125146197447,2
885,9,4.326221529733112,2.752479848409001,1.840306530464656,1.320295916349256,2
885,10,4.326221529733112,1.922256864802456,2.146246310500221,0.9220586629326285,2
886,9,4.326221529733112,6.352293358506508,30.5533835694607,3.795413653664488,2
886,10,4.326221529733112,6.310693064617654,11.8086875517973,3.770558012636704,2
887,9,4.326221529733112,6.737224046312941,5.413027088688125,4.288781203805228,2
887,10,4.326221529733112,1.362754512935486,0.8723208262105802,0.8675020899263388,2
888,9,4.326221529733112,7.759536470480572,11.74003605239098,3.688532437669239,2
888,10,4.326221529733112,1.364043629204986,0.955338868068817,0.6484046040455114,2
889,9,4.326221529733112,3.605897505388717,1.928247342421809,0.8344695129278212,2
889,10,4.326221529733112,1.372606155260507,0.4906527272072879,0.317645742318039,2
890,9,4.326221529733112,2.941301595165048,6.406245183064097,3.815655164662469,2
890,10,4.326221529733112,3.837407627828191,8.444008159548082,4.978144457578535,2
891,9,4.326221529733112,0.7441338003708098,0.6872684770157333,0.6788602515904513,2
891,10,4.326221529733112,6.694925909479171,6.957065795998411,6.107663816673397,2
892,9,4.326221529733112,6.025572975409714,8.571244265169211,8.384425913013191,2
892,10,4.326221529733112,2.124992432457035,3.023741581819879,2.956870937977185,2
893,9,4.326221529733112,0.7779757056966857,1.179016329403247,0.1882397048018315,2
893,10,4.326221529733112,2.238582773114672,4.567602895572943,0.541649510775162,2
894,9,4.326221529733112,1.643867000969331,1.634828095172029,0.6823986257125236,2
894,10,4.326221529733112,3.050757978246497,10.5765146541405,1.266424260910002,2
895,9,4.326221529733112,0.653783988687466,0.6238278580342322,0.3278320710272673,2
895,10,4.326221529733112,0.3209630494411292,0.5013524005213763,0.1609430378262334,2
896,9,4.326221529733112,2.733745817207718,2.573718409534148,2.481329488564073,2
896,10,4.326221529733112,12.39835790993778,11.26349056812575,11.25357408799747,2
897,9,4.326221529733112,1.046467473140429,2.6323959420236,0.9997230745411401,2
897,10,4.326221529733112,1.019321637747143,1.792930717242627,0.9737898098034202,2
898,9,4.326221529733112,13.71578318047859,3.592181401868939,3.568133970499811,2
898,10,4.326221529733112,2.281303427657034,0.894640307489307,0.5934765919037144,2
899,9,4.326221529733112,2.595279259676907,2.283228190479166,2.270082107543263,2
899,10,4.326221529733112,5.578908597578427,5.147370440606482,4.879852732518161,2
900,9,4.326221529733112,1.759651265560855,12.71044044702163,1.585200945677606,2
900,10,4.326221529733112,3.082107382713673,5.478186525604772,2.776549895641057,2
901,9,4.326221529733112,1.334142695743592,1.470028032862625,0.6542602992520904,2
901,10,4.326221529733112,1.207681315185224,1.099330926746121,0.5922439490131562,2
902,9,4.326221529733112,20.31078471829423,19.52321441569898,9.231718090537427,2
902,10,4.326221529733112,29.93972948678598,18.252365146903,13.60829461601283,2
903,9,4.326221529733112,0.6641365786633477,0.5808344015143218,0.4569123765992821,2
903,10,4.326221529733112,5.341469305113255,4.550626393576105,3.674821585107347,2
904,9,4.326221529733112,2.68837761382663,5.054729548963491,2.249789265677899,2
904,10,4.326221529733112,5.417010566493325,6.095516278072437,4.533266518022113,2
905,9,4.326221529733112,1.951007276131546,6.771993847445104,0.6756615976343028,2
905,10,4.326221529733112,9.757351342111949,53.17260029637741,3.379109692282901,2
906,9,4.326221529733112,2.560827339001343,5.986132594082444,1.001582396903036,2
906,10,4.326221529733112,0.5458909723038168,0.2623580834235675,0.2135070881822927,2
907,9,4.326221529733112,0.6108180045982307,1.309369473683456,0.5069945478330427,2
907,10,4.326221529733112,8.588108858952976,54.59662863527835,7.128349745600188,2
908,9,4.326221529733112,3.178174868355434,2.880808412286398,2.819834143632385,2
908,10,4.326221529733112,1.989154904099771,2.329086255873695,1.764876744638281,2
909,9,4.326221529733112,0.9168462490315903,0.8218042394417415,0.4000773226382857,2
909,10,4.326221529733112,1.577910440126763,4.250310489370825,0.6885409466589455,2
910,9,4.326221529733112,0.7281202582302739,3.953225205030757,0.6143853379154609,2
910,10,4.326221529733112,1.84612653956845,6.88809426587658,1.557755144190415,2
911,9,4.326221529733112,18.88291025988274,24.1998786474334,10.08526761813191,2
911,10,4.326221529733112,3.454708299668209,2.493309060122227,1.845142367633732,2
912,9,4.326221529733112,11.20731320658551,8.30917398886803,3.72088175133734,2
912,10,4.326221529733112,1.340373753206084,0.4516965170845205,0.445010516467536,2
913,9,4.326221529733112,14.39631870636966,37.45768877497514,9.017070612959701,2
913,10,4.326221529733112,2.304738429034466,2.468352667023753,1.443562731756598,2
914,9,4.326221529733112,1.57422342187631,2.482650184811276,2.384973475614531,2
914,10,4.326221529733112,3.764334941481918,9.352155146357656,5.70302719677662,2
915,9,4.326221529733112,1.095768075358002,1.203985093050023,0.3563303590158802,2
915,10,4.326221529733112,6.557272309198019,6.615213940253938,2.132344652711329,2
916,9,4.326221529733112,3.921209159061733,9.295399407053857,2.92907278375545,2
916,10,4.326221529733112,0.1648955447619783,0.1711427157254788,0.1231740090193019,2
917,9,4.326221529733112,7.46055271323263,8.175490984589148,3.580050521067746,2
917,10,4.326221529733112,4.86211812555355,3.047022673524813,2.333155356976051,2
918,9,4.326221529733112,4.859942668132732,5.909340965462284,2.825941120580981,2
918,10,4.326221529733112,2.787899387555669,4.006467802426369,1.621097213964279,2
919,9,4.326221529733112,1.524219043689878,1.417820182755717,1.2318909081357,2
919,10,4.326221529733112,3.493370545478899,3.301614682759153,2.823381213835626,2
920,9,4.326221529733112,2.481126396827944,2.561427336825203,1.375136051338496,2
920,10,4.326221529733112,6.810960241315689,3.854546621480094,3.774897153180318,2
921,9,4.326221529733112,0.5876692085133747,0.6888346017536663,0.3803895331935271,2
921,10,4.326221529733112,0.2753810133072089,0.4536447034183709,0.1782500317947246,2
922,9,4.326221529733112,12.57043945301949,11.6962238333321,2.202169996887948,2
922,10,4.326221529733112,1.405470887484863,0.6529040380358426,0.2462193809123504,2
923,9,4.326221529733112,11.07433356014908,14.49676342954658,11.37063049111675,2
923,10,4.326221529733112,4.749442742947269,7.081932146103643,4.876515428711939,2
924,9,4.326221529733112,1.947320979239211,0.3462661667232486,0.239782808169662,2
924,10,4.326221529733112,5.004293243757145,2.806909980879778,0.6162022078976188,2
925,9,4.326221529733112,0.1387711203003935,0.07708363184618208,0.07472024909181001,2
925,10,4.326221529733112,0.2092966125758591,0.1248352956066668,0.1126941613780133,2
926,9,4.326221529733112,10.29621995508196,6.168396556698635,3.796440606863253,2
926,10,4.326221529733112,4.996121423491468,8.616908124695035,1.842178812390325,2
927,9,4.326221529733112,7.996700492747769,19.22726365872697,2.944959744405585,2
927,10,4.326221529733112,0.6879127944808635,0.9657267077032765,0.2533389226275222,2
928,9,4.326221529733112,2.563786186870209,2.954095182481408,1.784396291924975,2
928,10,4.326221529733112,2.221492525023614,1.547763439042522,1.546159755634828,2
929,9,4.326221529733112,0.8775829014032208,0.9914581110121163,0.5816729061509582,2
929,10,4.326221529733112,2.715208002642851,4.17138797364047,1.799673771191606,2
930,9,4.326221529733112,3.560318730128035,2.874314996174807,1.297048679777755,2
930,10,4.326221529733112,1.9184646704193,1.514940913684681,0.6989099169439058,2
931,9,4.326221529733112,1.533606107285299,1.109047398540418,0.8888264789571337,2
931,10,4.326221529733112,14.70031323455082,9.284654263079242,8.519806741616001,2
932,9,4.326221529733112,7.606347157659384,4.210569609549313,3.985224636347695,2
932,10,4.326221529733112,1.325780689769508,0.7901912431480234,0.6946217097050468,2
933,9,4.326221529733112,1.980324854500371,6.850069161627863,2.071525704213493,2
933,10,4.326221529733112,0.1755241132723733,0.6354442231684256,0.1836076093913076,2
934,9,4.326221529733112,10.00174560433156,8.816068512462637,6.764263153020648,2
934,10,4.326221529733112,1.897964430547315,2.123045801980001,1.283609018983146,2
935,9,4.326221529733112,2.676309680196136,7.24330007209147,1.397870165887436,2
935,10,4.326221529733112,2.394440793744304,3.643350202775735,1.250646505644181,2
936,9,4.326221529733112,3.653877598060775,3.658194425919151,3.574862483499936,2
936,10,4.326221529733112,1.753837703902823,3.678914078562349,1.715910958034667,2
937,9,4.326221529733112,8.365645375142428,19.97294134764494,3.350564959533962,2
937,10,4.326221529733112,4.189580039859541,9.033141211487271,1.677988899508818,2
938,9,4.326221529733112,1.956569586405673,0.8784270693752727,0.8410677446225774,2
938,10,4.326221529733112,1.90445334405463,0.8399800538994868,0.8186646107310199,2
939,9,4.326221529733112,2.076095076496603,2.252985585209347,0.775003185347356,2
939,10,4.326221529733112,5.706264809727124,5.317071505025726,2.130140114506111,2
940,9,4.326221529733112,1.549248761007555,8.49236503795365,2.385921858195806,2
940,10,4.326221529733112,0.7997653461285988,2.598865540697134,1.23167929436637,2
941,9,4.326221529733112,4.664244773449981,2.070463229743284,1.469107710409284,2
941,10,4.326221529733112,3.829520950471872,8.76597698436975,1.206192862676624,2
942,9,4.326221529733112,6.276273415319128,7.779669360742365,7.657027947852912,2
942,10,4.326221529733112,4.744520407593225,5.845169906094914,5.788295530820593,2
943,9,4.326221529733112,0.8142485871837928,3.590817275366533,0.3912909215902191,2
943,10,4.326221529733112,2.320415059541886,4.813663557588352,1.115086180573283,2
944,9,4.326221529733112,0.1593150727224991,0.3689991650820567,0.1526194186686495,2
944,10,4.326221529733112,0.5501172028431858,1.043977408456499,0.526997014549858,2
945,9,4.326221529733112,7.953065475077444,36.31065405221909,3.717954017238055,2
945,10,4.326221529733112,0.5307857871543838,1.33183865669304,0.2481354083941184,2
946,9,4.326221529733112,5.076899773478165,5.616400360963294,0.8997028546640308,2
946,10,4.326221529733112,0.3111141499809937,0.1099697252514731,0.05513409784580166,2
947,9,4.326221529733112,4.806045517735686,3.901985901814002,2.190649960244201,2
947,10,4.326221529733112,4.582283267679654,2.423451406188867,2.088656593269111,2
948,9,4.326221529733112,3.187050157031238,6.374491663180889,1.510653056521383,2
948,10,4.326221529733112,2.443583851767282,1.169212873060549,1.158252061516695,2
949,9,4.326221529733112,2.71716211786688,1.545152976198781,1.275441004628164,2
949,10,4.326221529733112,7.12424427205845,14.62720863133544,3.344133650260114,2
950,9,4.326221529733112,0.2009043416282837,0.1967283050918014,0.05245044352768557,2
950,10,4.326221529733112,6.802125289705582,2.105576962832275,1.775842599937707,2
951,9,4.326221529733112,2.068371385076313,0.9548135820788145,0.3807831314473601,2
951,10,4.326221529733112,0.7368781914781917,0.30786285514458,0.1356578355661118,2
952,9,4.326221529733112,2.988503324136512,2.872560944445944,2.84428143528178,2
952,10,4.326221529733112,5.699359136146903,9.652935031694735,5.424314322497889,2
953,9,4.326221529733112,6.291105221014264,7.485741323921815,5.373317885326956,2
953,10,4.326221529733112,13.5634517725399,13.08622074557613,11.58472723563958,2
954,9,4.326221529733112,5.896868859408015,30.53227745748017,0.4241157920681534,2
954,10,4.326221529733112,5.606178380283668,44.58641348991287,0.4032086927685311,2
955,9,4.326221529733112,13.52933298482598,50.54606965462612,2.806545399228793,2
955,10,4.326221529733112,4.752637579632516,4.899528781342967,0.9858943636230618,2
956,9,4.326221529733112,6.593650149956625,19.4119946236537,4.180648859703283,2
956,10,4.326221529733112,6.490513900148343,5.62085405791426,4.115256181088403,2
957,9,4.326221529733112,0.2230329134480674,0.489576371473795,0.4014898415178162,2
957,10,4.326221529733112,3.495887339825559,6.983143292690347,6.293076803471516,2
958,9,4.326221529733112,1.350342533380399,1.294735732664688,0.4144897672809889,2
958,10,4.326221529733112,10.58161263307859,3.664987430203069,3.248042662747679,2
959,9,4.326221529733112,0.6437595789196131,0.8290862923167088,0.4560281995724579,2
959,10,4.326221529733112,18.91076444822788,14.2109483238868,13.39605987430453,2
960,9,4.326221529733112,1.02985399203217,4.668889125439537,0.7929969296592623,2
960,10,4.326221529733112,2.665793876929837,17.27365385212433,2.052685502862805,2
961,9,4.326221529733112,4.474842439699088,9.987822287213588,2.056254085434059,2
961,10,4.326221529733112,4.221492940161154,5.243825804919847,1.939836367829999,2
962,9,4.326221529733112,22.54771578774394,47.24319248012311,16.90095822341426,2
962,10,4.326221529733112,5.036383716996943,3.919596508388719,3.775092412878334,2
963,9,4.326221529733112,1.213047291562157,2.496122383766099,2.233478919761592,2
963,10,4.326221529733112,4.680456821741778,12.48052462114514,8.617719786301462,2
964,9,4.326221529733112,0.9085868152100126,1.18475022868508,0.189049610588008,2
964,10,4.326221529733112,0.4105484215780724,0.4086108789174391,0.08542278836493582,2
965,9,4.326221529733112,5.410587967331439,18.12777088850227,3.323631510374407,2
965,10,4.326221529733112,25.82649186512755,53.26035216228124,15.86477157078777,2
966,9,4.326221529733112,0.5725474247287563,1.995597639376682,0.4296626066144561,2
966,10,4.326221529733112,1.262275120885009,7.472301374278929,0.9472620001058771,2
967,9,4.326221529733112,8.722343784300591,35.40241815718505,2.310916227207723,2
967,10,4.326221529733112,4.309110479100014,14.79149522560165,1.141664852617543,2
968,9,4.326221529733112,0.9594631942970209,0.8080604676172672,0.7892225645549963,2
968,10,4.326221529733112,1.365987741122968,1.124847450793789,1.123616158084765,2
969,9,4.326221529733112,3.692772349566151,2.413508175478557,2.111756429763726,2
969,10,4.326221529733112,0.008155788839201997,0.007739772718228961,0.004663986265766835,2
970,9,4.326221529733112,2.43010579149179,23.32931117217765,2.138364276810275,2
970,10,4.326221529733112,1.097420642333451,4.57915202037016,0.9656719910779922,2
971,9,4.326221529733112,10.86546158182679,44.68339378713661,9.522739790590837,2
971,10,4.326221529733112,8.118717295777303,17.65603619324097,7.115430086317435,2
972,9,4.326221529733112,11.44776114454066,36.9985429857872,9.121762396490734,2
972,10,4.326221529733112,7.320742895721891,13.88256614415473,5.833287087092881,2
973,9,4.326221529733112,0.1626523868613872,0.7585097370558971,0.04511963087583833,2
973,10,4.326221529733112,1.75988123673902,3.08149395610445,0.4881895268751741,2
974,9,4.326221529733112,7.240488593018842,9.418992471937234,5.323761944939625,2
974,10,4.326221529733112,2.641642605549106,3.544464075333486,1.942338033529016,2
975,9,4.326221529733112,3.617219003253066,5.175189105545296,2.113545471191272,2
975,10,4.326221529733112,0.5366103753287162,0.9879737216132064,0.3135420961656686,2
976,9,4.326221529733112,2.436040860429791,8.459351319234854,0.8576210660078655,2
976,10,4.326221529733112,0.4003935450569627,0.2007088327206332,0.1409606647048757,2
977,9,4.326221529733112,5.433264721568603,5.770630185715368,1.385108390892411,2
977,10,4.326221529733112,3.761567253575726,5.421577941966683,0.9589406430264382,2
978,9,4.326221529733112,3.14198486111305,7.079452978748912,5.342573159322593,2
978,10,4.326221529733112,2.75334602343343,7.622696966045243,4.681738841323389,2
979,9,4.326221529733112,0.3327584707032461,0.6283955996549845,0.1418599278841949,2
979,10,4.326221529733112,2.031437587575949,1.393325608825449,0.8660323178722789,2
980,9,4.326221529733112,8.437108046570973,20.26448158591855,7.47487792487471,2
980,10,4.326221529733112,4.878528099088918,15.99694148475364,4.322144719787189,2
981,9,4.326221529733112,3.007256349827188,2.26830282306156,2.159674039683584,2
981,10,4.326221529733112,2.931549013579744,2.116289545583563,2.10530449160146,2
982,9,4.326221529733112,0.2192452760170958,0.6839767383999108,0.1103593425761314,2
982,10,4.326221529733112,9.656884467289167,8.516617702989159,4.860891146683529,2
983,9,4.326221529733112,9.876315797653968,48.62123216989858,7.217273748612228,2
983,10,4.326221529733112,1.464182799166355,12.99213237919434,1.069974704748009,2
984,9,4.326221529733112,4.729060973597845,9.286225763310517,3.791218456338398,2
984,10,4.326221529733112,2.085328074660731,3.958592720126987,1.671776770972692,2
985,9,4.326221529733112,2.359282986701662,4.732088052604817,1.715344194909064,2
985,10,4.326221529733112,2.474205757446694,2.449927570126008,1.798900134900795,2
986,9,4.326221529733112,2.13707705109508,1.726058869724022,1.338921274397629,2
986,10,4.326221529733112,8.066640917721056,8.409555441313913,5.05391096316752,2
987,9,4.326221529733112,5.275965556138665,0.8057934533027744,0.02568240250848061,2
987,10,4.326221529733112,1.043582532990696,0.3965371133980836,0.005079962402692835,2
988,9,4.326221529733112,4.86900492797597,2.748840226791991,2.476637768972735,2
988,10,4.326221529733112,0.8229755659799947,0.5638580826534969,0.4186096337542722,2
989,9,4.326221529733112,6.105050266081231,4.95448786534125,2.882108146174155,2
989,10,4.326221529733112,0.6002760341060924,1.459714272477139,0.2833818514914196,2
990,9,4.326221529733112,0.3983660434365587,0.7307111777307927,0.5499840525961179,2
990,10,4.326221529733112,8.113010873651943,11.3989115865121,11.20082063359414,2
991,9,4.326221529733112,7.398602203903538,6.990897117394311,6.17608698436314,2
991,10,4.326221529733112,0.2867243346960117,0.3192303271303309,0.2393471608301792,2
992,9,4.326221529733112,0.03811036414558538,0.1226212565791553,0.01696886646080159,2
992,10,4.326221529733112,1.069983124625084,6.642485988226947,0.4764163545568605,2
993,9,4.326221529733112,2.17050609204379,2.850528275460616,1.281134296499409,2
993,10,4.326221529733112,4.96658404308561,6.675278477056316,2.931510387078563,2
994,9,4.326221529733112,5.565406340222021,4.52653418831449,4.363410257463964,2
994,10,4.326221529733112,5.731190540204209,27.65638917650114,4.493388992978699,2
995,9,4.326221529733112,0.4686223078811151,0.6640519947376249,0.5578634132534569,2
995,10,4.326221529733112,0.08983760649849605,0.1271837701167982,0.1069456424863286,2
996,9,4.326221529733112,6.594133162187735,9.113963147065524,0.7550196891705302,2
996,10,4.326221529733112,8.214663193764574,3.9037551289028,0.9405682746538605,2
997,9,4.326221529733112,3.831740161531754,2.28515229596525,1.300859317307177,2
997,10,4.326221529733112,1.888552265531786,2.766942394289376,0.6411553777844134,2
998,9,4.326221529733112,1.379130669906659,3.009405183901258,0.8741124120397065,2
998,10,4.326221529733112,10.93614418035211,50.46271983447803,6.931481966497474,2
999,9,4.326221529733112,3.980737813802741,5.905690751472751,2.464871188909672,2
999,10,4.326221529733112,9.625887133421323,15.20591154324269,5.960345285890829,2
1000,9,4.326221529733112,3.56838355442384,4.086080269347621,1.450327781880386,2
1000,10,4.326221529733112,2.310947722246933,0.9597767164130924,0.9392576871095595,2
