point_id,ctau_mm,total_width_GeV,g_hH2H2_GeV,GHphiphi_GeV,BR_H2_to_bb,sigma_production_pb,sigma_production_error_pb,Trackless_Aeff,Trackless_Aeff_error,sigma_4b_fb,visible_sigma_fb,N_expected_139fb,N_expected_error,observed_S95,N_over_observed_S95,above_observed_S95,interpretation,production_status,efficiency_status,production_evaluation_mode
eff_ctau0p3_g40_br0p1,0.3,6.5775660133333333e-13,40,-40,0.1,9.1290000000000002e-05,2.2249999999999999e-07,0,0.0005,9.1290000000000013e-04,0.0000000000000000e+00,0.0000000000000000e+00,6.3446550000000000e-05,3.0,0.0000000000000000e+00,False,EFFECTIVE_PHENOMENOLOGICAL,MADGRAPH_DIRECT_RUN,UPPER_LIMIT_ONLY,madgraph
eff_ctau0p3_g40_br0p25,0.3,6.5775660133333333e-13,40,-40,0.25,9.1290000000000002e-05,2.2249999999999999e-07,0,0.0005,5.7056249999999998e-03,0.0000000000000000e+00,0.0000000000000000e+00,3.9654093749999996e-04,3.0,0.0000000000000000e+00,False,EFFECTIVE_PHENOMENOLOGICAL,MADGRAPH_DIRECT_RUN,UPPER_LIMIT_ONLY,madgraph
eff_ctau0p3_g40_br0p5,0.3,6.5775660133333333e-13,40,-40,0.5,9.1290000000000002e-05,2.2249999999999999e-07,0,0.0005,2.2822499999999999e-02,0.0000000000000000e+00,0.0000000000000000e+00,1.5861637499999998e-03,3.0,0.0000000000000000e+00,False,EFFECTIVE_PHENOMENOLOGICAL,MADGRAPH_DIRECT_RUN,UPPER_LIMIT_ONLY,madgraph
eff_ctau0p3_g40_br0p7567,0.3,6.5775660133333333e-13,40,-40,0.7567374858085787,9.1290000000000002e-05,2.2249999999999999e-07,0,0.0005,5.2277366611441965e-02,0.0000000000000000e+00,0.0000000000000000e+00,3.6332769794952167e-03,3.0,0.0000000000000000e+00,False,EFFECTIVE_PHENOMENOLOGICAL,MADGRAPH_DIRECT_RUN,UPPER_LIMIT_ONLY,madgraph
eff_ctau0p3_g40_br1,0.3,6.5775660133333333e-13,40,-40,1,9.1290000000000002e-05,2.2249999999999999e-07,0,0.0005,9.1289999999999996e-02,0.0000000000000000e+00,0.0000000000000000e+00,6.3446549999999994e-03,3.0,0.0000000000000000e+00,False,EFFECTIVE_PHENOMENOLOGICAL,MADGRAPH_DIRECT_RUN,UPPER_LIMIT_ONLY,madgraph
eff_ctau1_g40_br0p1,1,1.9732698040000000e-13,40,-40,0.1,9.1290000000000002e-05,2.2249999999999999e-07,0.003951574,0.00124959741827022,9.1290000000000013e-04,3.6073919046000007e-06,5.0142747473940006e-04,1.5856529015630488e-04,3.0,1.6714249157980001e-04,False,EFFECTIVE_PHENOMENOLOGICAL,MADGRAPH_DIRECT_RUN,VALIDATED,madgraph
eff_ctau1_g40_br0p25,1,1.9732698040000000e-13,40,-40,0.25,9.1290000000000002e-05,2.2249999999999999e-07,0.003951574,0.00124959741827022,5.7056249999999998e-03,2.2546199403749999e-05,3.1339217171212500e-03,9.9103306347690526e-04,3.0,1.0446405723737501e-03,False,EFFECTIVE_PHENOMENOLOGICAL,MADGRAPH_DIRECT_RUN,VALIDATED,madgraph
eff_ctau1_g40_br0p5,1,1.9732698040000000e-13,40,-40,0.5,9.1290000000000002e-05,2.2249999999999999e-07,0.003951574,0.00124959741827022,2.2822499999999999e-02,9.0184797614999997e-05,1.2535686868485000e-02,3.9641322539076210e-03,3.0,4.1785622894950003e-03,False,EFFECTIVE_PHENOMENOLOGICAL,MADGRAPH_DIRECT_RUN,VALIDATED,madgraph
eff_ctau1_g40_br0p7567,1,1.9732698040000000e-13,40,-40,0.7567374858085787,9.1290000000000002e-05,2.2249999999999999e-07,0.003951574,0.00124959741827022,5.2277366611441965e-02,2.0657788269024219e-04,2.8714325693943665e-02,9.0802670668756920e-03,3.0,9.5714418979812223e-03,False,EFFECTIVE_PHENOMENOLOGICAL,MADGRAPH_DIRECT_RUN,VALIDATED,madgraph
eff_ctau1_g40_br1,1,1.9732698040000000e-13,40,-40,1,9.1290000000000002e-05,2.2249999999999999e-07,0.003951574,0.00124959741827022,9.1289999999999996e-02,3.6073919045999999e-04,5.0142747473940000e-02,1.5856529015630484e-02,3.0,1.6714249157980001e-02,False,EFFECTIVE_PHENOMENOLOGICAL,MADGRAPH_DIRECT_RUN,VALIDATED,madgraph
eff_ctau3_g40_br0p1,3,6.5775660133333331e-14,40,-40,0.1,9.1290000000000002e-05,2.2249999999999999e-07,0.013341595,0.002255141155822941,9.1290000000000013e-04,1.2179542075500001e-05,1.6929563484945002e-03,2.8616185219995606e-04,3.0,5.6431878283150010e-04,False,EFFECTIVE_PHENOMENOLOGICAL,MADGRAPH_DIRECT_RUN,VALIDATED,madgraph
eff_ctau3_g40_br0p25,3,6.5775660133333331e-14,40,-40,0.25,9.1290000000000002e-05,2.2249999999999999e-07,0.013341595,0.002255141155822941,5.7056249999999998e-03,7.6122137971874987e-05,1.0580977178090624e-02,1.7885115762497248e-03,3.0,3.5269923926968746e-03,False,EFFECTIVE_PHENOMENOLOGICAL,MADGRAPH_DIRECT_RUN,VALIDATED,madgraph
eff_ctau3_g40_br0p5,3,6.5775660133333331e-14,40,-40,0.5,9.1290000000000002e-05,2.2249999999999999e-07,0.013341595,0.002255141155822941,2.2822499999999999e-02,3.0448855188749995e-04,4.2323908712362496e-02,7.1540463049988992e-03,3.0,1.4107969570787499e-02,False,EFFECTIVE_PHENOMENOLOGICAL,MADGRAPH_DIRECT_RUN,VALIDATED,madgraph
eff_ctau3_g40_br0p7567,3,6.5775660133333331e-14,40,-40,0.7567374858085787,9.1290000000000002e-05,2.2249999999999999e-07,0.013341595,0.002255141155822941,5.2277366611441965e-02,6.9746345299638102e-04,9.6947419966496959e-02,1.6387104893927449e-02,3.0,3.2315806655498984e-02,False,EFFECTIVE_PHENOMENOLOGICAL,MADGRAPH_DIRECT_RUN,VALIDATED,madgraph
eff_ctau3_g40_br1,3,6.5775660133333331e-14,40,-40,1,9.1290000000000002e-05,2.2249999999999999e-07,0.013341595,0.002255141155822941,9.1289999999999996e-02,1.2179542075499998e-03,1.6929563484944998e-01,2.8616185219995597e-02,3.0,5.6431878283149994e-02,False,EFFECTIVE_PHENOMENOLOGICAL,MADGRAPH_DIRECT_RUN,VALIDATED,madgraph
eff_ctau4p326_g40_br0p1,4.326221529733112,4.5611852986218501e-14,40,-40,0.1,9.1290000000000002e-05,2.2249999999999999e-07,0.01573386,0.002487741699310843,9.1290000000000013e-04,1.4363440794000001e-05,1.9965182703660001e-03,3.1567725622482076e-04,3.0,6.6550609012199999e-04,False,EFFECTIVE_PHENOMENOLOGICAL,MADGRAPH_DIRECT_RUN,VALIDATED,madgraph
eff_ctau4p326_g40_br0p25,4.326221529733112,4.5611852986218501e-14,40,-40,0.25,9.1290000000000002e-05,2.2249999999999999e-07,0.01573386,0.002487741699310843,5.7056249999999998e-03,8.9771504962499988e-05,1.2478239189787499e-02,1.9729828514051294e-03,3.0,4.1594130632624992e-03,False,EFFECTIVE_PHENOMENOLOGICAL,MADGRAPH_DIRECT_RUN,VALIDATED,madgraph
eff_ctau4p326_g40_br0p5,4.326221529733112,4.5611852986218501e-14,40,-40,0.5,9.1290000000000002e-05,2.2249999999999999e-07,0.01573386,0.002487741699310843,2.2822499999999999e-02,3.5908601984999995e-04,4.9912956759149994e-02,7.8919314056205177e-03,3.0,1.6637652253049997e-02,False,EFFECTIVE_PHENOMENOLOGICAL,MADGRAPH_DIRECT_RUN,VALIDATED,madgraph
eff_ctau4p326_g40_br0p7567,4.326221529733112,4.5611852986218501e-14,40,-40,0.7567374858085787,9.1290000000000002e-05,2.2249999999999999e-07,0.01573386,0.002487741699310843,5.2277366611441965e-02,8.2252476743310224e-04,1.1433094267320121e-01,1.8077309294072794e-02,3.0,3.8110314224400400e-02,False,EFFECTIVE_PHENOMENOLOGICAL,MADGRAPH_DIRECT_RUN,VALIDATED,madgraph
eff_ctau4p326_g40_br1,4.326221529733112,4.5611852986218501e-14,40,-40,1,9.1290000000000002e-05,2.2249999999999999e-07,0.01573386,0.002487741699310843,9.1289999999999996e-02,1.4363440793999998e-03,1.9965182703659998e-01,3.1567725622482071e-02,3.0,6.6550609012199988e-02,False,EFFECTIVE_PHENOMENOLOGICAL,MADGRAPH_DIRECT_RUN,VALIDATED,madgraph
eff_ctau10_g40_br0p1,10,1.9732698040000002e-14,40,-40,0.1,9.1290000000000002e-05,2.2249999999999999e-07,0.018625475,0.002716804752519248,9.1290000000000013e-04,1.7003196127500003e-05,2.3634442617225006e-03,3.4474377714190031e-04,3.0,7.8781475390750019e-04,False,EFFECTIVE_PHENOMENOLOGICAL,MADGRAPH_DIRECT_RUN,VALIDATED,madgraph
eff_ctau10_g40_br0p25,10,1.9732698040000002e-14,40,-40,0.25,9.1290000000000002e-05,2.2249999999999999e-07,0.018625475,0.002716804752519248,5.7056249999999998e-03,1.0626997579687499e-04,1.4771526635765624e-02,2.1546486071368763e-03,3.0,4.9238422119218745e-03,False,EFFECTIVE_PHENOMENOLOGICAL,MADGRAPH_DIRECT_RUN,VALIDATED,madgraph
eff_ctau10_g40_br0p5,10,1.9732698040000002e-14,40,-40,0.5,9.1290000000000002e-05,2.2249999999999999e-07,0.018625475,0.002716804752519248,2.2822499999999999e-02,4.2507990318749997e-04,5.9086106543062497e-02,8.6185944285475050e-03,3.0,1.9695368847687498e-02,False,EFFECTIVE_PHENOMENOLOGICAL,MADGRAPH_DIRECT_RUN,VALIDATED,madgraph
eff_ctau10_g40_br0p7567,10,1.9732698040000002e-14,40,-40,0.7567374858085787,9.1290000000000002e-05,2.2249999999999999e-07,0.018625475,0.002716804752519248,5.2277366611441965e-02,9.7369078488724703e-04,1.3534301909932733e-01,1.9741808330222765e-02,3.0,4.5114339699775775e-02,False,EFFECTIVE_PHENOMENOLOGICAL,MADGRAPH_DIRECT_RUN,VALIDATED,madgraph
eff_ctau10_g40_br1,10,1.9732698040000002e-14,40,-40,1,9.1290000000000002e-05,2.2249999999999999e-07,0.018625475,0.002716804752519248,9.1289999999999996e-02,1.7003196127499999e-03,2.3634442617224999e-01,3.4474377714190020e-02,3.0,7.8781475390749992e-02,False,EFFECTIVE_PHENOMENOLOGICAL,MADGRAPH_DIRECT_RUN,VALIDATED,madgraph
eff_ctau30_g40_br0p1,30,6.5775660133333334e-15,40,-40,0.1,9.1290000000000002e-05,2.2249999999999999e-07,0.01856252,0.002679268979709453,9.1290000000000013e-04,1.6945724508000002e-05,2.3554557066120005e-03,3.3998074656916969e-04,3.0,7.8515190220400019e-04,False,EFFECTIVE_PHENOMENOLOGICAL,MADGRAPH_DIRECT_RUN,VALIDATED,madgraph
eff_ctau30_g40_br0p25,30,6.5775660133333334e-15,40,-40,0.25,9.1290000000000002e-05,2.2249999999999999e-07,0.01856252,0.002679268979709453,5.7056249999999998e-03,1.0591077817499999e-04,1.4721598166324998e-02,2.1248796660573101e-03,3.0,4.9071993887749993e-03,False,EFFECTIVE_PHENOMENOLOGICAL,MADGRAPH_DIRECT_RUN,VALIDATED,madgraph
eff_ctau30_g40_br0p5,30,6.5775660133333334e-15,40,-40,0.5,9.1290000000000002e-05,2.2249999999999999e-07,0.01856252,0.002679268979709453,2.2822499999999999e-02,4.2364311269999996e-04,5.8886392665299991e-02,8.4995186642292404e-03,3.0,1.9628797555099997e-02,False,EFFECTIVE_PHENOMENOLOGICAL,MADGRAPH_DIRECT_RUN,VALIDATED,madgraph
eff_ctau30_g40_br0p7567,30,6.5775660133333334e-15,40,-40,0.7567374858085787,9.1290000000000002e-05,2.2249999999999999e-07,0.01856252,0.002679268979709453,5.2277366611441965e-02,9.7039966327222365e-04,1.3488555319483908e-01,1.9469052611707983e-02,3.0,4.4961851064946358e-02,False,EFFECTIVE_PHENOMENOLOGICAL,MADGRAPH_DIRECT_RUN,VALIDATED,madgraph
eff_ctau30_g40_br1,30,6.5775660133333334e-15,40,-40,1,9.1290000000000002e-05,2.2249999999999999e-07,0.01856252,0.002679268979709453,9.1289999999999996e-02,1.6945724507999999e-03,2.3554557066119997e-01,3.3998074656916961e-02,3.0,7.8515190220399989e-02,False,EFFECTIVE_PHENOMENOLOGICAL,MADGRAPH_DIRECT_RUN,VALIDATED,madgraph
eff_ctau100_g40_br0p1,100,1.9732698039999999e-15,40,-40,0.1,9.1290000000000002e-05,2.2249999999999999e-07,0.01425306,0.002079022475718981,9.1290000000000013e-04,1.3011618474000002e-05,1.8086149678860001e-03,2.6381360691365627e-04,3.0,6.0287165596200004e-04,False,EFFECTIVE_PHENOMENOLOGICAL,MADGRAPH_DIRECT_RUN,VALIDATED,madgraph
eff_ctau100_g40_br0p25,100,1.9732698039999999e-15,40,-40,0.25,9.1290000000000002e-05,2.2249999999999999e-07,0.01425306,0.002079022475718981,5.7056249999999998e-03,8.1322615462499993e-05,1.1303843549287498e-02,1.6488350432103513e-03,3.0,3.7679478497624993e-03,False,EFFECTIVE_PHENOMENOLOGICAL,MADGRAPH_DIRECT_RUN,VALIDATED,madgraph
eff_ctau100_g40_br0p5,100,1.9732698039999999e-15,40,-40,0.5,9.1290000000000002e-05,2.2249999999999999e-07,0.01425306,0.002079022475718981,2.2822499999999999e-02,3.2529046184999997e-04,4.5215374197149993e-02,6.5953401728414051e-03,3.0,1.5071791399049997e-02,False,EFFECTIVE_PHENOMENOLOGICAL,MADGRAPH_DIRECT_RUN,VALIDATED,madgraph
eff_ctau100_g40_br0p7567,100,1.9732698039999999e-15,40,-40,0.7567374858085787,9.1290000000000002e-05,2.2249999999999999e-07,0.01425306,0.002079022475718981,5.2277366611441965e-02,7.4511244295487897e-04,1.0357062957072817e-01,1.5107329001765851e-02,3.0,3.4523543190242721e-02,False,EFFECTIVE_PHENOMENOLOGICAL,MADGRAPH_DIRECT_RUN,VALIDATED,madgraph
eff_ctau100_g40_br1,100,1.9732698039999999e-15,40,-40,1,9.1290000000000002e-05,2.2249999999999999e-07,0.01425306,0.002079022475718981,9.1289999999999996e-02,1.3011618473999999e-03,1.8086149678859997e-01,2.6381360691365621e-02,3.0,6.0287165596199989e-02,False,EFFECTIVE_PHENOMENOLOGICAL,MADGRAPH_DIRECT_RUN,VALIDATED,madgraph
eff_ctau200_g40_br0p1,200,9.8663490199999997e-16,40,-40,0.1,9.1290000000000002e-05,2.2249999999999999e-07,0.009507182499999999,0.001503217541544688,9.1290000000000013e-04,8.6791069042500002e-06,1.2063958596907501e-03,1.9074793382098428e-04,3.0,4.0213195323025001e-04,False,EFFECTIVE_PHENOMENOLOGICAL,MADGRAPH_DIRECT_RUN,VALIDATED,madgraph
eff_ctau200_g40_br0p25,200,9.8663490199999997e-16,40,-40,0.25,9.1290000000000002e-05,2.2249999999999999e-07,0.009507182499999999,0.001503217541544688,5.7056249999999998e-03,5.4244418151562493e-05,7.5399741230671863e-03,1.1921745863811516e-03,3.0,2.5133247076890622e-03,False,EFFECTIVE_PHENOMENOLOGICAL,MADGRAPH_DIRECT_RUN,VALIDATED,madgraph
eff_ctau200_g40_br0p5,200,9.8663490199999997e-16,40,-40,0.5,9.1290000000000002e-05,2.2249999999999999e-07,0.009507182499999999,0.001503217541544688,2.2822499999999999e-02,2.1697767260624997e-04,3.0159896492268745e-02,4.7686983455246064e-03,3.0,1.0053298830756249e-02,False,EFFECTIVE_PHENOMENOLOGICAL,MADGRAPH_DIRECT_RUN,VALIDATED,madgraph
eff_ctau200_g40_br0p7567,200,9.8663490199999997e-16,40,-40,0.7567374858085787,9.1290000000000002e-05,2.2249999999999999e-07,0.009507182499999999,0.001503217541544688,5.2277366611441965e-02,4.9701046499438532e-04,6.9084454634219555e-02,1.0923211377735418e-02,3.0,2.3028151544739851e-02,False,EFFECTIVE_PHENOMENOLOGICAL,MADGRAPH_DIRECT_RUN,VALIDATED,madgraph
eff_ctau200_g40_br1,200,9.8663490199999997e-16,40,-40,1,9.1290000000000002e-05,2.2249999999999999e-07,0.009507182499999999,0.001503217541544688,9.1289999999999996e-02,8.6791069042499989e-04,1.2063958596907498e-01,1.9074793382098425e-02,3.0,4.0213195323024996e-02,False,EFFECTIVE_PHENOMENOLOGICAL,MADGRAPH_DIRECT_RUN,VALIDATED,madgraph
eff_ctau300_g40_br0p1,300,6.5775660133333338e-16,40,-40,0.1,9.1290000000000002e-05,2.2249999999999999e-07,0.006872078500000001,0.001161593276620673,9.1290000000000013e-04,6.2735204626500013e-06,8.7201934430835020e-04,1.4739817180955476e-04,3.0,2.9067311476945005e-04,False,EFFECTIVE_PHENOMENOLOGICAL,MADGRAPH_DIRECT_RUN,VALIDATED,madgraph
eff_ctau300_g40_br0p25,300,6.5775660133333338e-16,40,-40,0.25,9.1290000000000002e-05,2.2249999999999999e-07,0.006872078500000001,0.001161593276620673,5.7056249999999998e-03,3.9209502891562503e-05,5.4501209019271876e-03,9.2123857380971698e-04,3.0,1.8167069673090625e-03,False,EFFECTIVE_PHENOMENOLOGICAL,MADGRAPH_DIRECT_RUN,VALIDATED,madgraph
eff_ctau300_g40_br0p5,300,6.5775660133333338e-16,40,-40,0.5,9.1290000000000002e-05,2.2249999999999999e-07,0.006872078500000001,0.001161593276620673,2.2822499999999999e-02,1.5683801156625001e-04,2.1800483607708750e-02,3.6849542952388679e-03,3.0,7.2668278692362498e-03,False,EFFECTIVE_PHENOMENOLOGICAL,MADGRAPH_DIRECT_RUN,VALIDATED,madgraph
eff_ctau300_g40_br0p7567,300,6.5775660133333338e-16,40,-40,0.7567374858085787,9.1290000000000002e-05,2.2249999999999999e-07,0.006872078500000001,0.001161593276620673,5.2277366611441965e-02,3.5925416712710820e-04,4.9936329230668042e-02,8.4407802229646209e-03,3.0,1.6645443076889348e-02,False,EFFECTIVE_PHENOMENOLOGICAL,MADGRAPH_DIRECT_RUN,VALIDATED,madgraph
eff_ctau300_g40_br1,300,6.5775660133333338e-16,40,-40,1,9.1290000000000002e-05,2.2249999999999999e-07,0.006872078500000001,0.001161593276620673,9.1289999999999996e-02,6.2735204626500004e-04,8.7201934430835001e-02,1.4739817180955472e-02,3.0,2.9067311476944999e-02,False,EFFECTIVE_PHENOMENOLOGICAL,MADGRAPH_DIRECT_RUN,VALIDATED,madgraph
eff_ctau500_g40_br0p1,500,3.9465396080000001e-16,40,-40,0.1,9.1290000000000002e-05,2.2249999999999999e-07,0.003869341,0.0007898259242358671,9.1290000000000013e-04,3.5323213989000004e-06,4.9099267444710005e-04,1.0022345998665431e-04,3.0,1.6366422481570002e-04,False,EFFECTIVE_PHENOMENOLOGICAL,MADGRAPH_DIRECT_RUN,VALIDATED,madgraph
eff_ctau500_g40_br0p25,500,3.9465396080000001e-16,40,-40,0.25,9.1290000000000002e-05,2.2249999999999999e-07,0.003869341,0.0007898259242358671,5.7056249999999998e-03,2.2077008743125001e-05,3.0687042152943750e-03,6.2639662491658938e-04,3.0,1.0229014050981251e-03,False,EFFECTIVE_PHENOMENOLOGICAL,MADGRAPH_DIRECT_RUN,VALIDATED,madgraph
eff_ctau500_g40_br0p5,500,3.9465396080000001e-16,40,-40,0.5,9.1290000000000002e-05,2.2249999999999999e-07,0.003869341,0.0007898259242358671,2.2822499999999999e-02,8.8308034972500003e-05,1.2274816861177500e-02,2.5055864996663575e-03,3.0,4.0916056203925003e-03,False,EFFECTIVE_PHENOMENOLOGICAL,MADGRAPH_DIRECT_RUN,VALIDATED,madgraph
eff_ctau500_g40_br0p7567,500,3.9465396080000001e-16,40,-40,0.7567374858085787,9.1290000000000002e-05,2.2249999999999999e-07,0.003869341,0.0007898259242358671,5.2277366611441965e-02,2.0227895800168348e-04,2.8116775162234004e-02,5.7393126966694174e-03,3.0,9.3722583874113353e-03,False,EFFECTIVE_PHENOMENOLOGICAL,MADGRAPH_DIRECT_RUN,VALIDATED,madgraph
eff_ctau500_g40_br1,500,3.9465396080000001e-16,40,-40,1,9.1290000000000002e-05,2.2249999999999999e-07,0.003869341,0.0007898259242358671,9.1289999999999996e-02,3.5323213989000001e-04,4.9099267444710000e-02,1.0022345998665430e-02,3.0,1.6366422481570001e-02,False,EFFECTIVE_PHENOMENOLOGICAL,MADGRAPH_DIRECT_RUN,VALIDATED,madgraph
eff_ctau700_g40_br0p1,700,2.8189568628571429e-16,40,-40,0.1,9.1290000000000002e-05,2.2249999999999999e-07,0.003478149,0.0008435750416844964,9.1290000000000013e-04,3.1752022221000002e-06,4.4135310887190001e-04,1.0704385212197498e-04,3.0,1.4711770295730000e-04,False,EFFECTIVE_PHENOMENOLOGICAL,MADGRAPH_DIRECT_RUN,VALIDATED,madgraph
eff_ctau700_g40_br0p25,700,2.8189568628571429e-16,40,-40,0.25,9.1290000000000002e-05,2.2249999999999999e-07,0.003478149,0.0008435750416844964,5.7056249999999998e-03,1.9845013888124998e-05,2.7584569304493749e-03,6.6902407576234361e-04,3.0,9.1948564348312502e-04,False,EFFECTIVE_PHENOMENOLOGICAL,MADGRAPH_DIRECT_RUN,VALIDATED,madgraph
eff_ctau700_g40_br0p5,700,2.8189568628571429e-16,40,-40,0.5,9.1290000000000002e-05,2.2249999999999999e-07,0.003478149,0.0008435750416844964,2.2822499999999999e-02,7.9380055552499994e-05,1.1033827721797500e-02,2.6760963030493744e-03,3.0,3.6779425739325001e-03,False,EFFECTIVE_PHENOMENOLOGICAL,MADGRAPH_DIRECT_RUN,VALIDATED,madgraph
eff_ctau700_g40_br0p7567,700,2.8189568628571429e-16,40,-40,0.7567374858085787,9.1290000000000002e-05,2.2249999999999999e-07,0.003478149,0.0008435750416844964,5.2277366611441965e-02,1.8182847040222025e-04,2.5274157385908616e-02,6.1298835588579972e-03,3.0,8.4247191286362048e-03,False,EFFECTIVE_PHENOMENOLOGICAL,MADGRAPH_DIRECT_RUN,VALIDATED,madgraph
eff_ctau700_g40_br1,700,2.8189568628571429e-16,40,-40,1,9.1290000000000002e-05,2.2249999999999999e-07,0.003478149,0.0008435750416844964,9.1289999999999996e-02,3.1752022220999998e-04,4.4135310887189999e-02,1.0704385212197498e-02,3.0,1.4711770295730000e-02,False,EFFECTIVE_PHENOMENOLOGICAL,MADGRAPH_DIRECT_RUN,VALIDATED,madgraph
eff_ctau1000_g40_br0p1,1000,1.9732698040000000e-16,40,-40,0.1,9.1290000000000002e-05,2.2249999999999999e-07,0.0024641585,0.0006362429888610299,9.1290000000000013e-04,2.2495302946500002e-06,3.1268471095635003e-04,8.0734845209841572e-05,3.0,1.0422823698545001e-04,False,EFFECTIVE_PHENOMENOLOGICAL,MADGRAPH_DIRECT_RUN,VALIDATED,madgraph
eff_ctau1000_g40_br0p25,1000,1.9732698040000000e-16,40,-40,0.25,9.1290000000000002e-05,2.2249999999999999e-07,0.0024641585,0.0006362429888610299,5.7056249999999998e-03,1.4059564341562499e-05,1.9542794434771874e-03,5.0459278256150973e-04,3.0,6.5142648115906244e-04,False,EFFECTIVE_PHENOMENOLOGICAL,MADGRAPH_DIRECT_RUN,VALIDATED,madgraph
eff_ctau1000_g40_br0p5,1000,1.9732698040000000e-16,40,-40,0.5,9.1290000000000002e-05,2.2249999999999999e-07,0.0024641585,0.0006362429888610299,2.2822499999999999e-02,5.6238257366249995e-05,7.8171177739087497e-03,2.0183711302460389e-03,3.0,2.6057059246362498e-03,False,EFFECTIVE_PHENOMENOLOGICAL,MADGRAPH_DIRECT_RUN,VALIDATED,madgraph
eff_ctau1000_g40_br0p7567,1000,1.9732698040000000e-16,40,-40,0.7567374858085787,9.1290000000000002e-05,2.2249999999999999e-07,0.0024641585,0.0006362429888610299,5.2277366611441965e-02,1.2881971729320090e-04,1.7905940703754925e-02,4.6232940095880231e-03,3.0,5.9686469012516412e-03,False,EFFECTIVE_PHENOMENOLOGICAL,MADGRAPH_DIRECT_RUN,VALIDATED,madgraph
eff_ctau1000_g40_br1,1000,1.9732698040000000e-16,40,-40,1,9.1290000000000002e-05,2.2249999999999999e-07,0.0024641585,0.0006362429888610299,9.1289999999999996e-02,2.2495302946499998e-04,3.1268471095634999e-02,8.0734845209841557e-03,3.0,1.0422823698544999e-02,False,EFFECTIVE_PHENOMENOLOGICAL,MADGRAPH_DIRECT_RUN,VALIDATED,madgraph
eff_ctau0p3_g63p591_br0p1,0.3,6.5775660133333333e-13,63.59142520075966,-63.59142520075966,0.1,2.2990000000000000e-04,7.9820000000000004e-07,0,0.0005,2.2990000000000003e-03,0.0000000000000000e+00,0.0000000000000000e+00,1.5978050000000003e-04,3.0,0.0000000000000000e+00,False,EFFECTIVE_PHENOMENOLOGICAL,MADGRAPH_DIRECT_RUN,UPPER_LIMIT_ONLY,madgraph
eff_ctau0p3_g63p591_br0p25,0.3,6.5775660133333333e-13,63.59142520075966,-63.59142520075966,0.25,2.2990000000000000e-04,7.9820000000000004e-07,0,0.0005,1.4368750000000000e-02,0.0000000000000000e+00,0.0000000000000000e+00,9.9862812500000004e-04,3.0,0.0000000000000000e+00,False,EFFECTIVE_PHENOMENOLOGICAL,MADGRAPH_DIRECT_RUN,UPPER_LIMIT_ONLY,madgraph
eff_ctau0p3_g63p591_br0p5,0.3,6.5775660133333333e-13,63.59142520075966,-63.59142520075966,0.5,2.2990000000000000e-04,7.9820000000000004e-07,0,0.0005,5.7474999999999998e-02,0.0000000000000000e+00,0.0000000000000000e+00,3.9945125000000001e-03,3.0,0.0000000000000000e+00,False,EFFECTIVE_PHENOMENOLOGICAL,MADGRAPH_DIRECT_RUN,UPPER_LIMIT_ONLY,madgraph
eff_ctau0p3_g63p591_br0p7567,0.3,6.5775660133333333e-13,63.59142520075966,-63.59142520075966,0.7567374858085787,2.2990000000000000e-04,7.9820000000000004e-07,0,0.0005,1.3165260799617162e-01,0.0000000000000000e+00,0.0000000000000000e+00,9.1498562557339284e-03,3.0,0.0000000000000000e+00,False,EFFECTIVE_PHENOMENOLOGICAL,MADGRAPH_DIRECT_RUN,UPPER_LIMIT_ONLY,madgraph
eff_ctau0p3_g63p591_br1,0.3,6.5775660133333333e-13,63.59142520075966,-63.59142520075966,1,2.2990000000000000e-04,7.9820000000000004e-07,0,0.0005,2.2989999999999999e-01,0.0000000000000000e+00,0.0000000000000000e+00,1.5978050000000001e-02,3.0,0.0000000000000000e+00,False,EFFECTIVE_PHENOMENOLOGICAL,MADGRAPH_DIRECT_RUN,UPPER_LIMIT_ONLY,madgraph
eff_ctau1_g63p591_br0p1,1,1.9732698040000000e-13,63.59142520075966,-63.59142520075966,0.1,2.2990000000000000e-04,7.9820000000000004e-07,0.003951574,0.00124959741827022,2.2990000000000003e-03,9.0846686260000016e-06,1.2627689390140003e-03,3.9932260057984982e-04,3.0,4.2092297967133343e-04,False,EFFECTIVE_PHENOMENOLOGICAL,MADGRAPH_DIRECT_RUN,VALIDATED,madgraph
eff_ctau1_g63p591_br0p25,1,1.9732698040000000e-13,63.59142520075966,-63.59142520075966,0.25,2.2990000000000000e-04,7.9820000000000004e-07,0.003951574,0.00124959741827022,1.4368750000000000e-02,5.6779178912500002e-05,7.8923058688375007e-03,2.4957662536240614e-03,3.0,2.6307686229458337e-03,False,EFFECTIVE_PHENOMENOLOGICAL,MADGRAPH_DIRECT_RUN,VALIDATED,madgraph
eff_ctau1_g63p591_br0p5,1,1.9732698040000000e-13,63.59142520075966,-63.59142520075966,0.5,2.2990000000000000e-04,7.9820000000000004e-07,0.003951574,0.00124959741827022,5.7474999999999998e-02,2.2711671565000001e-04,3.1569223475350003e-02,9.9830650144962455e-03,3.0,1.0523074491783335e-02,False,EFFECTIVE_PHENOMENOLOGICAL,MADGRAPH_DIRECT_RUN,VALIDATED,madgraph
eff_ctau1_g63p591_br0p7567,1,1.9732698040000000e-13,63.59142520075966,-63.59142520075966,0.7567374858085787,2.2990000000000000e-04,7.9820000000000004e-07,0.003951574,0.00124959741827022,1.3165260799617162e-01,5.2023502278986393e-04,7.2312668167791083e-02,2.2867273509417477e-02,3.0,2.4104222722597029e-02,False,EFFECTIVE_PHENOMENOLOGICAL,MADGRAPH_DIRECT_RUN,VALIDATED,madgraph
eff_ctau1_g63p591_br1,1,1.9732698040000000e-13,63.59142520075966,-63.59142520075966,1,2.2990000000000000e-04,7.9820000000000004e-07,0.003951574,0.00124959741827022,2.2989999999999999e-01,9.0846686260000003e-04,1.2627689390140001e-01,3.9932260057984982e-02,3.0,4.2092297967133339e-02,False,EFFECTIVE_PHENOMENOLOGICAL,MADGRAPH_DIRECT_RUN,VALIDATED,madgraph
eff_ctau3_g63p591_br0p1,3,6.5775660133333331e-14,63.59142520075966,-63.59142520075966,0.1,2.2990000000000000e-04,7.9820000000000004e-07,0.013341595,0.002255141155822941,2.2990000000000003e-03,3.0672326905000005e-05,4.2634534397950003e-03,7.2065516289593486e-04,3.0,1.4211511465983334e-03,False,EFFECTIVE_PHENOMENOLOGICAL,MADGRAPH_DIRECT_RUN,VALIDATED,madgraph
eff_ctau3_g63p591_br0p25,3,6.5775660133333331e-14,63.59142520075966,-63.59142520075966,0.25,2.2990000000000000e-04,7.9820000000000004e-07,0.013341595,0.002255141155822941,1.4368750000000000e-02,1.9170204315624998e-04,2.6646583998718748e-02,4.5040947680995919e-03,3.0,8.8821946662395821e-03,False,EFFECTIVE_PHENOMENOLOGICAL,MADGRAPH_DIRECT_RUN,VALIDATED,madgraph
eff_ctau3_g63p591_br0p5,3,6.5775660133333331e-14,63.59142520075966,-63.59142520075966,0.5,2.2990000000000000e-04,7.9820000000000004e-07,0.013341595,0.002255141155822941,5.7474999999999998e-02,7.6680817262499991e-04,1.0658633599487499e-01,1.8016379072398368e-02,3.0,3.5528778664958328e-02,False,EFFECTIVE_PHENOMENOLOGICAL,MADGRAPH_DIRECT_RUN,VALIDATED,madgraph
eff_ctau3_g63p591_br0p7567,3,6.5775660133333331e-14,63.59142520075966,-63.59142520075966,0.7567374858085787,2.2990000000000000e-04,7.9820000000000004e-07,0.013341595,0.002255141155822941,1.3165260799617162e-01,1.7564557765786832e-03,2.4414735294443696e-01,4.1268434824339145e-02,3.0,8.1382450981478990e-02,False,EFFECTIVE_PHENOMENOLOGICAL,MADGRAPH_DIRECT_RUN,VALIDATED,madgraph
eff_ctau3_g63p591_br1,3,6.5775660133333331e-14,63.59142520075966,-63.59142520075966,1,2.2990000000000000e-04,7.9820000000000004e-07,0.013341595,0.002255141155822941,2.2989999999999999e-01,3.0672326904999997e-03,4.2634534397949997e-01,7.2065516289593470e-02,3.0,1.4211511465983331e-01,False,EFFECTIVE_PHENOMENOLOGICAL,MADGRAPH_DIRECT_RUN,VALIDATED,madgraph
eff_ctau4p326_g63p591_br0p1,4.326221529733112,4.5611852986218501e-14,63.59142520075966,-63.59142520075966,0.1,2.2990000000000000e-04,7.9820000000000004e-07,0.01573386,0.002487741699310843,2.2990000000000003e-03,3.6172144140000003e-05,5.0279280354600005e-03,7.9498522517347243e-04,3.0,1.6759760118200001e-03,False,EFFECTIVE_PHENOMENOLOGICAL,MADGRAPH_DIRECT_RUN,VALIDATED,madgraph
eff_ctau4p326_g63p591_br0p25,4.326221529733112,4.5611852986218501e-14,63.59142520075966,-63.59142520075966,0.25,2.2990000000000000e-04,7.9820000000000004e-07,0.01573386,0.002487741699310843,1.4368750000000000e-02,2.2607590087499998e-04,3.1424550221624999e-02,4.9686576573342023e-03,3.0,1.0474850073874999e-02,False,EFFECTIVE_PHENOMENOLOGICAL,MADGRAPH_DIRECT_RUN,VALIDATED,madgraph
eff_ctau4p326_g63p591_br0p5,4.326221529733112,4.5611852986218501e-14,63.59142520075966,-63.59142520075966,0.5,2.2990000000000000e-04,7.9820000000000004e-07,0.01573386,0.002487741699310843,5.7474999999999998e-02,9.0430360349999994e-04,1.2569820088649999e-01,1.9874630629336809e-02,3.0,4.1899400295499996e-02,False,EFFECTIVE_PHENOMENOLOGICAL,MADGRAPH_DIRECT_RUN,VALIDATED,madgraph
eff_ctau4p326_g63p591_br0p7567,4.326221529733112,4.5611852986218501e-14,63.59142520075966,-63.59142520075966,0.7567374858085787,2.2990000000000000e-04,7.9820000000000004e-07,0.01573386,0.002487741699310843,1.3165260799617162e-01,2.0714037028466445e-03,2.8792511469568360e-01,4.5524957900178936e-02,3.0,9.5975038231894530e-02,False,EFFECTIVE_PHENOMENOLOGICAL,MADGRAPH_DIRECT_RUN,VALIDATED,madgraph
eff_ctau4p326_g63p591_br1,4.326221529733112,4.5611852986218501e-14,63.59142520075966,-63.59142520075966,1,2.2990000000000000e-04,7.9820000000000004e-07,0.01573386,0.002487741699310843,2.2989999999999999e-01,3.6172144139999998e-03,5.0279280354599998e-01,7.9498522517347237e-02,3.0,1.6759760118199998e-01,False,EFFECTIVE_PHENOMENOLOGICAL,MADGRAPH_DIRECT_RUN,VALIDATED,madgraph
eff_ctau10_g63p591_br0p1,10,1.9732698040000002e-14,63.59142520075966,-63.59142520075966,0.1,2.2990000000000000e-04,7.9820000000000004e-07,0.018625475,0.002716804752519248,2.2990000000000003e-03,4.2819967025000004e-05,5.9519754164750003e-03,8.6818484351980352e-04,3.0,1.9839918054916669e-03,False,EFFECTIVE_PHENOMENOLOGICAL,MADGRAPH_DIRECT_RUN,VALIDATED,madgraph
eff_ctau10_g63p591_br0p25,10,1.9732698040000002e-14,63.59142520075966,-63.59142520075966,0.25,2.2990000000000000e-04,7.9820000000000004e-07,0.018625475,0.002716804752519248,1.4368750000000000e-02,2.6762479390624998e-04,3.7199846352968746e-02,5.4261552719987709e-03,3.0,1.2399948784322915e-02,False,EFFECTIVE_PHENOMENOLOGICAL,MADGRAPH_DIRECT_RUN,VALIDATED,madgraph
eff_ctau10_g63p591_br0p5,10,1.9732698040000002e-14,63.59142520075966,-63.59142520075966,0.5,2.2990000000000000e-04,7.9820000000000004e-07,0.018625475,0.002716804752519248,5.7474999999999998e-02,1.0704991756249999e-03,1.4879938541187498e-01,2.1704621087995084e-02,3.0,4.9599795137291659e-02,False,EFFECTIVE_PHENOMENOLOGICAL,MADGRAPH_DIRECT_RUN,VALIDATED,madgraph
eff_ctau10_g63p591_br0p7567,10,1.9732698040000002e-14,63.59142520075966,-63.59142520075966,0.7567374858085787,2.2990000000000000e-04,7.9820000000000004e-07,0.018625475,0.002716804752519248,1.3165260799617162e-01,2.4520923589174946e-03,3.4084083788953173e-01,4.9716745920891814e-02,3.0,1.1361361262984392e-01,False,EFFECTIVE_PHENOMENOLOGICAL,MADGRAPH_DIRECT_RUN,VALIDATED,madgraph
eff_ctau10_g63p591_br1,10,1.9732698040000002e-14,63.59142520075966,-63.59142520075966,1,2.2990000000000000e-04,7.9820000000000004e-07,0.018625475,0.002716804752519248,2.2989999999999999e-01,4.2819967024999997e-03,5.9519754164749994e-01,8.6818484351980335e-02,3.0,1.9839918054916664e-01,False,EFFECTIVE_PHENOMENOLOGICAL,MADGRAPH_DIRECT_RUN,VALIDATED,madgraph
eff_ctau30_g63p591_br0p1,30,6.5775660133333334e-15,63.59142520075966,-63.59142520075966,0.1,2.2990000000000000e-04,7.9820000000000004e-07,0.01856252,0.002679268979709453,2.2990000000000003e-03,4.2675233480000003e-05,5.9318574537200004e-03,8.5618987442493267e-04,3.0,1.9772858179066669e-03,False,EFFECTIVE_PHENOMENOLOGICAL,MADGRAPH_DIRECT_RUN,VALIDATED,madgraph
eff_ctau30_g63p591_br0p25,30,6.5775660133333334e-15,63.59142520075966,-63.59142520075966,0.25,2.2990000000000000e-04,7.9820000000000004e-07,0.01856252,0.002679268979709453,1.4368750000000000e-02,2.6672020925000000e-04,3.7074109085749998e-02,5.3511867151558286e-03,3.0,1.2358036361916666e-02,False,EFFECTIVE_PHENOMENOLOGICAL,MADGRAPH_DIRECT_RUN,VALIDATED,madgraph
eff_ctau30_g63p591_br0p5,30,6.5775660133333334e-15,63.59142520075966,-63.59142520075966,0.5,2.2990000000000000e-04,7.9820000000000004e-07,0.01856252,0.002679268979709453,5.7474999999999998e-02,1.0668808370000000e-03,1.4829643634299999e-01,2.1404746860623314e-02,3.0,4.9432145447666664e-02,False,EFFECTIVE_PHENOMENOLOGICAL,MADGRAPH_DIRECT_RUN,VALIDATED,madgraph
eff_ctau30_g63p591_br0p7567,30,6.5775660133333334e-15,63.59142520075966,-63.59142520075966,0.7567374858085787,2.2990000000000000e-04,7.9820000000000004e-07,0.01856252,0.002679268979709453,1.3165260799617162e-01,2.4438041689810956e-03,3.3968877948837228e-01,4.9029852069576794e-02,3.0,1.1322959316279076e-01,False,EFFECTIVE_PHENOMENOLOGICAL,MADGRAPH_DIRECT_RUN,VALIDATED,madgraph
eff_ctau30_g63p591_br1,30,6.5775660133333334e-15,63.59142520075966,-63.59142520075966,1,2.2990000000000000e-04,7.9820000000000004e-07,0.01856252,0.002679268979709453,2.2989999999999999e-01,4.2675233480000000e-03,5.9318574537199997e-01,8.5618987442493258e-02,3.0,1.9772858179066666e-01,False,EFFECTIVE_PHENOMENOLOGICAL,MADGRAPH_DIRECT_RUN,VALIDATED,madgraph
eff_ctau100_g63p591_br0p1,100,1.9732698039999999e-15,63.59142520075966,-63.59142520075966,0.1,2.2990000000000000e-04,7.9820000000000004e-07,0.01425306,0.002079022475718981,2.2990000000000003e-03,3.2767784940000002e-05,4.5547221066600000e-03,6.6437450136323328e-04,3.0,1.5182407022199999e-03,False,EFFECTIVE_PHENOMENOLOGICAL,MADGRAPH_DIRECT_RUN,VALIDATED,madgraph
eff_ctau100_g63p591_br0p25,100,1.9732698039999999e-15,63.59142520075966,-63.59142520075966,0.25,2.2990000000000000e-04,7.9820000000000004e-07,0.01425306,0.002079022475718981,1.4368750000000000e-02,2.0479865587499999e-04,2.8467013166624998e-02,4.1523406335202077e-03,3.0,9.4890043888749987e-03,False,EFFECTIVE_PHENOMENOLOGICAL,MADGRAPH_DIRECT_RUN,VALIDATED,madgraph
eff_ctau100_g63p591_br0p5,100,1.9732698039999999e-15,63.59142520075966,-63.59142520075966,0.5,2.2990000000000000e-04,7.9820000000000004e-07,0.01425306,0.002079022475718981,5.7474999999999998e-02,8.1919462349999998e-04,1.1386805266649999e-01,1.6609362534080831e-02,3.0,3.7956017555499995e-02,False,EFFECTIVE_PHENOMENOLOGICAL,MADGRAPH_DIRECT_RUN,VALIDATED,madgraph
eff_ctau100_g63p591_br0p7567,100,1.9732698039999999e-15,63.59142520075966,-63.59142520075966,0.7567374858085787,2.2990000000000000e-04,7.9820000000000004e-07,0.01425306,0.002079022475718981,1.3165260799617162e-01,1.8764525209259138e-03,2.6082690040870199e-01,3.8045513610537506e-02,3.0,8.6942300136233996e-02,False,EFFECTIVE_PHENOMENOLOGICAL,MADGRAPH_DIRECT_RUN,VALIDATED,madgraph
eff_ctau100_g63p591_br1,100,1.9732698039999999e-15,63.59142520075966,-63.59142520075966,1,2.2990000000000000e-04,7.9820000000000004e-07,0.01425306,0.002079022475718981,2.2989999999999999e-01,3.2767784939999999e-03,4.5547221066599997e-01,6.6437450136323323e-02,3.0,1.5182407022199998e-01,False,EFFECTIVE_PHENOMENOLOGICAL,MADGRAPH_DIRECT_RUN,VALIDATED,madgraph
eff_ctau200_g63p591_br0p1,200,9.8663490199999997e-16,63.59142520075966,-63.59142520075966,0.1,2.2990000000000000e-04,7.9820000000000004e-07,0.009507182499999999,0.001503217541544688,2.2990000000000003e-03,2.1857012567500000e-05,3.0381247468825000e-03,4.8036970079356209e-04,3.0,1.0127082489608333e-03,False,EFFECTIVE_PHENOMENOLOGICAL,MADGRAPH_DIRECT_RUN,VALIDATED,madgraph
eff_ctau200_g63p591_br0p25,200,9.8663490199999997e-16,63.59142520075966,-63.59142520075966,0.25,2.2990000000000000e-04,7.9820000000000004e-07,0.009507182499999999,0.001503217541544688,1.4368750000000000e-02,1.3660632854687498e-04,1.8988279668015622e-02,3.0023106299597625e-03,3.0,6.3294265560052071e-03,False,EFFECTIVE_PHENOMENOLOGICAL,MADGRAPH_DIRECT_RUN,VALIDATED,madgraph
eff_ctau200_g63p591_br0p5,200,9.8663490199999997e-16,63.59142520075966,-63.59142520075966,0.5,2.2990000000000000e-04,7.9820000000000004e-07,0.009507182499999999,0.001503217541544688,5.7474999999999998e-02,5.4642531418749992e-04,7.5953118672062489e-02,1.2009242519839050e-02,3.0,2.5317706224020829e-02,False,EFFECTIVE_PHENOMENOLOGICAL,MADGRAPH_DIRECT_RUN,VALIDATED,madgraph
eff_ctau200_g63p591_br0p7567,200,9.8663490199999997e-16,63.59142520075966,-63.59142520075966,0.7567374858085787,2.2990000000000000e-04,7.9820000000000004e-07,0.009507182499999999,0.001503217541544688,1.3165260799617162e-01,1.2516453708205629e-03,1.7397870654405823e-01,2.7508448852463278e-02,3.0,5.7992902181352744e-02,False,EFFECTIVE_PHENOMENOLOGICAL,MADGRAPH_DIRECT_RUN,VALIDATED,madgraph
eff_ctau200_g63p591_br1,200,9.8663490199999997e-16,63.59142520075966,-63.59142520075966,1,2.2990000000000000e-04,7.9820000000000004e-07,0.009507182499999999,0.001503217541544688,2.2989999999999999e-01,2.1857012567499997e-03,3.0381247468824996e-01,4.8036970079356200e-02,3.0,1.0127082489608331e-01,False,EFFECTIVE_PHENOMENOLOGICAL,MADGRAPH_DIRECT_RUN,VALIDATED,madgraph
eff_ctau300_g63p591_br0p1,300,6.5775660133333338e-16,63.59142520075966,-63.59142520075966,0.1,2.2990000000000000e-04,7.9820000000000004e-07,0.006872078500000001,0.001161593276620673,2.2990000000000003e-03,1.5798908471500003e-05,2.1960482775385004e-03,3.7119990907017890e-04,3.0,7.3201609251283349e-04,False,EFFECTIVE_PHENOMENOLOGICAL,MADGRAPH_DIRECT_RUN,VALIDATED,madgraph
eff_ctau300_g63p591_br0p25,300,6.5775660133333338e-16,63.59142520075966,-63.59142520075966,0.25,2.2990000000000000e-04,7.9820000000000004e-07,0.006872078500000001,0.001161593276620673,1.4368750000000000e-02,9.8743177946875008e-05,1.3725301734615626e-02,2.3199994316886181e-03,3.0,4.5751005782052089e-03,False,EFFECTIVE_PHENOMENOLOGICAL,MADGRAPH_DIRECT_RUN,VALIDATED,madgraph
eff_ctau300_g63p591_br0p5,300,6.5775660133333338e-16,63.59142520075966,-63.59142520075966,0.5,2.2990000000000000e-04,7.9820000000000004e-07,0.006872078500000001,0.001161593276620673,5.7474999999999998e-02,3.9497271178750003e-04,5.4901206938462503e-02,9.2799977267544725e-03,3.0,1.8300402312820836e-02,False,EFFECTIVE_PHENOMENOLOGICAL,MADGRAPH_DIRECT_RUN,VALIDATED,madgraph
eff_ctau300_g63p591_br0p7567,300,6.5775660133333338e-16,63.59142520075966,-63.59142520075966,0.7567374858085787,2.2990000000000000e-04,7.9820000000000004e-07,0.006872078500000001,0.001161593276620673,1.3165260799617162e-01,9.0472705687941917e-04,1.2575706090623925e-01,2.1256823017412271e-02,3.0,4.1919020302079751e-02,False,EFFECTIVE_PHENOMENOLOGICAL,MADGRAPH_DIRECT_RUN,VALIDATED,madgraph
eff_ctau300_g63p591_br1,300,6.5775660133333338e-16,63.59142520075966,-63.59142520075966,1,2.2990000000000000e-04,7.9820000000000004e-07,0.006872078500000001,0.001161593276620673,2.2989999999999999e-01,1.5798908471500001e-03,2.1960482775385001e-01,3.7119990907017890e-02,3.0,7.3201609251283342e-02,False,EFFECTIVE_PHENOMENOLOGICAL,MADGRAPH_DIRECT_RUN,VALIDATED,madgraph
eff_ctau500_g63p591_br0p1,500,3.9465396080000001e-16,63.59142520075966,-63.59142520075966,0.1,2.2990000000000000e-04,7.9820000000000004e-07,0.003869341,0.0007898259242358671,2.2990000000000003e-03,8.8956149590000014e-06,1.2364904793010002e-03,2.5239756217473793e-04,3.0,4.1216349310033341e-04,False,EFFECTIVE_PHENOMENOLOGICAL,MADGRAPH_DIRECT_RUN,VALIDATED,madgraph
eff_ctau500_g63p591_br0p25,500,3.9465396080000001e-16,63.59142520075966,-63.59142520075966,0.25,2.2990000000000000e-04,7.9820000000000004e-07,0.003869341,0.0007898259242358671,1.4368750000000000e-02,5.5597593493749998e-05,7.7280654956312497e-03,1.5774847635921117e-03,3.0,2.5760218318770832e-03,False,EFFECTIVE_PHENOMENOLOGICAL,MADGRAPH_DIRECT_RUN,VALIDATED,madgraph
eff_ctau500_g63p591_br0p5,500,3.9465396080000001e-16,63.59142520075966,-63.59142520075966,0.5,2.2990000000000000e-04,7.9820000000000004e-07,0.003869341,0.0007898259242358671,5.7474999999999998e-02,2.2239037397499999e-04,3.0912261982524999e-02,6.3099390543684469e-03,3.0,1.0304087327508333e-02,False,EFFECTIVE_PHENOMENOLOGICAL,MADGRAPH_DIRECT_RUN,VALIDATED,madgraph
eff_ctau500_g63p591_br0p7567,500,3.9465396080000001e-16,63.59142520075966,-63.59142520075966,0.7567374858085787,2.2990000000000000e-04,7.9820000000000004e-07,0.003869341,0.0007898259242358671,1.3165260799617162e-01,5.0940883387651475e-04,7.0807827908835552e-02,1.4453587347620759e-02,3.0,2.3602609302945183e-02,False,EFFECTIVE_PHENOMENOLOGICAL,MADGRAPH_DIRECT_RUN,VALIDATED,madgraph
eff_ctau500_g63p591_br1,500,3.9465396080000001e-16,63.59142520075966,-63.59142520075966,1,2.2990000000000000e-04,7.9820000000000004e-07,0.003869341,0.0007898259242358671,2.2989999999999999e-01,8.8956149589999997e-04,1.2364904793010000e-01,2.5239756217473788e-02,3.0,4.1216349310033332e-02,False,EFFECTIVE_PHENOMENOLOGICAL,MADGRAPH_DIRECT_RUN,VALIDATED,madgraph
eff_ctau700_g63p591_br0p1,700,2.8189568628571429e-16,63.59142520075966,-63.59142520075966,0.1,2.2990000000000000e-04,7.9820000000000004e-07,0.003478149,0.0008435750416844964,2.2990000000000003e-03,7.9962645510000007e-06,1.1114807725890001e-03,2.6957368389573941e-04,3.0,3.7049359086300003e-04,False,EFFECTIVE_PHENOMENOLOGICAL,MADGRAPH_DIRECT_RUN,VALIDATED,madgraph
eff_ctau700_g63p591_br0p25,700,2.8189568628571429e-16,63.59142520075966,-63.59142520075966,0.25,2.2990000000000000e-04,7.9820000000000004e-07,0.003478149,0.0008435750416844964,1.4368750000000000e-02,4.9976653443749994e-05,6.9467548286812489e-03,1.6848355243483709e-03,3.0,2.3155849428937495e-03,False,EFFECTIVE_PHENOMENOLOGICAL,MADGRAPH_DIRECT_RUN,VALIDATED,madgraph
eff_ctau700_g63p591_br0p5,700,2.8189568628571429e-16,63.59142520075966,-63.59142520075966,0.5,2.2990000000000000e-04,7.9820000000000004e-07,0.003478149,0.0008435750416844964,5.7474999999999998e-02,1.9990661377499997e-04,2.7787019314724996e-02,6.7393420973934836e-03,3.0,9.2623397715749980e-03,False,EFFECTIVE_PHENOMENOLOGICAL,MADGRAPH_DIRECT_RUN,VALIDATED,madgraph
eff_ctau700_g63p591_br0p7567,700,2.8189568628571429e-16,63.59142520075966,-63.59142520075966,0.7567374858085787,2.2990000000000000e-04,7.9820000000000004e-07,0.003478149,0.0008435750416844964,1.3165260799617162e-01,4.5790738684927632e-04,6.3649126772049411e-02,1.5437180744675798e-02,3.0,2.1216375590683137e-02,False,EFFECTIVE_PHENOMENOLOGICAL,MADGRAPH_DIRECT_RUN,VALIDATED,madgraph
eff_ctau700_g63p591_br1,700,2.8189568628571429e-16,63.59142520075966,-63.59142520075966,1,2.2990000000000000e-04,7.9820000000000004e-07,0.003478149,0.0008435750416844964,2.2989999999999999e-01,7.9962645509999990e-04,1.1114807725889998e-01,2.6957368389573935e-02,3.0,3.7049359086299992e-02,False,EFFECTIVE_PHENOMENOLOGICAL,MADGRAPH_DIRECT_RUN,VALIDATED,madgraph
eff_ctau1000_g63p591_br0p1,1000,1.9732698040000000e-16,63.59142520075966,-63.59142520075966,0.1,2.2990000000000000e-04,7.9820000000000004e-07,0.0024641585,0.0006362429888610299,2.2990000000000003e-03,5.6651003915000006e-06,7.8744895441850012e-04,2.0331844576341963e-04,3.0,2.6248298480616671e-04,False,EFFECTIVE_PHENOMENOLOGICAL,MADGRAPH_DIRECT_RUN,VALIDATED,madgraph
eff_ctau1000_g63p591_br0p25,1000,1.9732698040000000e-16,63.59142520075966,-63.59142520075966,0.25,2.2990000000000000e-04,7.9820000000000004e-07,0.0024641585,0.0006362429888610299,1.4368750000000000e-02,3.5406877446874998e-05,4.9215559651156248e-03,1.2707402860213724e-03,3.0,1.6405186550385415e-03,False,EFFECTIVE_PHENOMENOLOGICAL,MADGRAPH_DIRECT_RUN,VALIDATED,madgraph
eff_ctau1000_g63p591_br0p5,1000,1.9732698040000000e-16,63.59142520075966,-63.59142520075966,0.5,2.2990000000000000e-04,7.9820000000000004e-07,0.0024641585,0.0006362429888610299,5.7474999999999998e-02,1.4162750978749999e-04,1.9686223860462499e-02,5.0829611440854896e-03,3.0,6.5620746201541661e-03,False,EFFECTIVE_PHENOMENOLOGICAL,MADGRAPH_DIRECT_RUN,VALIDATED,madgraph
eff_ctau1000_g63p591_br0p7567,1000,1.9732698040000000e-16,63.59142520075966,-63.59142520075966,0.7567374858085787,2.2990000000000000e-04,7.9820000000000004e-07,0.0024641585,0.0006362429888610299,1.3165260799617162e-01,3.2441289304093428e-04,4.5093392132689862e-02,1.1643063783593893e-02,3.0,1.5031130710896621e-02,False,EFFECTIVE_PHENOMENOLOGICAL,MADGRAPH_DIRECT_RUN,VALIDATED,madgraph
eff_ctau1000_g63p591_br1,1000,1.9732698040000000e-16,63.59142520075966,-63.59142520075966,1,2.2990000000000000e-04,7.9820000000000004e-07,0.0024641585,0.0006362429888610299,2.2989999999999999e-01,5.6651003914999997e-04,7.8744895441849996e-02,2.0331844576341958e-02,3.0,2.6248298480616664e-02,False,EFFECTIVE_PHENOMENOLOGICAL,MADGRAPH_DIRECT_RUN,VALIDATED,madgraph
eff_ctau0p3_g100_br0p1,0.3,6.5775660133333333e-13,100,-100,0.1,5.6948221398852087e-04,0.0000000000000000e+00,0,0.0005,5.6948221398852097e-03,0.0000000000000000e+00,0.0000000000000000e+00,3.9579013872202207e-04,3.0,0.0000000000000000e+00,False,EFFECTIVE_PHENOMENOLOGICAL,STRUCTURAL_PREDICTION_ONLY,UPPER_LIMIT_ONLY,factorized
eff_ctau0p3_g100_br0p25,0.3,6.5775660133333333e-13,100,-100,0.25,5.6948221398852087e-04,0.0000000000000000e+00,0,0.0005,3.5592638374282552e-02,0.0000000000000000e+00,0.0000000000000000e+00,2.4736883670126372e-03,3.0,0.0000000000000000e+00,False,EFFECTIVE_PHENOMENOLOGICAL,STRUCTURAL_PREDICTION_ONLY,UPPER_LIMIT_ONLY,factorized
eff_ctau0p3_g100_br0p5,0.3,6.5775660133333333e-13,100,-100,0.5,5.6948221398852087e-04,0.0000000000000000e+00,0,0.0005,1.4237055349713021e-01,0.0000000000000000e+00,0.0000000000000000e+00,9.8947534680505489e-03,3.0,0.0000000000000000e+00,False,EFFECTIVE_PHENOMENOLOGICAL,STRUCTURAL_PREDICTION_ONLY,UPPER_LIMIT_ONLY,factorized
eff_ctau0p3_g100_br0p7567,0.3,6.5775660133333333e-13,100,-100,0.7567374858085787,5.6948221398852087e-04,0.0000000000000000e+00,0,0.0005,3.2611491378435259e-01,0.0000000000000000e+00,0.0000000000000000e+00,2.2664986508012505e-02,3.0,0.0000000000000000e+00,False,EFFECTIVE_PHENOMENOLOGICAL,STRUCTURAL_PREDICTION_ONLY,UPPER_LIMIT_ONLY,factorized
eff_ctau0p3_g100_br1,0.3,6.5775660133333333e-13,100,-100,1,5.6948221398852087e-04,0.0000000000000000e+00,0,0.0005,5.6948221398852084e-01,0.0000000000000000e+00,0.0000000000000000e+00,3.9579013872202196e-02,3.0,0.0000000000000000e+00,False,EFFECTIVE_PHENOMENOLOGICAL,STRUCTURAL_PREDICTION_ONLY,UPPER_LIMIT_ONLY,factorized
eff_ctau1_g100_br0p1,1,1.9732698040000000e-13,100,-100,0.1,5.6948221398852087e-04,0.0000000000000000e+00,0.003951574,0.00124959741827022,5.6948221398852097e-03,2.2503511102594761e-05,3.1279880432606719e-03,9.8915667104770215e-04,3.0,1.0426626810868906e-03,False,EFFECTIVE_PHENOMENOLOGICAL,STRUCTURAL_PREDICTION_ONLY,VALIDATED,factorized
eff_ctau1_g100_br0p25,1,1.9732698040000000e-13,100,-100,0.25,5.6948221398852087e-04,0.0000000000000000e+00,0.003951574,0.00124959741827022,3.5592638374282552e-02,1.4064694439121721e-04,1.9549925270379194e-02,6.1822291940481370e-03,3.0,6.5166417567930649e-03,False,EFFECTIVE_PHENOMENOLOGICAL,STRUCTURAL_PREDICTION_ONLY,VALIDATED,factorized
eff_ctau1_g100_br0p5,1,1.9732698040000000e-13,100,-100,0.5,5.6948221398852087e-04,0.0000000000000000e+00,0.003951574,0.00124959741827022,1.4237055349713021e-01,5.6258777756486886e-04,7.8199701081516776e-02,2.4728916776192548e-02,3.0,2.6066567027172260e-02,False,EFFECTIVE_PHENOMENOLOGICAL,STRUCTURAL_PREDICTION_ONLY,VALIDATED,factorized
eff_ctau1_g100_br0p7567,1,1.9732698040000000e-13,100,-100,0.7567374858085787,5.6948221398852087e-04,0.0000000000000000e+00,0.003951574,0.00124959741827022,3.2611491378435259e-01,1.2886672143224893e-03,1.7912474279082602e-01,5.6644217251083588e-02,3.0,5.9708247596942009e-02,False,EFFECTIVE_PHENOMENOLOGICAL,STRUCTURAL_PREDICTION_ONLY,VALIDATED,factorized
eff_ctau1_g100_br1,1,1.9732698040000000e-13,100,-100,1,5.6948221398852087e-04,0.0000000000000000e+00,0.003951574,0.00124959741827022,5.6948221398852084e-01,2.2503511102594754e-03,3.1279880432606710e-01,9.8915667104770191e-02,3.0,1.0426626810868904e-01,False,EFFECTIVE_PHENOMENOLOGICAL,STRUCTURAL_PREDICTION_ONLY,VALIDATED,factorized
eff_ctau3_g100_br0p1,3,6.5775660133333331e-14,100,-100,0.1,5.6948221398852087e-04,0.0000000000000000e+00,0.013341595,0.002255141155822941,5.6948221398852097e-03,7.5978010587381811e-05,1.0560943471646073e-02,1.7851252618018060e-03,3.0,3.5203144905486907e-03,False,EFFECTIVE_PHENOMENOLOGICAL,STRUCTURAL_PREDICTION_ONLY,VALIDATED,factorized
eff_ctau3_g100_br0p25,3,6.5775660133333331e-14,100,-100,0.25,5.6948221398852087e-04,0.0000000000000000e+00,0.013341595,0.002255141155822941,3.5592638374282552e-02,4.7486256617113623e-04,6.6005896697787933e-02,1.1157032886261284e-02,3.0,2.2001965565929312e-02,False,EFFECTIVE_PHENOMENOLOGICAL,STRUCTURAL_PREDICTION_ONLY,VALIDATED,factorized
eff_ctau3_g100_br0p5,3,6.5775660133333331e-14,100,-100,0.5,5.6948221398852087e-04,0.0000000000000000e+00,0.013341595,0.002255141155822941,1.4237055349713021e-01,1.8994502646845449e-03,2.6402358679115173e-01,4.4628131545045135e-02,3.0,8.8007862263717249e-02,False,EFFECTIVE_PHENOMENOLOGICAL,STRUCTURAL_PREDICTION_ONLY,VALIDATED,factorized
eff_ctau3_g100_br0p7567,3,6.5775660133333331e-14,100,-100,0.7567374858085787,5.6948221398852087e-04,0.0000000000000000e+00,0.013341595,0.002255141155822941,3.2611491378435259e-01,4.3508931031707495e-03,6.0477414134073415e-01,1.0222548774078136e-01,3.0,2.0159138044691138e-01,False,EFFECTIVE_PHENOMENOLOGICAL,STRUCTURAL_PREDICTION_ONLY,VALIDATED,factorized
eff_ctau3_g100_br1,3,6.5775660133333331e-14,100,-100,1,5.6948221398852087e-04,0.0000000000000000e+00,0.013341595,0.002255141155822941,5.6948221398852084e-01,7.5978010587381796e-03,1.0560943471646069e+00,1.7851252618018054e-01,3.0,3.5203144905486899e-01,False,EFFECTIVE_PHENOMENOLOGICAL,STRUCTURAL_PREDICTION_ONLY,VALIDATED,factorized
eff_ctau4p326_g100_br0p1,4.326221529733112,4.5611852986218501e-14,100,-100,0.1,5.6948221398852087e-04,0.0000000000000000e+00,0.01573386,0.002487741699310843,5.6948221398852097e-03,8.9601534273854296e-05,1.2454613264065746e-02,1.9692472645495948e-03,3.0,4.1515377546885819e-03,False,EFFECTIVE_PHENOMENOLOGICAL,STRUCTURAL_PREDICTION_ONLY,VALIDATED,factorized
eff_ctau4p326_g100_br0p25,4.326221529733112,4.5611852986218501e-14,100,-100,0.25,5.6948221398852087e-04,0.0000000000000000e+00,0.01573386,0.002487741699310843,3.5592638374282552e-02,5.6000958921158923e-04,7.7841332900410898e-02,1.2307795403434966e-02,3.0,2.5947110966803633e-02,False,EFFECTIVE_PHENOMENOLOGICAL,STRUCTURAL_PREDICTION_ONLY,VALIDATED,factorized
eff_ctau4p326_g100_br0p5,4.326221529733112,4.5611852986218501e-14,100,-100,0.5,5.6948221398852087e-04,0.0000000000000000e+00,0.01573386,0.002487741699310843,1.4237055349713021e-01,2.2400383568463569e-03,3.1136533160164359e-01,4.9231181613739863e-02,3.0,1.0378844386721453e-01,False,EFFECTIVE_PHENOMENOLOGICAL,STRUCTURAL_PREDICTION_ONLY,VALIDATED,factorized
eff_ctau4p326_g100_br0p7567,4.326221529733112,4.5611852986218501e-14,100,-100,0.7567374858085787,5.6948221398852087e-04,0.0000000000000000e+00,0.01573386,0.002487741699310843,3.2611491378435259e-01,5.1310463973950737e-03,7.1321544923791524e-01,1.1276926410060073e-01,3.0,2.3773848307930509e-01,False,EFFECTIVE_PHENOMENOLOGICAL,STRUCTURAL_PREDICTION_ONLY,VALIDATED,factorized
eff_ctau4p326_g100_br1,4.326221529733112,4.5611852986218501e-14,100,-100,1,5.6948221398852087e-04,0.0000000000000000e+00,0.01573386,0.002487741699310843,5.6948221398852084e-01,8.9601534273854276e-03,1.2454613264065744e+00,1.9692472645495945e-01,3.0,4.1515377546885812e-01,False,EFFECTIVE_PHENOMENOLOGICAL,STRUCTURAL_PREDICTION_ONLY,VALIDATED,factorized
eff_ctau10_g100_br0p1,10,1.9732698040000002e-14,100,-100,0.1,5.6948221398852087e-04,0.0000000000000000e+00,0.018625475,0.002716804752519248,5.6948221398852097e-03,1.0606876739587847e-04,1.4743558668027106e-02,2.1505690597604841e-03,3.0,4.9145195560090357e-03,False,EFFECTIVE_PHENOMENOLOGICAL,STRUCTURAL_PREDICTION_ONLY,VALIDATED,factorized
eff_ctau10_g100_br0p25,10,1.9732698040000002e-14,100,-100,0.25,5.6948221398852087e-04,0.0000000000000000e+00,0.018625475,0.002716804752519248,3.5592638374282552e-02,6.6292979622424033e-04,9.2147241675169411e-02,1.3441056623503023e-02,3.0,3.0715747225056472e-02,False,EFFECTIVE_PHENOMENOLOGICAL,STRUCTURAL_PREDICTION_ONLY,VALIDATED,factorized
eff_ctau10_g100_br0p5,10,1.9732698040000002e-14,100,-100,0.5,5.6948221398852087e-04,0.0000000000000000e+00,0.018625475,0.002716804752519248,1.4237055349713021e-01,2.6517191848969613e-03,3.6858896670067764e-01,5.3764226494012093e-02,3.0,1.2286298890022589e-01,False,EFFECTIVE_PHENOMENOLOGICAL,STRUCTURAL_PREDICTION_ONLY,VALIDATED,factorized
eff_ctau10_g100_br0p7567,10,1.9732698040000002e-14,100,-100,0.7567374858085787,5.6948221398852087e-04,0.0000000000000000e+00,0.018625475,0.002716804752519248,3.2611491378435259e-01,6.0740451738176141e-03,8.4429227916064831e-01,1.2315268612150601e-01,3.0,2.8143075972021608e-01,False,EFFECTIVE_PHENOMENOLOGICAL,STRUCTURAL_PREDICTION_ONLY,VALIDATED,factorized
eff_ctau10_g100_br1,10,1.9732698040000002e-14,100,-100,1,5.6948221398852087e-04,0.0000000000000000e+00,0.018625475,0.002716804752519248,5.6948221398852084e-01,1.0606876739587845e-02,1.4743558668027106e+00,2.1505690597604837e-01,3.0,4.9145195560090355e-01,False,EFFECTIVE_PHENOMENOLOGICAL,STRUCTURAL_PREDICTION_ONLY,VALIDATED,factorized
eff_ctau30_g100_br0p1,30,6.5775660133333334e-15,100,-100,0.1,5.6948221398852087e-04,0.0000000000000000e+00,0.01856252,0.002679268979709453,5.6948221398852097e-03,1.0571024986806199e-04,1.4693724731660618e-02,2.1208564823056299e-03,3.0,4.8979082438868728e-03,False,EFFECTIVE_PHENOMENOLOGICAL,STRUCTURAL_PREDICTION_ONLY,VALIDATED,factorized
eff_ctau30_g100_br0p25,30,6.5775660133333334e-15,100,-100,0.25,5.6948221398852087e-04,0.0000000000000000e+00,0.01856252,0.002679268979709453,3.5592638374282552e-02,6.6068906167538735e-04,9.1835779572878848e-02,1.3255353014410186e-02,3.0,3.0611926524292950e-02,False,EFFECTIVE_PHENOMENOLOGICAL,STRUCTURAL_PREDICTION_ONLY,VALIDATED,factorized
eff_ctau30_g100_br0p5,30,6.5775660133333334e-15,100,-100,0.5,5.6948221398852087e-04,0.0000000000000000e+00,0.01856252,0.002679268979709453,1.4237055349713021e-01,2.6427562467015494e-03,3.6734311829151539e-01,5.3021412057640743e-02,3.0,1.2244770609717180e-01,False,EFFECTIVE_PHENOMENOLOGICAL,STRUCTURAL_PREDICTION_ONLY,VALIDATED,factorized
eff_ctau30_g100_br0p7567,30,6.5775660133333334e-15,100,-100,0.7567374858085787,5.6948221398852087e-04,0.0000000000000000e+00,0.01856252,0.002679268979709453,3.2611491378435259e-01,6.0535146094203201e-03,8.4143853070942454e-01,1.2145119055290238e-01,3.0,2.8047951023647483e-01,False,EFFECTIVE_PHENOMENOLOGICAL,STRUCTURAL_PREDICTION_ONLY,VALIDATED,factorized
eff_ctau30_g100_br1,30,6.5775660133333334e-15,100,-100,1,5.6948221398852087e-04,0.0000000000000000e+00,0.01856252,0.002679268979709453,5.6948221398852084e-01,1.0571024986806198e-02,1.4693724731660616e+00,2.1208564823056297e-01,3.0,4.8979082438868721e-01,False,EFFECTIVE_PHENOMENOLOGICAL,STRUCTURAL_PREDICTION_ONLY,VALIDATED,factorized
eff_ctau100_g100_br0p1,100,1.9732698039999999e-15,100,-100,0.1,5.6948221398852087e-04,0.0000000000000000e+00,0.01425306,0.002079022475718981,5.6948221398852097e-03,8.1168641649112281e-05,1.1282441189226607e-02,1.6457131881420345e-03,3.0,3.7608137297422024e-03,False,EFFECTIVE_PHENOMENOLOGICAL,STRUCTURAL_PREDICTION_ONLY,VALIDATED,factorized
eff_ctau100_g100_br0p25,100,1.9732698039999999e-15,100,-100,0.25,5.6948221398852087e-04,0.0000000000000000e+00,0.01425306,0.002079022475718981,3.5592638374282552e-02,5.0730401030695167e-04,7.0515257432666276e-02,1.0285707425887712e-02,3.0,2.3505085810888757e-02,False,EFFECTIVE_PHENOMENOLOGICAL,STRUCTURAL_PREDICTION_ONLY,VALIDATED,factorized
eff_ctau100_g100_br0p5,100,1.9732698039999999e-15,100,-100,0.5,5.6948221398852087e-04,0.0000000000000000e+00,0.01425306,0.002079022475718981,1.4237055349713021e-01,2.0292160412278067e-03,2.8206102973066510e-01,4.1142829703550848e-02,3.0,9.4020343243555030e-02,False,EFFECTIVE_PHENOMENOLOGICAL,STRUCTURAL_PREDICTION_ONLY,VALIDATED,factorized
eff_ctau100_g100_br0p7567,100,1.9732698039999999e-15,100,-100,0.7567374858085787,5.6948221398852087e-04,0.0000000000000000e+00,0.01425306,0.002079022475718981,3.2611491378435259e-01,4.6481354330632045e-03,6.4609082519578542e-01,9.4242032724050920e-02,3.0,2.1536360839859514e-01,False,EFFECTIVE_PHENOMENOLOGICAL,STRUCTURAL_PREDICTION_ONLY,VALIDATED,factorized
eff_ctau100_g100_br1,100,1.9732698039999999e-15,100,-100,1,5.6948221398852087e-04,0.0000000000000000e+00,0.01425306,0.002079022475718981,5.6948221398852084e-01,8.1168641649112267e-03,1.1282441189226604e+00,1.6457131881420339e-01,3.0,3.7608137297422012e-01,False,EFFECTIVE_PHENOMENOLOGICAL,STRUCTURAL_PREDICTION_ONLY,VALIDATED,factorized
eff_ctau200_g100_br0p1,200,9.8663490199999997e-16,100,-100,0.1,5.6948221398852087e-04,0.0000000000000000e+00,0.009507182499999999,0.001503217541544688,5.6948221398852097e-03,5.4141713388929211e-05,7.5256981610611600e-03,1.1899173585946980e-03,3.0,2.5085660536870533e-03,False,EFFECTIVE_PHENOMENOLOGICAL,STRUCTURAL_PREDICTION_ONLY,VALIDATED,factorized
eff_ctau200_g100_br0p25,200,9.8663490199999997e-16,100,-100,0.25,5.6948221398852087e-04,0.0000000000000000e+00,0.009507182499999999,0.001503217541544688,3.5592638374282552e-02,3.3838570868080753e-04,4.7035613506632247e-02,7.4369834912168626e-03,3.0,1.5678537835544081e-02,False,EFFECTIVE_PHENOMENOLOGICAL,STRUCTURAL_PREDICTION_ONLY,VALIDATED,factorized
eff_ctau200_g100_br0p5,200,9.8663490199999997e-16,100,-100,0.5,5.6948221398852087e-04,0.0000000000000000e+00,0.009507182499999999,0.001503217541544688,1.4237055349713021e-01,1.3535428347232301e-03,1.8814245402652899e-01,2.9747933964867451e-02,3.0,6.2714151342176325e-02,False,EFFECTIVE_PHENOMENOLOGICAL,STRUCTURAL_PREDICTION_ONLY,VALIDATED,factorized
eff_ctau200_g100_br0p7567,200,9.8663490199999997e-16,100,-100,0.7567374858085787,5.6948221398852087e-04,0.0000000000000000e+00,0.009507182499999999,0.001503217541544688,3.2611491378435259e-01,3.1004340013196055e-03,4.3096032618342517e-01,6.8140810595436169e-02,3.0,1.4365344206114172e-01,False,EFFECTIVE_PHENOMENOLOGICAL,STRUCTURAL_PREDICTION_ONLY,VALIDATED,factorized
eff_ctau200_g100_br1,200,9.8663490199999997e-16,100,-100,1,5.6948221398852087e-04,0.0000000000000000e+00,0.009507182499999999,0.001503217541544688,5.6948221398852084e-01,5.4141713388929204e-03,7.5256981610611595e-01,1.1899173585946980e-01,3.0,2.5085660536870530e-01,False,EFFECTIVE_PHENOMENOLOGICAL,STRUCTURAL_PREDICTION_ONLY,VALIDATED,factorized
eff_ctau300_g100_br0p1,300,6.5775660133333338e-16,100,-100,0.1,5.6948221398852087e-04,0.0000000000000000e+00,0.006872078500000001,0.001161593276620673,5.6948221398852097e-03,3.9135264788829145e-05,5.4398018056472514e-03,9.1949432818452868e-04,3.0,1.8132672685490837e-03,False,EFFECTIVE_PHENOMENOLOGICAL,STRUCTURAL_PREDICTION_ONLY,VALIDATED,factorized
eff_ctau300_g100_br0p25,300,6.5775660133333338e-16,100,-100,0.25,5.6948221398852087e-04,0.0000000000000000e+00,0.006872078500000001,0.001161593276620673,3.5592638374282552e-02,2.4459540493018212e-04,3.3998761285295317e-02,5.7468395511533037e-03,3.0,1.1332920428431772e-02,False,EFFECTIVE_PHENOMENOLOGICAL,STRUCTURAL_PREDICTION_ONLY,VALIDATED,factorized
eff_ctau300_g100_br0p5,300,6.5775660133333338e-16,100,-100,0.5,5.6948221398852087e-04,0.0000000000000000e+00,0.006872078500000001,0.001161593276620673,1.4237055349713021e-01,9.7838161972072847e-04,1.3599504514118127e-01,2.2987358204613215e-02,3.0,4.5331681713727090e-02,False,EFFECTIVE_PHENOMENOLOGICAL,STRUCTURAL_PREDICTION_ONLY,VALIDATED,factorized
eff_ctau300_g100_br0p7567,300,6.5775660133333338e-16,100,-100,0.7567374858085787,5.6948221398852087e-04,0.0000000000000000e+00,0.006872078500000001,0.001161593276620673,3.2611491378435259e-01,2.2410872875468033e-03,3.1151113296900568e-01,5.2654991884811188e-02,3.0,1.0383704432300189e-01,False,EFFECTIVE_PHENOMENOLOGICAL,STRUCTURAL_PREDICTION_ONLY,VALIDATED,factorized
eff_ctau300_g100_br1,300,6.5775660133333338e-16,100,-100,1,5.6948221398852087e-04,0.0000000000000000e+00,0.006872078500000001,0.001161593276620673,5.6948221398852084e-01,3.9135264788829139e-03,5.4398018056472508e-01,9.1949432818452859e-02,3.0,1.8132672685490836e-01,False,EFFECTIVE_PHENOMENOLOGICAL,STRUCTURAL_PREDICTION_ONLY,VALIDATED,factorized
eff_ctau500_g100_br0p1,500,3.9465396080000001e-16,100,-100,0.1,5.6948221398852087e-04,0.0000000000000000e+00,0.003869341,0.0007898259242358671,5.6948221398852097e-03,2.2035208793565579e-05,3.0628940223056153e-03,6.2521062423912617e-04,3.0,1.0209646741018718e-03,False,EFFECTIVE_PHENOMENOLOGICAL,STRUCTURAL_PREDICTION_ONLY,VALIDATED,factorized
eff_ctau500_g100_br0p25,500,3.9465396080000001e-16,100,-100,0.25,5.6948221398852087e-04,0.0000000000000000e+00,0.003869341,0.0007898259242358671,3.5592638374282552e-02,1.3772005495978483e-04,1.9143087639410090e-02,3.9075664014945376e-03,3.0,6.3810292131366965e-03,False,EFFECTIVE_PHENOMENOLOGICAL,STRUCTURAL_PREDICTION_ONLY,VALIDATED,factorized
eff_ctau500_g100_br0p5,500,3.9465396080000001e-16,100,-100,0.5,5.6948221398852087e-04,0.0000000000000000e+00,0.003869341,0.0007898259242358671,1.4237055349713021e-01,5.5088021983913931e-04,7.6572350557640362e-02,1.5630265605978150e-02,3.0,2.5524116852546786e-02,False,EFFECTIVE_PHENOMENOLOGICAL,STRUCTURAL_PREDICTION_ONLY,VALIDATED,factorized
eff_ctau500_g100_br0p7567,500,3.9465396080000001e-16,100,-100,0.7567374858085787,5.6948221398852087e-04,0.0000000000000000e+00,0.003869341,0.0007898259242358671,3.2611491378435259e-01,1.2618498066172606e-03,1.7539712311979921e-01,3.5802787832968863e-02,3.0,5.8465707706599736e-02,False,EFFECTIVE_PHENOMENOLOGICAL,STRUCTURAL_PREDICTION_ONLY,VALIDATED,factorized
eff_ctau500_g100_br1,500,3.9465396080000001e-16,100,-100,1,5.6948221398852087e-04,0.0000000000000000e+00,0.003869341,0.0007898259242358671,5.6948221398852084e-01,2.2035208793565572e-03,3.0628940223056145e-01,6.2521062423912602e-02,3.0,1.0209646741018714e-01,False,EFFECTIVE_PHENOMENOLOGICAL,STRUCTURAL_PREDICTION_ONLY,VALIDATED,factorized
eff_ctau700_g100_br0p1,700,2.8189568628571429e-16,100,-100,0.1,5.6948221398852087e-04,0.0000000000000000e+00,0.003478149,0.0008435750416844964,5.6948221398852097e-03,1.9807439931019601e-05,2.7532341504117245e-03,6.6775736554148483e-04,3.0,9.1774471680390818e-04,False,EFFECTIVE_PHENOMENOLOGICAL,STRUCTURAL_PREDICTION_ONLY,VALIDATED,factorized
eff_ctau700_g100_br0p25,700,2.8189568628571429e-16,100,-100,0.25,5.6948221398852087e-04,0.0000000000000000e+00,0.003478149,0.0008435750416844964,3.5592638374282552e-02,1.2379649956887248e-04,1.7207713440073276e-02,4.1734835346342791e-03,3.0,5.7359044800244256e-03,False,EFFECTIVE_PHENOMENOLOGICAL,STRUCTURAL_PREDICTION_ONLY,VALIDATED,factorized
eff_ctau700_g100_br0p5,700,2.8189568628571429e-16,100,-100,0.5,5.6948221398852087e-04,0.0000000000000000e+00,0.003478149,0.0008435750416844964,1.4237055349713021e-01,4.9518599827548992e-04,6.8830853760293104e-02,1.6693934138537116e-02,3.0,2.2943617920097702e-02,False,EFFECTIVE_PHENOMENOLOGICAL,STRUCTURAL_PREDICTION_ONLY,VALIDATED,factorized
eff_ctau700_g100_br0p7567,700,2.8189568628571429e-16,100,-100,0.7567374858085787,5.6948221398852087e-04,0.0000000000000000e+00,0.003478149,0.0008435750416844964,3.2611491378435259e-01,1.1342762612641321e-03,1.5766440031571435e-01,3.8239233876550392e-02,3.0,5.2554800105238116e-02,False,EFFECTIVE_PHENOMENOLOGICAL,STRUCTURAL_PREDICTION_ONLY,VALIDATED,factorized
eff_ctau700_g100_br1,700,2.8189568628571429e-16,100,-100,1,5.6948221398852087e-04,0.0000000000000000e+00,0.003478149,0.0008435750416844964,5.6948221398852084e-01,1.9807439931019597e-03,2.7532341504117241e-01,6.6775736554148465e-02,3.0,9.1774471680390809e-02,False,EFFECTIVE_PHENOMENOLOGICAL,STRUCTURAL_PREDICTION_ONLY,VALIDATED,factorized
eff_ctau1000_g100_br0p1,1000,1.9732698040000000e-16,100,-100,0.1,5.6948221398852087e-04,0.0000000000000000e+00,0.0024641585,0.0006362429888610299,5.6948221398852097e-03,1.4032944381986327e-05,1.9505792690960996e-03,5.0363740164444202e-04,3.0,6.5019308969869983e-04,False,EFFECTIVE_PHENOMENOLOGICAL,STRUCTURAL_PREDICTION_ONLY,VALIDATED,factorized
eff_ctau1000_g100_br0p25,1000,1.9732698040000000e-16,100,-100,0.25,5.6948221398852087e-04,0.0000000000000000e+00,0.0024641585,0.0006362429888610299,3.5592638374282552e-02,8.7705902387414522e-05,1.2191120431850619e-02,3.1477337602777615e-03,3.0,4.0637068106168734e-03,False,EFFECTIVE_PHENOMENOLOGICAL,STRUCTURAL_PREDICTION_ONLY,VALIDATED,factorized
eff_ctau1000_g100_br0p5,1000,1.9732698040000000e-16,100,-100,0.5,5.6948221398852087e-04,0.0000000000000000e+00,0.0024641585,0.0006362429888610299,1.4237055349713021e-01,3.5082360954965809e-04,4.8764481727402477e-02,1.2590935041111046e-02,3.0,1.6254827242467493e-02,False,EFFECTIVE_PHENOMENOLOGICAL,STRUCTURAL_PREDICTION_ONLY,VALIDATED,factorized
eff_ctau1000_g100_br0p7567,1000,1.9732698040000000e-16,100,-100,0.7567374858085787,5.6948221398852087e-04,0.0000000000000000e+00,0.0024641585,0.0006362429888610299,3.2611491378435259e-01,8.0359883677847961e-04,1.1170023831220867e-01,2.8840877516705592e-02,3.0,3.7233412770736225e-02,False,EFFECTIVE_PHENOMENOLOGICAL,STRUCTURAL_PREDICTION_ONLY,VALIDATED,factorized
eff_ctau1000_g100_br1,1000,1.9732698040000000e-16,100,-100,1,5.6948221398852087e-04,0.0000000000000000e+00,0.0024641585,0.0006362429888610299,5.6948221398852084e-01,1.4032944381986324e-03,1.9505792690960991e-01,5.0363740164444185e-02,3.0,6.5019308969869974e-02,False,EFFECTIVE_PHENOMENOLOGICAL,STRUCTURAL_PREDICTION_ONLY,VALIDATED,factorized
eff_ctau0p3_g150_br0p1,0.3,6.5775660133333333e-13,150,-150,0.1,1.2810000000000000e-03,3.9659999999999998e-06,0,0.0005,1.2810000000000002e-02,0.0000000000000000e+00,0.0000000000000000e+00,8.9029500000000015e-04,3.0,0.0000000000000000e+00,False,EFFECTIVE_PHENOMENOLOGICAL,MADGRAPH_DIRECT_RUN,UPPER_LIMIT_ONLY,madgraph
eff_ctau0p3_g150_br0p25,0.3,6.5775660133333333e-13,150,-150,0.25,1.2810000000000000e-03,3.9659999999999998e-06,0,0.0005,8.0062499999999995e-02,0.0000000000000000e+00,0.0000000000000000e+00,5.5643437499999998e-03,3.0,0.0000000000000000e+00,False,EFFECTIVE_PHENOMENOLOGICAL,MADGRAPH_DIRECT_RUN,UPPER_LIMIT_ONLY,madgraph
eff_ctau0p3_g150_br0p5,0.3,6.5775660133333333e-13,150,-150,0.5,1.2810000000000000e-03,3.9659999999999998e-06,0,0.0005,3.2024999999999998e-01,0.0000000000000000e+00,0.0000000000000000e+00,2.2257374999999999e-02,3.0,0.0000000000000000e+00,False,EFFECTIVE_PHENOMENOLOGICAL,MADGRAPH_DIRECT_RUN,UPPER_LIMIT_ONLY,madgraph
eff_ctau0p3_g150_br0p7567,0.3,6.5775660133333333e-13,150,-150,0.7567374858085787,1.2810000000000000e-03,3.9659999999999998e-06,0,0.0005,7.3356672833012548e-01,0.0000000000000000e+00,0.0000000000000000e+00,5.0982887618943720e-02,3.0,0.0000000000000000e+00,False,EFFECTIVE_PHENOMENOLOGICAL,MADGRAPH_DIRECT_RUN,UPPER_LIMIT_ONLY,madgraph
eff_ctau0p3_g150_br1,0.3,6.5775660133333333e-13,150,-150,1,1.2810000000000000e-03,3.9659999999999998e-06,0,0.0005,1.2809999999999999e+00,0.0000000000000000e+00,0.0000000000000000e+00,8.9029499999999998e-02,3.0,0.0000000000000000e+00,False,EFFECTIVE_PHENOMENOLOGICAL,MADGRAPH_DIRECT_RUN,UPPER_LIMIT_ONLY,madgraph
eff_ctau1_g150_br0p1,1,1.9732698040000000e-13,150,-150,0.1,1.2810000000000000e-03,3.9659999999999998e-06,0.003951574,0.00124959741827022,1.2810000000000002e-02,5.0619662940000013e-05,7.0361331486600018e-03,2.2250206669977715e-03,3.0,2.3453777162200005e-03,False,EFFECTIVE_PHENOMENOLOGICAL,MADGRAPH_DIRECT_RUN,VALIDATED,madgraph
eff_ctau1_g150_br0p25,1,1.9732698040000000e-13,150,-150,0.25,1.2810000000000000e-03,3.9659999999999998e-06,0.003951574,0.00124959741827022,8.0062499999999995e-02,3.1637289337499999e-04,4.3975832179124999e-02,1.3906379168736068e-02,3.0,1.4658610726374999e-02,False,EFFECTIVE_PHENOMENOLOGICAL,MADGRAPH_DIRECT_RUN,VALIDATED,madgraph
eff_ctau1_g150_br0p5,1,1.9732698040000000e-13,150,-150,0.5,1.2810000000000000e-03,3.9659999999999998e-06,0.003951574,0.00124959741827022,3.2024999999999998e-01,1.2654915735000000e-03,1.7590332871650000e-01,5.5625516674944274e-02,3.0,5.8634442905499996e-02,False,EFFECTIVE_PHENOMENOLOGICAL,MADGRAPH_DIRECT_RUN,VALIDATED,madgraph
eff_ctau1_g150_br0p7567,1,1.9732698040000000e-13,150,-150,0.7567374858085787,1.2810000000000000e-03,3.9659999999999998e-06,0.003951574,0.00124959741827022,7.3356672833012548e-01,2.8987432109343876e-03,4.0292530631987988e-01,1.2741616948918569e-01,3.0,1.3430843543995996e-01,False,EFFECTIVE_PHENOMENOLOGICAL,MADGRAPH_DIRECT_RUN,VALIDATED,madgraph
eff_ctau1_g150_br1,1,1.9732698040000000e-13,150,-150,1,1.2810000000000000e-03,3.9659999999999998e-06,0.003951574,0.00124959741827022,1.2809999999999999e+00,5.0619662939999999e-03,7.0361331486599998e-01,2.2250206669977710e-01,3.0,2.3453777162199999e-01,False,EFFECTIVE_PHENOMENOLOGICAL,MADGRAPH_DIRECT_RUN,VALIDATED,madgraph
eff_ctau3_g150_br0p1,3,6.5775660133333331e-14,150,-150,0.1,1.2810000000000000e-03,3.9659999999999998e-06,0.013341595,0.002255141155822941,1.2810000000000002e-02,1.7090583195000002e-04,2.3755910641050003e-02,4.0154817906467707e-03,3.0,7.9186368803500010e-03,False,EFFECTIVE_PHENOMENOLOGICAL,MADGRAPH_DIRECT_RUN,VALIDATED,madgraph
eff_ctau3_g150_br0p25,3,6.5775660133333331e-14,150,-150,0.25,1.2810000000000000e-03,3.9659999999999998e-06,0.013341595,0.002255141155822941,8.0062499999999995e-02,1.0681614496874999e-03,1.4847444150656247e-01,2.5096761191542308e-02,3.0,4.9491480502187490e-02,False,EFFECTIVE_PHENOMENOLOGICAL,MADGRAPH_DIRECT_RUN,VALIDATED,madgraph
eff_ctau3_g150_br0p5,3,6.5775660133333331e-14,150,-150,0.5,1.2810000000000000e-03,3.9659999999999998e-06,0.013341595,0.002255141155822941,3.2024999999999998e-01,4.2726457987499996e-03,5.9389776602624988e-01,1.0038704476616923e-01,3.0,1.9796592200874996e-01,False,EFFECTIVE_PHENOMENOLOGICAL,MADGRAPH_DIRECT_RUN,VALIDATED,madgraph
eff_ctau3_g150_br0p7567,3,6.5775660133333331e-14,150,-150,0.7567374858085787,1.2810000000000000e-03,3.9659999999999998e-06,0.013341595,0.002255141155822941,7.3356672833012548e-01,9.7869501948555596e-03,1.3603860770849228e+00,2.2994721622435166e-01,3.0,4.5346202569497424e-01,False,EFFECTIVE_PHENOMENOLOGICAL,MADGRAPH_DIRECT_RUN,VALIDATED,madgraph
eff_ctau3_g150_br1,3,6.5775660133333331e-14,150,-150,1,1.2810000000000000e-03,3.9659999999999998e-06,0.013341595,0.002255141155822941,1.2809999999999999e+00,1.7090583194999998e-02,2.3755910641049995e+00,4.0154817906467694e-01,3.0,7.9186368803499985e-01,False,EFFECTIVE_PHENOMENOLOGICAL,MADGRAPH_DIRECT_RUN,VALIDATED,madgraph
eff_ctau4p326_g150_br0p1,4.326221529733112,4.5611852986218501e-14,150,-150,0.1,1.2810000000000000e-03,3.9659999999999998e-06,0.01573386,0.002487741699310843,1.2810000000000002e-02,2.0155074660000002e-04,2.8015553777400004e-02,4.4296479923758951e-03,3.0,9.3385179258000019e-03,False,EFFECTIVE_PHENOMENOLOGICAL,MADGRAPH_DIRECT_RUN,VALIDATED,madgraph
eff_ctau4p326_g150_br0p25,4.326221529733112,4.5611852986218501e-14,150,-150,0.25,1.2810000000000000e-03,3.9659999999999998e-06,0.01573386,0.002487741699310843,8.0062499999999995e-02,1.2596921662499999e-03,1.7509721110874998e-01,2.7685299952349338e-02,3.0,5.8365737036249997e-02,False,EFFECTIVE_PHENOMENOLOGICAL,MADGRAPH_DIRECT_RUN,VALIDATED,madgraph
eff_ctau4p326_g150_br0p5,4.326221529733112,4.5611852986218501e-14,150,-150,0.5,1.2810000000000000e-03,3.9659999999999998e-06,0.01573386,0.002487741699310843,3.2024999999999998e-01,5.0387686649999994e-03,7.0038884443499994e-01,1.1074119980939735e-01,3.0,2.3346294814499999e-01,False,EFFECTIVE_PHENOMENOLOGICAL,MADGRAPH_DIRECT_RUN,VALIDATED,madgraph
eff_ctau4p326_g150_br0p7567,4.326221529733112,4.5611852986218501e-14,150,-150,0.7567374858085787,1.2810000000000000e-03,3.9659999999999998e-06,0.01573386,0.002487741699310843,7.3356672833012548e-01,1.1541836204204228e-02,1.6043152323843877e+00,2.5366451096184961e-01,3.0,5.3477174412812922e-01,False,EFFECTIVE_PHENOMENOLOGICAL,MADGRAPH_DIRECT_RUN,VALIDATED,madgraph
eff_ctau4p326_g150_br1,4.326221529733112,4.5611852986218501e-14,150,-150,1,1.2810000000000000e-03,3.9659999999999998e-06,0.01573386,0.002487741699310843,1.2809999999999999e+00,2.0155074659999998e-02,2.8015553777399997e+00,4.4296479923758941e-01,3.0,9.3385179257999995e-01,False,EFFECTIVE_PHENOMENOLOGICAL,MADGRAPH_DIRECT_RUN,VALIDATED,madgraph
eff_ctau10_g150_br0p1,10,1.9732698040000002e-14,150,-150,0.1,1.2810000000000000e-03,3.9659999999999998e-06,0.018625475,0.002716804752519248,1.2810000000000002e-02,2.3859233475000003e-04,3.3164334530250000e-02,4.8375153742882485e-03,3.0,1.1054778176750000e-02,False,EFFECTIVE_PHENOMENOLOGICAL,MADGRAPH_DIRECT_RUN,VALIDATED,madgraph
eff_ctau10_g150_br0p25,10,1.9732698040000002e-14,150,-150,0.25,1.2810000000000000e-03,3.9659999999999998e-06,0.018625475,0.002716804752519248,8.0062499999999995e-02,1.4912020921874999e-03,2.0727709081406248e-01,3.0234471089301548e-02,3.0,6.9092363604687498e-02,False,EFFECTIVE_PHENOMENOLOGICAL,MADGRAPH_DIRECT_RUN,VALIDATED,madgraph
eff_ctau10_g150_br0p5,10,1.9732698040000002e-14,150,-150,0.5,1.2810000000000000e-03,3.9659999999999998e-06,0.018625475,0.002716804752519248,3.2024999999999998e-01,5.9648083687499995e-03,8.2910836325624993e-01,1.2093788435720619e-01,3.0,2.7636945441874999e-01,False,EFFECTIVE_PHENOMENOLOGICAL,MADGRAPH_DIRECT_RUN,VALIDATED,madgraph
eff_ctau10_g150_br0p7567,10,1.9732698040000002e-14,150,-150,0.7567374858085787,1.2810000000000000e-03,3.9659999999999998e-06,0.018625475,0.002716804752519248,7.3356672833012548e-01,1.3663028759344543e-02,1.8991609975488914e+00,2.7702110276060204e-01,3.0,6.3305366584963052e-01,False,EFFECTIVE_PHENOMENOLOGICAL,MADGRAPH_DIRECT_RUN,VALIDATED,madgraph
eff_ctau10_g150_br1,10,1.9732698040000002e-14,150,-150,1,1.2810000000000000e-03,3.9659999999999998e-06,0.018625475,0.002716804752519248,1.2809999999999999e+00,2.3859233474999998e-02,3.3164334530249997e+00,4.8375153742882476e-01,3.0,1.1054778176750000e+00,True,EFFECTIVE_PHENOMENOLOGICAL,MADGRAPH_DIRECT_RUN,VALIDATED,madgraph
eff_ctau30_g150_br0p1,30,6.5775660133333334e-15,150,-150,0.1,1.2810000000000000e-03,3.9659999999999998e-06,0.01856252,0.002679268979709453,1.2810000000000002e-02,2.3778588120000003e-04,3.3052237486800001e-02,4.7706795525808560e-03,3.0,1.1017412495600001e-02,False,EFFECTIVE_PHENOMENOLOGICAL,MADGRAPH_DIRECT_RUN,VALIDATED,madgraph
eff_ctau30_g150_br0p25,30,6.5775660133333334e-15,150,-150,0.25,1.2810000000000000e-03,3.9659999999999998e-06,0.01856252,0.002679268979709453,8.0062499999999995e-02,1.4861617574999997e-03,2.0657648429249997e-01,2.9816747203630343e-02,3.0,6.8858828097499991e-02,False,EFFECTIVE_PHENOMENOLOGICAL,MADGRAPH_DIRECT_RUN,VALIDATED,madgraph
eff_ctau30_g150_br0p5,30,6.5775660133333334e-15,150,-150,0.5,1.2810000000000000e-03,3.9659999999999998e-06,0.01856252,0.002679268979709453,3.2024999999999998e-01,5.9446470299999990e-03,8.2630593716999989e-01,1.1926698881452137e-01,3.0,2.7543531238999996e-01,False,EFFECTIVE_PHENOMENOLOGICAL,MADGRAPH_DIRECT_RUN,VALIDATED,madgraph
eff_ctau30_g150_br0p7567,30,6.5775660133333334e-15,150,-150,0.7567374858085787,1.2810000000000000e-03,3.9659999999999998e-06,0.01856252,0.002679268979709453,7.3356672833012548e-01,1.3616847065962520e-02,1.8927417421687902e+00,2.7319373858689810e-01,3.0,6.3091391405626340e-01,False,EFFECTIVE_PHENOMENOLOGICAL,MADGRAPH_DIRECT_RUN,VALIDATED,madgraph
eff_ctau30_g150_br1,30,6.5775660133333334e-15,150,-150,1,1.2810000000000000e-03,3.9659999999999998e-06,0.01856252,0.002679268979709453,1.2809999999999999e+00,2.3778588119999996e-02,3.3052237486799996e+00,4.7706795525808549e-01,3.0,1.1017412495599999e+00,True,EFFECTIVE_PHENOMENOLOGICAL,MADGRAPH_DIRECT_RUN,VALIDATED,madgraph
eff_ctau100_g150_br0p1,100,1.9732698039999999e-15,150,-150,0.1,1.2810000000000000e-03,3.9659999999999998e-06,0.01425306,0.002079022475718981,1.2810000000000002e-02,1.8258169860000003e-04,2.5378856105400003e-02,3.7018866300404609e-03,3.0,8.4596187018000004e-03,False,EFFECTIVE_PHENOMENOLOGICAL,MADGRAPH_DIRECT_RUN,VALIDATED,madgraph
eff_ctau100_g150_br0p25,100,1.9732698039999999e-15,150,-150,0.25,1.2810000000000000e-03,3.9659999999999998e-06,0.01425306,0.002079022475718981,8.0062499999999995e-02,1.1411356162500000e-03,1.5861785065875000e-01,2.3136791437752879e-02,3.0,5.2872616886250001e-02,False,EFFECTIVE_PHENOMENOLOGICAL,MADGRAPH_DIRECT_RUN,VALIDATED,madgraph
eff_ctau100_g150_br0p5,100,1.9732698039999999e-15,150,-150,0.5,1.2810000000000000e-03,3.9659999999999998e-06,0.01425306,0.002079022475718981,3.2024999999999998e-01,4.5645424649999999e-03,6.3447140263500001e-01,9.2547165751011518e-02,3.0,2.1149046754500000e-01,False,EFFECTIVE_PHENOMENOLOGICAL,MADGRAPH_DIRECT_RUN,VALIDATED,madgraph
eff_ctau100_g150_br0p7567,100,1.9732698039999999e-15,150,-150,0.7567374858085787,1.2810000000000000e-03,3.9659999999999998e-06,0.01425306,0.002079022475718981,7.3356672833012548e-01,1.0455570592892979e-02,1.4533243124121240e+00,2.1198913847367792e-01,3.0,4.8444143747070800e-01,False,EFFECTIVE_PHENOMENOLOGICAL,MADGRAPH_DIRECT_RUN,VALIDATED,madgraph
eff_ctau100_g150_br1,100,1.9732698039999999e-15,150,-150,1,1.2810000000000000e-03,3.9659999999999998e-06,0.01425306,0.002079022475718981,1.2809999999999999e+00,1.8258169859999999e-02,2.5378856105400001e+00,3.7018866300404607e-01,3.0,8.4596187018000002e-01,False,EFFECTIVE_PHENOMENOLOGICAL,MADGRAPH_DIRECT_RUN,VALIDATED,madgraph
eff_ctau200_g150_br0p1,200,9.8663490199999997e-16,150,-150,0.1,1.2810000000000000e-03,3.9659999999999998e-06,0.009507182499999999,0.001503217541544688,1.2810000000000002e-02,1.2178700782500001e-04,1.6928394087675002e-02,2.6766141222990566e-03,3.0,5.6427980292250010e-03,False,EFFECTIVE_PHENOMENOLOGICAL,MADGRAPH_DIRECT_RUN,VALIDATED,madgraph
eff_ctau200_g150_br0p25,200,9.8663490199999997e-16,150,-150,0.25,1.2810000000000000e-03,3.9659999999999998e-06,0.009507182499999999,0.001503217541544688,8.0062499999999995e-02,7.6116879890624986e-04,1.0580246304796873e-01,1.6728838264369099e-02,3.0,3.5267487682656244e-02,False,EFFECTIVE_PHENOMENOLOGICAL,MADGRAPH_DIRECT_RUN,VALIDATED,madgraph
eff_ctau200_g150_br0p5,200,9.8663490199999997e-16,150,-150,0.5,1.2810000000000000e-03,3.9659999999999998e-06,0.009507182499999999,0.001503217541544688,3.2024999999999998e-01,3.0446751956249994e-03,4.2320985219187490e-01,6.6915353057476396e-02,3.0,1.4106995073062498e-01,False,EFFECTIVE_PHENOMENOLOGICAL,MADGRAPH_DIRECT_RUN,VALIDATED,madgraph
eff_ctau200_g150_br0p7567,200,9.8663490199999997e-16,150,-150,0.7567374858085787,1.2810000000000000e-03,3.9659999999999998e-06,0.009507182499999999,0.001503217541544688,7.3356672833012548e-01,6.9741527621624225e-03,9.6940723394057671e-01,1.5327674197479538e-01,3.0,3.2313574464685890e-01,False,EFFECTIVE_PHENOMENOLOGICAL,MADGRAPH_DIRECT_RUN,VALIDATED,madgraph
eff_ctau200_g150_br1,200,9.8663490199999997e-16,150,-150,1,1.2810000000000000e-03,3.9659999999999998e-06,0.009507182499999999,0.001503217541544688,1.2809999999999999e+00,1.2178700782499998e-02,1.6928394087674996e+00,2.6766141222990558e-01,3.0,5.6427980292249991e-01,False,EFFECTIVE_PHENOMENOLOGICAL,MADGRAPH_DIRECT_RUN,VALIDATED,madgraph
eff_ctau300_g150_br0p1,300,6.5775660133333338e-16,150,-150,0.1,1.2810000000000000e-03,3.9659999999999998e-06,0.006872078500000001,0.001161593276620673,1.2810000000000002e-02,8.8031325585000026e-05,1.2236354256315004e-02,2.0683213724180046e-03,3.0,4.0787847521050009e-03,False,EFFECTIVE_PHENOMENOLOGICAL,MADGRAPH_DIRECT_RUN,VALIDATED,madgraph
eff_ctau300_g150_br0p25,300,6.5775660133333338e-16,150,-150,0.25,1.2810000000000000e-03,3.9659999999999998e-06,0.006872078500000001,0.001161593276620673,8.0062499999999995e-02,5.5019578490624998e-04,7.6477214101968741e-02,1.2927008577612524e-02,3.0,2.5492404700656248e-02,False,EFFECTIVE_PHENOMENOLOGICAL,MADGRAPH_DIRECT_RUN,VALIDATED,madgraph
eff_ctau300_g150_br0p5,300,6.5775660133333338e-16,150,-150,0.5,1.2810000000000000e-03,3.9659999999999998e-06,0.006872078500000001,0.001161593276620673,3.2024999999999998e-01,2.2007831396249999e-03,3.0590885640787496e-01,5.1708034310450096e-02,3.0,1.0196961880262499e-01,False,EFFECTIVE_PHENOMENOLOGICAL,MADGRAPH_DIRECT_RUN,VALIDATED,madgraph
eff_ctau300_g150_br0p7567,300,6.5775660133333338e-16,150,-150,0.7567374858085787,1.2810000000000000e-03,3.9659999999999998e-06,0.006872078500000001,0.001161593276620673,7.3356672833012548e-01,5.0411281420727969e-03,7.0071681174811873e-01,1.1844275896174476e-01,3.0,2.3357227058270624e-01,False,EFFECTIVE_PHENOMENOLOGICAL,MADGRAPH_DIRECT_RUN,VALIDATED,madgraph
eff_ctau300_g150_br1,300,6.5775660133333338e-16,150,-150,1,1.2810000000000000e-03,3.9659999999999998e-06,0.006872078500000001,0.001161593276620673,1.2809999999999999e+00,8.8031325584999997e-03,1.2236354256314999e+00,2.0683213724180038e-01,3.0,4.0787847521049997e-01,False,EFFECTIVE_PHENOMENOLOGICAL,MADGRAPH_DIRECT_RUN,VALIDATED,madgraph
eff_ctau500_g150_br0p1,500,3.9465396080000001e-16,150,-150,0.1,1.2810000000000000e-03,3.9659999999999998e-06,0.003869341,0.0007898259242358671,1.2810000000000002e-02,4.9566258210000012e-05,6.8897098911900019e-03,1.4063561424351428e-03,3.0,2.2965699637300008e-03,False,EFFECTIVE_PHENOMENOLOGICAL,MADGRAPH_DIRECT_RUN,VALIDATED,madgraph
eff_ctau500_g150_br0p25,500,3.9465396080000001e-16,150,-150,0.25,1.2810000000000000e-03,3.9659999999999998e-06,0.003869341,0.0007898259242358671,8.0062499999999995e-02,3.0978911381249999e-04,4.3060686819937501e-02,8.7897258902196393e-03,3.0,1.4353562273312500e-02,False,EFFECTIVE_PHENOMENOLOGICAL,MADGRAPH_DIRECT_RUN,VALIDATED,madgraph
eff_ctau500_g150_br0p5,500,3.9465396080000001e-16,150,-150,0.5,1.2810000000000000e-03,3.9659999999999998e-06,0.003869341,0.0007898259242358671,3.2024999999999998e-01,1.2391564552500000e-03,1.7224274727975000e-01,3.5158903560878557e-02,3.0,5.7414249093249999e-02,False,EFFECTIVE_PHENOMENOLOGICAL,MADGRAPH_DIRECT_RUN,VALIDATED,madgraph
eff_ctau500_g150_br0p7567,500,3.9465396080000001e-16,150,-150,0.7567374858085787,1.2810000000000000e-03,3.9659999999999998e-06,0.003869341,0.0007898259242358671,7.3356672833012548e-01,2.8384198181636163e-03,3.9454035472474269e-01,8.0535212667691147e-02,3.0,1.3151345157491423e-01,False,EFFECTIVE_PHENOMENOLOGICAL,MADGRAPH_DIRECT_RUN,VALIDATED,madgraph
eff_ctau500_g150_br1,500,3.9465396080000001e-16,150,-150,1,1.2810000000000000e-03,3.9659999999999998e-06,0.003869341,0.0007898259242358671,1.2809999999999999e+00,4.9566258209999998e-03,6.8897098911900001e-01,1.4063561424351423e-01,3.0,2.2965699637299999e-01,False,EFFECTIVE_PHENOMENOLOGICAL,MADGRAPH_DIRECT_RUN,VALIDATED,madgraph
eff_ctau700_g150_br0p1,700,2.8189568628571429e-16,150,-150,0.1,1.2810000000000000e-03,3.9659999999999998e-06,0.003478149,0.0008435750416844964,1.2810000000000002e-02,4.4555088690000002e-05,6.1931573279099998e-03,1.5020612834729975e-03,3.0,2.0643857759699998e-03,False,EFFECTIVE_PHENOMENOLOGICAL,MADGRAPH_DIRECT_RUN,VALIDATED,madgraph
eff_ctau700_g150_br0p25,700,2.8189568628571429e-16,150,-150,0.25,1.2810000000000000e-03,3.9659999999999998e-06,0.003478149,0.0008435750416844964,8.0062499999999995e-02,2.7846930431249994e-04,3.8707233299437489e-02,9.3878830217062319e-03,3.0,1.2902411099812496e-02,False,EFFECTIVE_PHENOMENOLOGICAL,MADGRAPH_DIRECT_RUN,VALIDATED,madgraph
eff_ctau700_g150_br0p5,700,2.8189568628571429e-16,150,-150,0.5,1.2810000000000000e-03,3.9659999999999998e-06,0.003478149,0.0008435750416844964,3.2024999999999998e-01,1.1138772172499998e-03,1.5482893319774996e-01,3.7551532086824928e-02,3.0,5.1609644399249983e-02,False,EFFECTIVE_PHENOMENOLOGICAL,MADGRAPH_DIRECT_RUN,VALIDATED,madgraph
eff_ctau700_g150_br0p7567,700,2.8189568628571429e-16,150,-150,0.7567374858085787,1.2810000000000000e-03,3.9659999999999998e-06,0.003478149,0.0008435750416844964,7.3356672833012548e-01,2.5514543825746975e-03,3.5465215917788295e-01,8.6015783096692888e-02,3.0,1.1821738639262765e-01,False,EFFECTIVE_PHENOMENOLOGICAL,MADGRAPH_DIRECT_RUN,VALIDATED,madgraph
eff_ctau700_g150_br1,700,2.8189568628571429e-16,150,-150,1,1.2810000000000000e-03,3.9659999999999998e-06,0.003478149,0.0008435750416844964,1.2809999999999999e+00,4.4555088689999991e-03,6.1931573279099983e-01,1.5020612834729971e-01,3.0,2.0643857759699993e-01,False,EFFECTIVE_PHENOMENOLOGICAL,MADGRAPH_DIRECT_RUN,VALIDATED,madgraph
eff_ctau1000_g150_br0p1,1000,1.9732698040000000e-16,150,-150,0.1,1.2810000000000000e-03,3.9659999999999998e-06,0.0024641585,0.0006362429888610299,1.2810000000000002e-02,3.1565870385000002e-05,4.3876559835150002e-03,1.1328879035360615e-03,3.0,1.4625519945050001e-03,False,EFFECTIVE_PHENOMENOLOGICAL,MADGRAPH_DIRECT_RUN,VALIDATED,madgraph
eff_ctau1000_g150_br0p25,1000,1.9732698040000000e-16,150,-150,0.25,1.2810000000000000e-03,3.9659999999999998e-06,0.0024641585,0.0006362429888610299,8.0062499999999995e-02,1.9728668990624999e-04,2.7422849896968748e-02,7.0805493971003832e-03,3.0,9.1409499656562501e-03,False,EFFECTIVE_PHENOMENOLOGICAL,MADGRAPH_DIRECT_RUN,VALIDATED,madgraph
eff_ctau1000_g150_br0p5,1000,1.9732698040000000e-16,150,-150,0.5,1.2810000000000000e-03,3.9659999999999998e-06,0.0024641585,0.0006362429888610299,3.2024999999999998e-01,7.8914675962499996e-04,1.0969139958787499e-01,2.8322197588401533e-02,3.0,3.6563799862625000e-02,False,EFFECTIVE_PHENOMENOLOGICAL,MADGRAPH_DIRECT_RUN,VALIDATED,madgraph
eff_ctau1000_g150_br0p7567,1000,1.9732698040000000e-16,150,-150,0.7567374858085787,1.2810000000000000e-03,3.9659999999999998e-06,0.0024641585,0.0006362429888610299,7.3356672833012548e-01,1.8076246889318695e-03,2.5125983176152988e-01,6.4875009598885508e-02,3.0,8.3753277253843295e-02,False,EFFECTIVE_PHENOMENOLOGICAL,MADGRAPH_DIRECT_RUN,VALIDATED,madgraph
eff_ctau1000_g150_br1,1000,1.9732698040000000e-16,150,-150,1,1.2810000000000000e-03,3.9659999999999998e-06,0.0024641585,0.0006362429888610299,1.2809999999999999e+00,3.1565870384999998e-03,4.3876559835149997e-01,1.1328879035360613e-01,3.0,1.4625519945050000e-01,False,EFFECTIVE_PHENOMENOLOGICAL,MADGRAPH_DIRECT_RUN,VALIDATED,madgraph
eff_ctau0p3_g205p093_br0p1,0.3,6.5775660133333333e-13,205.0927254223737,-205.0927254223737,0.1,2.3954145185596746e-03,0.0000000000000000e+00,0,0.0005,2.3954145185596749e-02,0.0000000000000000e+00,0.0000000000000000e+00,1.6648130903989741e-03,3.0,0.0000000000000000e+00,False,EFFECTIVE_PHENOMENOLOGICAL,STRUCTURAL_PREDICTION_ONLY,UPPER_LIMIT_ONLY,factorized
eff_ctau0p3_g205p093_br0p25,0.3,6.5775660133333333e-13,205.0927254223737,-205.0927254223737,0.25,2.3954145185596746e-03,0.0000000000000000e+00,0,0.0005,1.4971340740997965e-01,0.0000000000000000e+00,0.0000000000000000e+00,1.0405081814993587e-02,3.0,0.0000000000000000e+00,False,EFFECTIVE_PHENOMENOLOGICAL,STRUCTURAL_PREDICTION_ONLY,UPPER_LIMIT_ONLY,factorized
eff_ctau0p3_g205p093_br0p5,0.3,6.5775660133333333e-13,205.0927254223737,-205.0927254223737,0.5,2.3954145185596746e-03,0.0000000000000000e+00,0,0.0005,5.9885362963991862e-01,0.0000000000000000e+00,0.0000000000000000e+00,4.1620327259974346e-02,3.0,0.0000000000000000e+00,False,EFFECTIVE_PHENOMENOLOGICAL,STRUCTURAL_PREDICTION_ONLY,UPPER_LIMIT_ONLY,factorized
eff_ctau0p3_g205p093_br0p7567,0.3,6.5775660133333333e-13,205.0927254223737,-205.0927254223737,0.7567374858085787,2.3954145185596746e-03,0.0000000000000000e+00,0,0.0005,1.3717380104405177e+00,0.0000000000000000e+00,0.0000000000000000e+00,9.5335791725615973e-02,3.0,0.0000000000000000e+00,False,EFFECTIVE_PHENOMENOLOGICAL,STRUCTURAL_PREDICTION_ONLY,UPPER_LIMIT_ONLY,factorized
eff_ctau0p3_g205p093_br1,0.3,6.5775660133333333e-13,205.0927254223737,-205.0927254223737,1,2.3954145185596746e-03,0.0000000000000000e+00,0,0.0005,2.3954145185596745e+00,0.0000000000000000e+00,0.0000000000000000e+00,1.6648130903989738e-01,3.0,0.0000000000000000e+00,False,EFFECTIVE_PHENOMENOLOGICAL,STRUCTURAL_PREDICTION_ONLY,UPPER_LIMIT_ONLY,factorized
eff_ctau1_g205p093_br0p1,1,1.9732698040000000e-13,205.0927254223737,-205.0927254223737,0.1,2.3954145185596746e-03,0.0000000000000000e+00,0.003951574,0.00124959741827022,2.3954145185596749e-02,9.4656577307629296e-05,1.3157264245760473e-02,4.1606922793300492e-03,3.0,4.3857547485868240e-03,False,EFFECTIVE_PHENOMENOLOGICAL,STRUCTURAL_PREDICTION_ONLY,VALIDATED,factorized
eff_ctau1_g205p093_br0p25,1,1.9732698040000000e-13,205.0927254223737,-205.0927254223737,0.25,2.3954145185596746e-03,0.0000000000000000e+00,0.003951574,0.00124959741827022,1.4971340740997965e-01,5.9160360817268301e-04,8.2232901536002934e-02,2.6004326745812802e-02,3.0,2.7410967178667645e-02,False,EFFECTIVE_PHENOMENOLOGICAL,STRUCTURAL_PREDICTION_ONLY,VALIDATED,factorized
eff_ctau1_g205p093_br0p5,1,1.9732698040000000e-13,205.0927254223737,-205.0927254223737,0.5,2.3954145185596746e-03,0.0000000000000000e+00,0.003951574,0.00124959741827022,5.9885362963991862e-01,2.3664144326907320e-03,3.2893160614401173e-01,1.0401730698325121e-01,3.0,1.0964386871467058e-01,False,EFFECTIVE_PHENOMENOLOGICAL,STRUCTURAL_PREDICTION_ONLY,VALIDATED,factorized
eff_ctau1_g205p093_br0p7567,1,1.9732698040000000e-13,205.0927254223737,-205.0927254223737,0.7567374858085787,2.3954145185596746e-03,0.0000000000000000e+00,0.003951574,0.00124959741827022,1.3717380104405177e+00,5.4205242568684782e-03,7.5345287170471842e-01,2.3826271841815422e-01,3.0,2.5115095723490616e-01,False,EFFECTIVE_PHENOMENOLOGICAL,STRUCTURAL_PREDICTION_ONLY,VALIDATED,factorized
eff_ctau1_g205p093_br1,1,1.9732698040000000e-13,205.0927254223737,-205.0927254223737,1,2.3954145185596746e-03,0.0000000000000000e+00,0.003951574,0.00124959741827022,2.3954145185596745e+00,9.4656577307629282e-03,1.3157264245760469e+00,4.1606922793300483e-01,3.0,4.3857547485868231e-01,False,EFFECTIVE_PHENOMENOLOGICAL,STRUCTURAL_PREDICTION_ONLY,VALIDATED,factorized
eff_ctau3_g205p093_br0p1,3,6.5775660133333331e-14,205.0927254223737,-205.0927254223737,0.1,2.3954145185596746e-03,0.0000000000000000e+00,0.013341595,0.002255141155822941,2.3954145185596749e-02,3.1958650363743163e-04,4.4422524005602995e-02,7.5087770338230081e-03,3.0,1.4807508001867664e-02,False,EFFECTIVE_PHENOMENOLOGICAL,STRUCTURAL_PREDICTION_ONLY,VALIDATED,factorized
eff_ctau3_g205p093_br0p25,3,6.5775660133333331e-14,205.0927254223737,-205.0927254223737,0.25,2.3954145185596746e-03,0.0000000000000000e+00,0.013341595,0.002255141155822941,1.4971340740997965e-01,1.9974156477339474e-03,2.7764077503501872e-01,4.6929856461393797e-02,3.0,9.2546925011672901e-02,False,EFFECTIVE_PHENOMENOLOGICAL,STRUCTURAL_PREDICTION_ONLY,VALIDATED,factorized
eff_ctau3_g205p093_br0p5,3,6.5775660133333331e-14,205.0927254223737,-205.0927254223737,0.5,2.3954145185596746e-03,0.0000000000000000e+00,0.013341595,0.002255141155822941,5.9885362963991862e-01,7.9896625909357897e-03,1.1105631001400749e+00,1.8771942584557519e-01,3.0,3.7018770004669160e-01,False,EFFECTIVE_PHENOMENOLOGICAL,STRUCTURAL_PREDICTION_ONLY,VALIDATED,factorized
eff_ctau3_g205p093_br0p7567,3,6.5775660133333331e-14,205.0927254223737,-205.0927254223737,0.7567374858085787,2.3954145185596746e-03,0.0000000000000000e+00,0.013341595,0.002255141155822941,1.3717380104405177e+00,1.8301172981403158e-02,2.5438630444150387e+00,4.2999133508680148e-01,3.0,8.4795434813834625e-01,False,EFFECTIVE_PHENOMENOLOGICAL,STRUCTURAL_PREDICTION_ONLY,VALIDATED,factorized
eff_ctau3_g205p093_br1,3,6.5775660133333331e-14,205.0927254223737,-205.0927254223737,1,2.3954145185596746e-03,0.0000000000000000e+00,0.013341595,0.002255141155822941,2.3954145185596745e+00,3.1958650363743159e-02,4.4422524005602995e+00,7.5087770338230075e-01,3.0,1.4807508001867664e+00,True,EFFECTIVE_PHENOMENOLOGICAL,STRUCTURAL_PREDICTION_ONLY,VALIDATED,factorized
eff_ctau4p326_g205p093_br0p1,4.326221529733112,4.5611852986218501e-14,205.0927254223737,-205.0927254223737,0.1,2.3954145185596746e-03,0.0000000000000000e+00,0.01573386,0.002487741699310843,2.3954145185596749e-02,3.7689116676985326e-04,5.2387872181009605e-02,8.2832498930881602e-03,3.0,1.7462624060336534e-02,False,EFFECTIVE_PHENOMENOLOGICAL,STRUCTURAL_PREDICTION_ONLY,VALIDATED,factorized
eff_ctau4p326_g205p093_br0p25,4.326221529733112,4.5611852986218501e-14,205.0927254223737,-205.0927254223737,0.25,2.3954145185596746e-03,0.0000000000000000e+00,0.01573386,0.002487741699310843,1.4971340740997965e-01,2.3555697923115823e-03,3.2742420113130993e-01,5.1770311831800989e-02,3.0,1.0914140037710331e-01,False,EFFECTIVE_PHENOMENOLOGICAL,STRUCTURAL_PREDICTION_ONLY,VALIDATED,factorized
eff_ctau4p326_g205p093_br0p5,4.326221529733112,4.5611852986218501e-14,205.0927254223737,-205.0927254223737,0.5,2.3954145185596746e-03,0.0000000000000000e+00,0.01573386,0.002487741699310843,5.9885362963991862e-01,9.4222791692463292e-03,1.3096968045252397e+00,2.0708124732720395e-01,3.0,4.3656560150841323e-01,False,EFFECTIVE_PHENOMENOLOGICAL,STRUCTURAL_PREDICTION_ONLY,VALIDATED,factorized
eff_ctau4p326_g205p093_br0p7567,4.326221529733112,4.5611852986218501e-14,205.0927254223737,-205.0927254223737,0.7567374858085787,2.3954145185596746e-03,0.0000000000000000e+00,0.01573386,0.002487741699310843,1.3717380104405177e+00,2.1582733812949641e-02,3.0000000000000000e+00,4.7434164902525700e-01,3.0,1.0000000000000000e+00,True,EFFECTIVE_PHENOMENOLOGICAL,STRUCTURAL_PREDICTION_ONLY,VALIDATED,factorized
eff_ctau4p326_g205p093_br1,4.326221529733112,4.5611852986218501e-14,205.0927254223737,-205.0927254223737,1,2.3954145185596746e-03,0.0000000000000000e+00,0.01573386,0.002487741699310843,2.3954145185596745e+00,3.7689116676985317e-02,5.2387872181009589e+00,8.2832498930881582e-01,3.0,1.7462624060336529e+00,True,EFFECTIVE_PHENOMENOLOGICAL,STRUCTURAL_PREDICTION_ONLY,VALIDATED,factorized
eff_ctau10_g205p093_br0p1,10,1.9732698040000002e-14,205.0927254223737,-205.0927254223737,0.1,2.3954145185596746e-03,0.0000000000000000e+00,0.018625475,0.002716804752519248,2.3954145185596749e-02,4.4615733230070261e-04,6.2015869189797665e-02,9.0459442321043793e-03,3.0,2.0671956396599220e-02,False,EFFECTIVE_PHENOMENOLOGICAL,STRUCTURAL_PREDICTION_ONLY,VALIDATED,factorized
eff_ctau10_g205p093_br0p25,10,1.9732698040000002e-14,205.0927254223737,-205.0927254223737,0.25,2.3954145185596746e-03,0.0000000000000000e+00,0.018625475,0.002716804752519248,1.4971340740997965e-01,2.7884833268793908e-03,3.8759918243623531e-01,5.6537151450652356e-02,3.0,1.2919972747874511e-01,False,EFFECTIVE_PHENOMENOLOGICAL,STRUCTURAL_PREDICTION_ONLY,VALIDATED,factorized
eff_ctau10_g205p093_br0p5,10,1.9732698040000002e-14,205.0927254223737,-205.0927254223737,0.5,2.3954145185596746e-03,0.0000000000000000e+00,0.018625475,0.002716804752519248,5.9885362963991862e-01,1.1153933307517563e-02,1.5503967297449412e+00,2.2614860580260943e-01,3.0,5.1679890991498045e-01,False,EFFECTIVE_PHENOMENOLOGICAL,STRUCTURAL_PREDICTION_ONLY,VALIDATED,factorized
eff_ctau10_g205p093_br0p7567,10,1.9732698040000002e-14,205.0927254223737,-205.0927254223737,0.7567374858085787,2.3954145185596746e-03,0.0000000000000000e+00,0.018625475,0.002716804752519248,1.3717380104405177e+00,2.5549272020009599e-02,3.5513488107813345e+00,5.1801746409067739e-01,3.0,1.1837829369271116e+00,True,EFFECTIVE_PHENOMENOLOGICAL,STRUCTURAL_PREDICTION_ONLY,VALIDATED,factorized
eff_ctau10_g205p093_br1,10,1.9732698040000002e-14,205.0927254223737,-205.0927254223737,1,2.3954145185596746e-03,0.0000000000000000e+00,0.018625475,0.002716804752519248,2.3954145185596745e+00,4.4615733230070252e-02,6.2015869189797650e+00,9.0459442321043770e-01,3.0,2.0671956396599218e+00,True,EFFECTIVE_PHENOMENOLOGICAL,STRUCTURAL_PREDICTION_ONLY,VALIDATED,factorized
eff_ctau30_g205p093_br0p1,30,6.5775660133333334e-15,205.0927254223737,-205.0927254223737,0.1,2.3954145185596746e-03,0.0000000000000000e+00,0.01856252,0.002679268979709453,2.3954145185596749e-02,4.4464929909054333e-04,6.1806252573585525e-02,8.9209641402404026e-03,3.0,2.0602084191195174e-02,False,EFFECTIVE_PHENOMENOLOGICAL,STRUCTURAL_PREDICTION_ONLY,VALIDATED,factorized
eff_ctau30_g205p093_br0p25,30,6.5775660133333334e-15,205.0927254223737,-205.0927254223737,0.25,2.3954145185596746e-03,0.0000000000000000e+00,0.01856252,0.002679268979709453,1.4971340740997965e-01,2.7790581193158953e-03,3.8628907858490946e-01,5.5756025876502503e-02,3.0,1.2876302619496982e-01,False,EFFECTIVE_PHENOMENOLOGICAL,STRUCTURAL_PREDICTION_ONLY,VALIDATED,factorized
eff_ctau30_g205p093_br0p5,30,6.5775660133333334e-15,205.0927254223737,-205.0927254223737,0.5,2.3954145185596746e-03,0.0000000000000000e+00,0.01856252,0.002679268979709453,5.9885362963991862e-01,1.1116232477263581e-02,1.5451563143396378e+00,2.2302410350601001e-01,3.0,5.1505210477987928e-01,False,EFFECTIVE_PHENOMENOLOGICAL,STRUCTURAL_PREDICTION_ONLY,VALIDATED,factorized
eff_ctau30_g205p093_br0p7567,30,6.5775660133333334e-15,205.0927254223737,-205.0927254223737,0.7567374858085787,2.3954145185596746e-03,0.0000000000000000e+00,0.01856252,0.002679268979709453,1.3717380104405177e+00,2.5462914253562317e-02,3.5393450812451621e+00,5.1086045885296816e-01,3.0,1.1797816937483874e+00,True,EFFECTIVE_PHENOMENOLOGICAL,STRUCTURAL_PREDICTION_ONLY,VALIDATED,factorized
eff_ctau30_g205p093_br1,30,6.5775660133333334e-15,205.0927254223737,-205.0927254223737,1,2.3954145185596746e-03,0.0000000000000000e+00,0.01856252,0.002679268979709453,2.3954145185596745e+00,4.4464929909054325e-02,6.1806252573585514e+00,8.9209641402404005e-01,3.0,2.0602084191195171e+00,True,EFFECTIVE_PHENOMENOLOGICAL,STRUCTURAL_PREDICTION_ONLY,VALIDATED,factorized
eff_ctau100_g205p093_br0p1,100,1.9732698039999999e-15,205.0927254223737,-205.0927254223737,0.1,2.3954145185596746e-03,0.0000000000000000e+00,0.01425306,0.002079022475718981,2.3954145185596749e-02,3.4141986857902162e-04,4.7457361732484007e-02,6.9223676656212860e-03,3.0,1.5819120577494669e-02,False,EFFECTIVE_PHENOMENOLOGICAL,STRUCTURAL_PREDICTION_ONLY,VALIDATED,factorized
eff_ctau100_g205p093_br0p25,100,1.9732698039999999e-15,205.0927254223737,-205.0927254223737,0.25,2.3954145185596746e-03,0.0000000000000000e+00,0.01425306,0.002079022475718981,1.4971340740997965e-01,2.1338741786188845e-03,2.9660851082802492e-01,4.3264797910133018e-02,3.0,9.8869503609341644e-02,False,EFFECTIVE_PHENOMENOLOGICAL,STRUCTURAL_PREDICTION_ONLY,VALIDATED,factorized
eff_ctau100_g205p093_br0p5,100,1.9732698039999999e-15,205.0927254223737,-205.0927254223737,0.5,2.3954145185596746e-03,0.0000000000000000e+00,0.01425306,0.002079022475718981,5.9885362963991862e-01,8.5354967144755378e-03,1.1864340433120997e+00,1.7305919164053207e-01,3.0,3.9547801443736658e-01,False,EFFECTIVE_PHENOMENOLOGICAL,STRUCTURAL_PREDICTION_ONLY,VALIDATED,factorized
eff_ctau100_g205p093_br0p7567,100,1.9732698039999999e-15,205.0927254223737,-205.0927254223737,0.7567374858085787,2.3954145185596746e-03,0.0000000000000000e+00,0.01425306,0.002079022475718981,1.3717380104405177e+00,1.9551464167089326e-02,2.7176535192254163e+00,3.9641050747603856e-01,3.0,9.0588450640847207e-01,False,EFFECTIVE_PHENOMENOLOGICAL,STRUCTURAL_PREDICTION_ONLY,VALIDATED,factorized
eff_ctau100_g205p093_br1,100,1.9732698039999999e-15,205.0927254223737,-205.0927254223737,1,2.3954145185596746e-03,0.0000000000000000e+00,0.01425306,0.002079022475718981,2.3954145185596745e+00,3.4141986857902151e-02,4.7457361732483987e+00,6.9223676656212829e-01,3.0,1.5819120577494663e+00,True,EFFECTIVE_PHENOMENOLOGICAL,STRUCTURAL_PREDICTION_ONLY,VALIDATED,factorized
eff_ctau200_g205p093_br0p1,200,9.8663490199999997e-16,205.0927254223737,-205.0927254223737,0.1,2.3954145185596746e-03,0.0000000000000000e+00,0.009507182499999999,0.001503217541544688,2.3954145185596749e-02,2.2773642991096466e-04,3.1655363757624087e-02,5.0051524817619208e-03,3.0,1.0551787919208029e-02,False,EFFECTIVE_PHENOMENOLOGICAL,STRUCTURAL_PREDICTION_ONLY,VALIDATED,factorized
eff_ctau200_g205p093_br0p25,200,9.8663490199999997e-16,205.0927254223737,-205.0927254223737,0.25,2.3954145185596746e-03,0.0000000000000000e+00,0.009507182499999999,0.001503217541544688,1.4971340740997965e-01,1.4233526869435289e-03,1.9784602348515051e-01,3.1282203011011998e-02,3.0,6.5948674495050166e-02,False,EFFECTIVE_PHENOMENOLOGICAL,STRUCTURAL_PREDICTION_ONLY,VALIDATED,factorized
eff_ctau200_g205p093_br0p5,200,9.8663490199999997e-16,205.0927254223737,-205.0927254223737,0.5,2.3954145185596746e-03,0.0000000000000000e+00,0.009507182499999999,0.001503217541544688,5.9885362963991862e-01,5.6934107477741155e-03,7.9138409394060205e-01,1.2512881204404799e-01,3.0,2.6379469798020067e-01,False,EFFECTIVE_PHENOMENOLOGICAL,STRUCTURAL_PREDICTION_ONLY,VALIDATED,factorized
eff_ctau200_g205p093_br0p7567,200,9.8663490199999997e-16,205.0927254223737,-205.0927254223737,0.7567374858085787,2.3954145185596746e-03,0.0000000000000000e+00,0.009507182499999999,0.001503217541544688,1.3717380104405177e+00,1.3041363607444905e-02,1.8127495414348418e+00,2.8662086891799371e-01,3.0,6.0424984714494723e-01,False,EFFECTIVE_PHENOMENOLOGICAL,STRUCTURAL_PREDICTION_ONLY,VALIDATED,factorized
eff_ctau200_g205p093_br1,200,9.8663490199999997e-16,205.0927254223737,-205.0927254223737,1,2.3954145185596746e-03,0.0000000000000000e+00,0.009507182499999999,0.001503217541544688,2.3954145185596745e+00,2.2773642991096462e-02,3.1655363757624082e+00,5.0051524817619197e-01,3.0,1.0551787919208027e+00,True,EFFECTIVE_PHENOMENOLOGICAL,STRUCTURAL_PREDICTION_ONLY,VALIDATED,factorized
eff_ctau300_g205p093_br0p1,300,6.5775660133333338e-16,205.0927254223737,-205.0927254223737,0.1,2.3954145185596746e-03,0.0000000000000000e+00,0.006872078500000001,0.001161593276620673,2.3954145185596749e-02,1.6461476611581794e-04,2.2881452490098694e-02,3.8676713852750658e-03,3.0,7.6271508300328984e-03,False,EFFECTIVE_PHENOMENOLOGICAL,STRUCTURAL_PREDICTION_ONLY,VALIDATED,factorized
eff_ctau300_g205p093_br0p25,300,6.5775660133333338e-16,205.0927254223737,-205.0927254223737,0.25,2.3954145185596746e-03,0.0000000000000000e+00,0.006872078500000001,0.001161593276620673,1.4971340740997965e-01,1.0288422882238620e-03,1.4300907806311680e-01,2.4172946157969156e-02,3.0,4.7669692687705600e-02,False,EFFECTIVE_PHENOMENOLOGICAL,STRUCTURAL_PREDICTION_ONLY,VALIDATED,factorized
eff_ctau300_g205p093_br0p5,300,6.5775660133333338e-16,205.0927254223737,-205.0927254223737,0.5,2.3954145185596746e-03,0.0000000000000000e+00,0.006872078500000001,0.001161593276620673,5.9885362963991862e-01,4.1153691528954478e-03,5.7203631225246721e-01,9.6691784631876623e-02,3.0,1.9067877075082240e-01,False,EFFECTIVE_PHENOMENOLOGICAL,STRUCTURAL_PREDICTION_ONLY,VALIDATED,factorized
eff_ctau300_g205p093_br0p7567,300,6.5775660133333338e-16,205.0927254223737,-205.0927254223737,0.7567374858085787,2.3954145185596746e-03,0.0000000000000000e+00,0.006872078500000001,0.001161593276620673,1.3717380104405177e+00,9.4266912891810585e-03,1.3103100891961672e+00,2.2148282937956865e-01,3.0,4.3677002973205575e-01,False,EFFECTIVE_PHENOMENOLOGICAL,STRUCTURAL_PREDICTION_ONLY,VALIDATED,factorized
eff_ctau300_g205p093_br1,300,6.5775660133333338e-16,205.0927254223737,-205.0927254223737,1,2.3954145185596746e-03,0.0000000000000000e+00,0.006872078500000001,0.001161593276620673,2.3954145185596745e+00,1.6461476611581791e-02,2.2881452490098688e+00,3.8676713852750649e-01,3.0,7.6271508300328961e-01,False,EFFECTIVE_PHENOMENOLOGICAL,STRUCTURAL_PREDICTION_ONLY,VALIDATED,factorized
eff_ctau500_g205p093_br0p1,500,3.9465396080000001e-16,205.0927254223737,-205.0927254223737,0.1,2.3954145185596746e-03,0.0000000000000000e+00,0.003869341,0.0007898259242358671,2.3954145185596749e-02,9.2686756086582110e-05,1.2883459096034913e-02,2.6298250756086792e-03,3.0,4.2944863653449706e-03,False,EFFECTIVE_PHENOMENOLOGICAL,STRUCTURAL_PREDICTION_ONLY,VALIDATED,factorized
eff_ctau500_g205p093_br0p25,500,3.9465396080000001e-16,205.0927254223737,-205.0927254223737,0.25,2.3954145185596746e-03,0.0000000000000000e+00,0.003869341,0.0007898259242358671,1.4971340740997965e-01,5.7929222554113809e-04,8.0521619350218190e-02,1.6436406722554243e-02,3.0,2.6840539783406062e-02,False,EFFECTIVE_PHENOMENOLOGICAL,STRUCTURAL_PREDICTION_ONLY,VALIDATED,factorized
eff_ctau500_g205p093_br0p5,500,3.9465396080000001e-16,205.0927254223737,-205.0927254223737,0.5,2.3954145185596746e-03,0.0000000000000000e+00,0.003869341,0.0007898259242358671,5.9885362963991862e-01,2.3171689021645524e-03,3.2208647740087276e-01,6.5745626890216971e-02,3.0,1.0736215913362425e-01,False,EFFECTIVE_PHENOMENOLOGICAL,STRUCTURAL_PREDICTION_ONLY,VALIDATED,factorized
eff_ctau500_g205p093_br0p7567,500,3.9465396080000001e-16,205.0927254223737,-205.0927254223737,0.7567374858085787,2.3954145185596746e-03,0.0000000000000000e+00,0.003869341,0.0007898259242358671,1.3717380104405177e+00,5.3077221250559230e-03,7.3777337538277332e-01,1.5059735962488552e-01,3.0,2.4592445846092445e-01,False,EFFECTIVE_PHENOMENOLOGICAL,STRUCTURAL_PREDICTION_ONLY,VALIDATED,factorized
eff_ctau500_g205p093_br1,500,3.9465396080000001e-16,205.0927254223737,-205.0927254223737,1,2.3954145185596746e-03,0.0000000000000000e+00,0.003869341,0.0007898259242358671,2.3954145185596745e+00,9.2686756086582094e-03,1.2883459096034910e+00,2.6298250756086788e-01,3.0,4.2944863653449700e-01,False,EFFECTIVE_PHENOMENOLOGICAL,STRUCTURAL_PREDICTION_ONLY,VALIDATED,factorized
eff_ctau700_g205p093_br0p1,700,2.8189568628571429e-16,205.0927254223737,-205.0927254223737,0.1,2.3954145185596746e-03,0.0000000000000000e+00,0.003478149,0.0008435750416844964,2.3954145185596749e-02,8.3316086123138148e-05,1.1580935971116202e-02,2.8087895442604196e-03,3.0,3.8603119903720673e-03,False,EFFECTIVE_PHENOMENOLOGICAL,STRUCTURAL_PREDICTION_ONLY,VALIDATED,factorized
eff_ctau700_g205p093_br0p25,700,2.8189568628571429e-16,205.0927254223737,-205.0927254223737,0.25,2.3954145185596746e-03,0.0000000000000000e+00,0.003478149,0.0008435750416844964,1.4971340740997965e-01,5.2072553826961333e-04,7.2380849819476248e-02,1.7554934651627621e-02,3.0,2.4126949939825417e-02,False,EFFECTIVE_PHENOMENOLOGICAL,STRUCTURAL_PREDICTION_ONLY,VALIDATED,factorized
eff_ctau700_g205p093_br0p5,700,2.8189568628571429e-16,205.0927254223737,-205.0927254223737,0.5,2.3954145185596746e-03,0.0000000000000000e+00,0.003478149,0.0008435750416844964,5.9885362963991862e-01,2.0829021530784533e-03,2.8952339927790499e-01,7.0219738606510484e-02,3.0,9.6507799759301668e-02,False,EFFECTIVE_PHENOMENOLOGICAL,STRUCTURAL_PREDICTION_ONLY,VALIDATED,factorized
eff_ctau700_g205p093_br0p7567,700,2.8189568628571429e-16,205.0927254223737,-205.0927254223737,0.7567374858085787,2.3954145185596746e-03,0.0000000000000000e+00,0.003478149,0.0008435750416844964,1.3717380104405177e+00,4.7711091892756758e-03,6.6318417730931889e-01,1.6084578895792193e-01,3.0,2.2106139243643963e-01,False,EFFECTIVE_PHENOMENOLOGICAL,STRUCTURAL_PREDICTION_ONLY,VALIDATED,factorized
eff_ctau700_g205p093_br1,700,2.8189568628571429e-16,205.0927254223737,-205.0927254223737,1,2.3954145185596746e-03,0.0000000000000000e+00,0.003478149,0.0008435750416844964,2.3954145185596745e+00,8.3316086123138133e-03,1.1580935971116200e+00,2.8087895442604194e-01,3.0,3.8603119903720667e-01,False,EFFECTIVE_PHENOMENOLOGICAL,STRUCTURAL_PREDICTION_ONLY,VALIDATED,factorized
eff_ctau1000_g205p093_br0p1,1000,1.9732698040000000e-16,205.0927254223737,-205.0927254223737,0.1,2.3954145185596746e-03,0.0000000000000000e+00,0.0024641585,0.0006362429888610299,2.3954145185596749e-02,5.9026810469322304e-05,8.2047266552358004e-03,2.1184513130608229e-03,3.0,2.7349088850786001e-03,False,EFFECTIVE_PHENOMENOLOGICAL,STRUCTURAL_PREDICTION_ONLY,VALIDATED,factorized
eff_ctau1000_g205p093_br0p25,1000,1.9732698040000000e-16,205.0927254223737,-205.0927254223737,0.25,2.3954145185596746e-03,0.0000000000000000e+00,0.0024641585,0.0006362429888610299,1.4971340740997965e-01,3.6891756543326436e-04,5.1279541595223743e-02,1.3240320706630140e-02,3.0,1.7093180531741248e-02,False,EFFECTIVE_PHENOMENOLOGICAL,STRUCTURAL_PREDICTION_ONLY,VALIDATED,factorized
eff_ctau1000_g205p093_br0p5,1000,1.9732698040000000e-16,205.0927254223737,-205.0927254223737,0.5,2.3954145185596746e-03,0.0000000000000000e+00,0.0024641585,0.0006362429888610299,5.9885362963991862e-01,1.4756702617330574e-03,2.0511816638089497e-01,5.2961282826520559e-02,3.0,6.8372722126964991e-02,False,EFFECTIVE_PHENOMENOLOGICAL,STRUCTURAL_PREDICTION_ONLY,VALIDATED,factorized
eff_ctau1000_g205p093_br0p7567,1000,1.9732698040000000e-16,205.0927254223737,-205.0927254223737,0.7567374858085787,2.3954145185596746e-03,0.0000000000000000e+00,0.0024641585,0.0006362429888610299,1.3717380104405177e+00,3.3801798782000904e-03,4.6984500306981258e-01,1.2131345814587713e-01,3.0,1.5661500102327086e-01,False,EFFECTIVE_PHENOMENOLOGICAL,STRUCTURAL_PREDICTION_ONLY,VALIDATED,factorized
eff_ctau1000_g205p093_br1,1000,1.9732698040000000e-16,205.0927254223737,-205.0927254223737,1,2.3954145185596746e-03,0.0000000000000000e+00,0.0024641585,0.0006362429888610299,2.3954145185596745e+00,5.9026810469322297e-03,8.2047266552357989e-01,2.1184513130608223e-01,3.0,2.7349088850785996e-01,False,EFFECTIVE_PHENOMENOLOGICAL,STRUCTURAL_PREDICTION_ONLY,VALIDATED,factorized
eff_ctau0p3_g300_br0p1,0.3,6.5775660133333333e-13,300,-300,0.1,5.1253399258966879e-03,0.0000000000000000e+00,0,0.0005,5.1253399258966888e-02,0.0000000000000000e+00,0.0000000000000000e+00,3.5621112484981988e-03,3.0,0.0000000000000000e+00,False,EFFECTIVE_PHENOMENOLOGICAL,STRUCTURAL_PREDICTION_ONLY,UPPER_LIMIT_ONLY,factorized
eff_ctau0p3_g300_br0p25,0.3,6.5775660133333333e-13,300,-300,0.25,5.1253399258966879e-03,0.0000000000000000e+00,0,0.0005,3.2033374536854298e-01,0.0000000000000000e+00,0.0000000000000000e+00,2.2263195303113738e-02,3.0,0.0000000000000000e+00,False,EFFECTIVE_PHENOMENOLOGICAL,STRUCTURAL_PREDICTION_ONLY,UPPER_LIMIT_ONLY,factorized
eff_ctau0p3_g300_br0p5,0.3,6.5775660133333333e-13,300,-300,0.5,5.1253399258966879e-03,0.0000000000000000e+00,0,0.0005,1.2813349814741719e+00,0.0000000000000000e+00,0.0000000000000000e+00,8.9052781212454954e-02,3.0,0.0000000000000000e+00,False,EFFECTIVE_PHENOMENOLOGICAL,STRUCTURAL_PREDICTION_ONLY,UPPER_LIMIT_ONLY,factorized
eff_ctau0p3_g300_br0p7567,0.3,6.5775660133333333e-13,300,-300,0.7567374858085787,5.1253399258966879e-03,0.0000000000000000e+00,0,0.0005,2.9350342240591734e+00,0.0000000000000000e+00,0.0000000000000000e+00,2.0398487857211253e-01,3.0,0.0000000000000000e+00,False,EFFECTIVE_PHENOMENOLOGICAL,STRUCTURAL_PREDICTION_ONLY,UPPER_LIMIT_ONLY,factorized
eff_ctau0p3_g300_br1,0.3,6.5775660133333333e-13,300,-300,1,5.1253399258966879e-03,0.0000000000000000e+00,0,0.0005,5.1253399258966876e+00,0.0000000000000000e+00,0.0000000000000000e+00,3.5621112484981982e-01,3.0,0.0000000000000000e+00,False,EFFECTIVE_PHENOMENOLOGICAL,STRUCTURAL_PREDICTION_ONLY,UPPER_LIMIT_ONLY,factorized
eff_ctau1_g300_br0p1,1,1.9732698040000000e-13,300,-300,0.1,5.1253399258966879e-03,0.0000000000000000e+00,0.003951574,0.00124959741827022,5.1253399258966888e-02,2.0253159992335282e-04,2.8151892389346043e-02,8.9024100394293187e-03,3.0,9.3839641297820148e-03,False,EFFECTIVE_PHENOMENOLOGICAL,STRUCTURAL_PREDICTION_ONLY,VALIDATED,factorized
eff_ctau1_g300_br0p25,1,1.9732698040000000e-13,300,-300,0.25,5.1253399258966879e-03,0.0000000000000000e+00,0.003951574,0.00124959741827022,3.2033374536854298e-01,1.2658224995209550e-03,1.7594932743341274e-01,5.5640062746433232e-02,3.0,5.8649775811137582e-02,False,EFFECTIVE_PHENOMENOLOGICAL,STRUCTURAL_PREDICTION_ONLY,VALIDATED,factorized
eff_ctau1_g300_br0p5,1,1.9732698040000000e-13,300,-300,0.5,5.1253399258966879e-03,0.0000000000000000e+00,0.003951574,0.00124959741827022,1.2813349814741719e+00,5.0632899980838199e-03,7.0379730973365096e-01,2.2256025098573293e-01,3.0,2.3459910324455033e-01,False,EFFECTIVE_PHENOMENOLOGICAL,STRUCTURAL_PREDICTION_ONLY,VALIDATED,factorized
eff_ctau1_g300_br0p7567,1,1.9732698040000000e-13,300,-300,0.7567374858085787,5.1253399258966879e-03,0.0000000000000000e+00,0.003951574,0.00124959741827022,2.9350342240591734e+00,1.1598004928902405e-02,1.6121226851174344e+00,5.0979795525975236e-01,3.0,5.3737422837247817e-01,False,EFFECTIVE_PHENOMENOLOGICAL,STRUCTURAL_PREDICTION_ONLY,VALIDATED,factorized
eff_ctau1_g300_br1,1,1.9732698040000000e-13,300,-300,1,5.1253399258966879e-03,0.0000000000000000e+00,0.003951574,0.00124959741827022,5.1253399258966876e+00,2.0253159992335280e-02,2.8151892389346038e+00,8.9024100394293171e-01,3.0,9.3839641297820131e-01,False,EFFECTIVE_PHENOMENOLOGICAL,STRUCTURAL_PREDICTION_ONLY,VALIDATED,factorized
eff_ctau3_g300_br0p1,3,6.5775660133333331e-14,300,-300,0.1,5.1253399258966879e-03,0.0000000000000000e+00,0.013341595,0.002255141155822941,5.1253399258966888e-02,6.8380209528643636e-04,9.5048491244814654e-02,1.6066127356216254e-02,3.0,3.1682830414938218e-02,False,EFFECTIVE_PHENOMENOLOGICAL,STRUCTURAL_PREDICTION_ONLY,VALIDATED,factorized
eff_ctau3_g300_br0p25,3,6.5775660133333331e-14,300,-300,0.25,5.1253399258966879e-03,0.0000000000000000e+00,0.013341595,0.002255141155822941,3.2033374536854298e-01,4.2737630955402258e-03,5.9405307028009136e-01,1.0041329597635154e-01,3.0,1.9801769009336379e-01,False,EFFECTIVE_PHENOMENOLOGICAL,STRUCTURAL_PREDICTION_ONLY,VALIDATED,factorized
eff_ctau3_g300_br0p5,3,6.5775660133333331e-14,300,-300,0.5,5.1253399258966879e-03,0.0000000000000000e+00,0.013341595,0.002255141155822941,1.2813349814741719e+00,1.7095052382160903e-02,2.3762122811203654e+00,4.0165318390540616e-01,3.0,7.9207076037345514e-01,False,EFFECTIVE_PHENOMENOLOGICAL,STRUCTURAL_PREDICTION_ONLY,VALIDATED,factorized
eff_ctau3_g300_br0p7567,3,6.5775660133333331e-14,300,-300,0.7567374858085787,5.1253399258966879e-03,0.0000000000000000e+00,0.013341595,0.002255141155822941,2.9350342240591734e+00,3.9158037928536747e-02,5.4429672720666078e+00,9.2002938966703229e-01,3.0,1.8143224240222027e+00,True,EFFECTIVE_PHENOMENOLOGICAL,STRUCTURAL_PREDICTION_ONLY,VALIDATED,factorized
eff_ctau3_g300_br1,3,6.5775660133333331e-14,300,-300,1,5.1253399258966879e-03,0.0000000000000000e+00,0.013341595,0.002255141155822941,5.1253399258966876e+00,6.8380209528643612e-02,9.5048491244814617e+00,1.6066127356216247e+00,3.0,3.1682830414938206e+00,True,EFFECTIVE_PHENOMENOLOGICAL,STRUCTURAL_PREDICTION_ONLY,VALIDATED,factorized
eff_ctau4p326_g300_br0p1,4.326221529733112,4.5611852986218501e-14,300,-300,0.1,5.1253399258966879e-03,0.0000000000000000e+00,0.01573386,0.002487741699310843,5.1253399258966888e-02,8.0641380846468871e-04,1.1209151937659173e-01,1.7723225380946356e-02,3.0,3.7363839792197241e-02,False,EFFECTIVE_PHENOMENOLOGICAL,STRUCTURAL_PREDICTION_ONLY,VALIDATED,factorized
eff_ctau4p326_g300_br0p25,4.326221529733112,4.5611852986218501e-14,300,-300,0.25,5.1253399258966879e-03,0.0000000000000000e+00,0.01573386,0.002487741699310843,3.2033374536854298e-01,5.0400863029043032e-03,7.0057199610369814e-01,1.1077015863091470e-01,3.0,2.3352399870123272e-01,False,EFFECTIVE_PHENOMENOLOGICAL,STRUCTURAL_PREDICTION_ONLY,VALIDATED,factorized
eff_ctau4p326_g300_br0p5,4.326221529733112,4.5611852986218501e-14,300,-300,0.5,5.1253399258966879e-03,0.0000000000000000e+00,0.01573386,0.002487741699310843,1.2813349814741719e+00,2.0160345211617213e-02,2.8022879844147925e+00,4.4308063452365881e-01,3.0,9.3409599480493088e-01,False,EFFECTIVE_PHENOMENOLOGICAL,STRUCTURAL_PREDICTION_ONLY,VALIDATED,factorized
eff_ctau4p326_g300_br0p7567,4.326221529733112,4.5611852986218501e-14,300,-300,0.7567374858085787,5.1253399258966879e-03,0.0000000000000000e+00,0.01573386,0.002487741699310843,2.9350342240591734e+00,4.6179417576555665e-02,6.4189390431412372e+00,1.0149233769054065e+00,3.0,2.1396463477137457e+00,True,EFFECTIVE_PHENOMENOLOGICAL,STRUCTURAL_PREDICTION_ONLY,VALIDATED,factorized
eff_ctau4p326_g300_br1,4.326221529733112,4.5611852986218501e-14,300,-300,1,5.1253399258966879e-03,0.0000000000000000e+00,0.01573386,0.002487741699310843,5.1253399258966876e+00,8.0641380846468852e-02,1.1209151937659170e+01,1.7723225380946352e+00,3.0,3.7363839792197235e+00,True,EFFECTIVE_PHENOMENOLOGICAL,STRUCTURAL_PREDICTION_ONLY,VALIDATED,factorized
eff_ctau10_g300_br0p1,10,1.9732698040000002e-14,300,-300,0.1,5.1253399258966879e-03,0.0000000000000000e+00,0.018625475,0.002716804752519248,5.1253399258966888e-02,9.5461890656290619e-04,1.3269202801224397e-01,1.9355121537844359e-02,3.0,4.4230676004081322e-02,False,EFFECTIVE_PHENOMENOLOGICAL,STRUCTURAL_PREDICTION_ONLY,VALIDATED,factorized
eff_ctau10_g300_br0p25,10,1.9732698040000002e-14,300,-300,0.25,5.1253399258966879e-03,0.0000000000000000e+00,0.018625475,0.002716804752519248,3.2033374536854298e-01,5.9663681660181624e-03,8.2932517507652459e-01,1.2096950961152719e-01,3.0,2.7644172502550818e-01,False,EFFECTIVE_PHENOMENOLOGICAL,STRUCTURAL_PREDICTION_ONLY,VALIDATED,factorized
eff_ctau10_g300_br0p5,10,1.9732698040000002e-14,300,-300,0.5,5.1253399258966879e-03,0.0000000000000000e+00,0.018625475,0.002716804752519248,1.2813349814741719e+00,2.3865472664072650e-02,3.3173007003060984e+00,4.8387803844610877e-01,3.0,1.1057669001020327e+00,True,EFFECTIVE_PHENOMENOLOGICAL,STRUCTURAL_PREDICTION_ONLY,VALIDATED,factorized
eff_ctau10_g300_br0p7567,10,1.9732698040000002e-14,300,-300,0.7567374858085787,5.1253399258966879e-03,0.0000000000000000e+00,0.018625475,0.002716804752519248,2.9350342240591734e+00,5.4666406564358526e-02,7.5986305124458351e+00,1.1083741750935541e+00,3.0,2.5328768374819450e+00,True,EFFECTIVE_PHENOMENOLOGICAL,STRUCTURAL_PREDICTION_ONLY,VALIDATED,factorized
eff_ctau10_g300_br1,10,1.9732698040000002e-14,300,-300,1,5.1253399258966879e-03,0.0000000000000000e+00,0.018625475,0.002716804752519248,5.1253399258966876e+00,9.5461890656290599e-02,1.3269202801224393e+01,1.9355121537844351e+00,3.0,4.4230676004081309e+00,True,EFFECTIVE_PHENOMENOLOGICAL,STRUCTURAL_PREDICTION_ONLY,VALIDATED,factorized
eff_ctau30_g300_br0p1,30,6.5775660133333334e-15,300,-300,0.1,5.1253399258966879e-03,0.0000000000000000e+00,0.01856252,0.002679268979709453,5.1253399258966888e-02,9.5139224881255803e-04,1.3224352258494557e-01,1.9087708340750673e-02,3.0,4.4081174194981858e-02,False,EFFECTIVE_PHENOMENOLOGICAL,STRUCTURAL_PREDICTION_ONLY,VALIDATED,factorized
eff_ctau30_g300_br0p25,30,6.5775660133333334e-15,300,-300,0.25,5.1253399258966879e-03,0.0000000000000000e+00,0.01856252,0.002679268979709453,3.2033374536854298e-01,5.9462015550784857e-03,8.2652201615590948e-01,1.1929817712969165e-01,3.0,2.7550733871863647e-01,False,EFFECTIVE_PHENOMENOLOGICAL,STRUCTURAL_PREDICTION_ONLY,VALIDATED,factorized
eff_ctau30_g300_br0p5,30,6.5775660133333334e-15,300,-300,0.5,5.1253399258966879e-03,0.0000000000000000e+00,0.01856252,0.002679268979709453,1.2813349814741719e+00,2.3784806220313943e-02,3.3060880646236379e+00,4.7719270851876661e-01,3.0,1.1020293548745459e+00,True,EFFECTIVE_PHENOMENOLOGICAL,STRUCTURAL_PREDICTION_ONLY,VALIDATED,factorized
eff_ctau30_g300_br0p7567,30,6.5775660133333334e-15,300,-300,0.7567374858085787,5.1253399258966879e-03,0.0000000000000000e+00,0.01856252,0.002679268979709453,2.9350342240591734e+00,5.4481631484782883e-02,7.5729467763848204e+00,1.0930607149761213e+00,3.0,2.5243155921282736e+00,True,EFFECTIVE_PHENOMENOLOGICAL,STRUCTURAL_PREDICTION_ONLY,VALIDATED,factorized
eff_ctau30_g300_br1,30,6.5775660133333334e-15,300,-300,1,5.1253399258966879e-03,0.0000000000000000e+00,0.01856252,0.002679268979709453,5.1253399258966876e+00,9.5139224881255771e-02,1.3224352258494552e+01,1.9087708340750664e+00,3.0,4.4081174194981836e+00,True,EFFECTIVE_PHENOMENOLOGICAL,STRUCTURAL_PREDICTION_ONLY,VALIDATED,factorized
eff_ctau100_g300_br0p1,100,1.9732698039999999e-15,300,-300,0.1,5.1253399258966879e-03,0.0000000000000000e+00,0.01425306,0.002079022475718981,5.1253399258966888e-02,7.3051777484201062e-04,1.0154197070303948e-01,1.4811418693278313e-02,3.0,3.3847323567679825e-02,False,EFFECTIVE_PHENOMENOLOGICAL,STRUCTURAL_PREDICTION_ONLY,VALIDATED,factorized
eff_ctau100_g300_br0p25,100,1.9732698039999999e-15,300,-300,0.25,5.1253399258966879e-03,0.0000000000000000e+00,0.01425306,0.002079022475718981,3.2033374536854298e-01,4.5657360927625649e-03,6.3463731689399649e-01,9.2571366832989416e-02,3.0,2.1154577229799884e-01,False,EFFECTIVE_PHENOMENOLOGICAL,STRUCTURAL_PREDICTION_ONLY,VALIDATED,factorized
eff_ctau100_g300_br0p5,100,1.9732698039999999e-15,300,-300,0.5,5.1253399258966879e-03,0.0000000000000000e+00,0.01425306,0.002079022475718981,1.2813349814741719e+00,1.8262944371050260e-02,2.5385492675759860e+00,3.7028546733195766e-01,3.0,8.4618308919199536e-01,False,EFFECTIVE_PHENOMENOLOGICAL,STRUCTURAL_PREDICTION_ONLY,VALIDATED,factorized
eff_ctau100_g300_br0p7567,100,1.9732698039999999e-15,300,-300,0.7567374858085787,5.1253399258966879e-03,0.0000000000000000e+00,0.01425306,0.002079022475718981,2.9350342240591734e+00,4.1833218897568837e-02,5.8148174267620680e+00,8.4817829451645821e-01,3.0,1.9382724755873559e+00,True,EFFECTIVE_PHENOMENOLOGICAL,STRUCTURAL_PREDICTION_ONLY,VALIDATED,factorized
eff_ctau100_g300_br1,100,1.9732698039999999e-15,300,-300,1,5.1253399258966879e-03,0.0000000000000000e+00,0.01425306,0.002079022475718981,5.1253399258966876e+00,7.3051777484201039e-02,1.0154197070303944e+01,1.4811418693278307e+00,3.0,3.3847323567679815e+00,True,EFFECTIVE_PHENOMENOLOGICAL,STRUCTURAL_PREDICTION_ONLY,VALIDATED,factorized
eff_ctau200_g300_br0p1,200,9.8663490199999997e-16,300,-300,0.1,5.1253399258966879e-03,0.0000000000000000e+00,0.009507182499999999,0.001503217541544688,5.1253399258966888e-02,4.8727542050036290e-04,6.7731283449550442e-02,1.0709256227352283e-02,3.0,2.2577094483183482e-02,False,EFFECTIVE_PHENOMENOLOGICAL,STRUCTURAL_PREDICTION_ONLY,VALIDATED,factorized
eff_ctau200_g300_br0p25,200,9.8663490199999997e-16,300,-300,0.25,5.1253399258966879e-03,0.0000000000000000e+00,0.009507182499999999,0.001503217541544688,3.2033374536854298e-01,3.0454713781272675e-03,4.2332052155969019e-01,6.6932851420951761e-02,3.0,1.4110684051989672e-01,False,EFFECTIVE_PHENOMENOLOGICAL,STRUCTURAL_PREDICTION_ONLY,VALIDATED,factorized
eff_ctau200_g300_br0p5,200,9.8663490199999997e-16,300,-300,0.5,5.1253399258966879e-03,0.0000000000000000e+00,0.009507182499999999,0.001503217541544688,1.2813349814741719e+00,1.2181885512509070e-02,1.6932820862387608e+00,2.6773140568380704e-01,3.0,5.6442736207958688e-01,False,EFFECTIVE_PHENOMENOLOGICAL,STRUCTURAL_PREDICTION_ONLY,VALIDATED,factorized
eff_ctau200_g300_br0p7567,200,9.8663490199999997e-16,300,-300,0.7567374858085787,5.1253399258966879e-03,0.0000000000000000e+00,0.009507182499999999,0.001503217541544688,2.9350342240591734e+00,2.7903906011876450e-02,3.8786429356508267e+00,6.1326729535892555e-01,3.0,1.2928809785502755e+00,True,EFFECTIVE_PHENOMENOLOGICAL,STRUCTURAL_PREDICTION_ONLY,VALIDATED,factorized
eff_ctau200_g300_br1,200,9.8663490199999997e-16,300,-300,1,5.1253399258966879e-03,0.0000000000000000e+00,0.009507182499999999,0.001503217541544688,5.1253399258966876e+00,4.8727542050036279e-02,6.7731283449550430e+00,1.0709256227352282e+00,3.0,2.2577094483183475e+00,True,EFFECTIVE_PHENOMENOLOGICAL,STRUCTURAL_PREDICTION_ONLY,VALIDATED,factorized
eff_ctau300_g300_br0p1,300,6.5775660133333338e-16,300,-300,0.1,5.1253399258966879e-03,0.0000000000000000e+00,0.006872078500000001,0.001161593276620673,5.1253399258966888e-02,3.5221738309946230e-04,4.8958216250825262e-02,8.2754489536607575e-03,3.0,1.6319405416941754e-02,False,EFFECTIVE_PHENOMENOLOGICAL,STRUCTURAL_PREDICTION_ONLY,VALIDATED,factorized
eff_ctau300_g300_br0p25,300,6.5775660133333338e-16,300,-300,0.25,5.1253399258966879e-03,0.0000000000000000e+00,0.006872078500000001,0.001161593276620673,3.2033374536854298e-01,2.2013586443716390e-03,3.0598885156765782e-01,5.1721555960379730e-02,3.0,1.0199628385588594e-01,False,EFFECTIVE_PHENOMENOLOGICAL,STRUCTURAL_PREDICTION_ONLY,VALIDATED,factorized
eff_ctau300_g300_br0p5,300,6.5775660133333338e-16,300,-300,0.5,5.1253399258966879e-03,0.0000000000000000e+00,0.006872078500000001,0.001161593276620673,1.2813349814741719e+00,8.8054345774865560e-03,1.2239554062706313e+00,2.0688622384151892e-01,3.0,4.0798513542354375e-01,False,EFFECTIVE_PHENOMENOLOGICAL,STRUCTURAL_PREDICTION_ONLY,VALIDATED,factorized
eff_ctau300_g300_br0p7567,300,6.5775660133333338e-16,300,-300,0.7567374858085787,5.1253399258966879e-03,0.0000000000000000e+00,0.006872078500000001,0.001161593276620673,2.9350342240591734e+00,2.0169785587921232e-02,2.8036001967210513e+00,4.7389492696330071e-01,3.0,9.3453339890701714e-01,False,EFFECTIVE_PHENOMENOLOGICAL,STRUCTURAL_PREDICTION_ONLY,VALIDATED,factorized
eff_ctau300_g300_br1,300,6.5775660133333338e-16,300,-300,1,5.1253399258966879e-03,0.0000000000000000e+00,0.006872078500000001,0.001161593276620673,5.1253399258966876e+00,3.5221738309946224e-02,4.8958216250825251e+00,8.2754489536607567e-01,3.0,1.6319405416941750e+00,True,EFFECTIVE_PHENOMENOLOGICAL,STRUCTURAL_PREDICTION_ONLY,VALIDATED,factorized
eff_ctau500_g300_br0p1,500,3.9465396080000001e-16,300,-300,0.1,5.1253399258966879e-03,0.0000000000000000e+00,0.003869341,0.0007898259242358671,5.1253399258966888e-02,1.9831687914209021e-04,2.7566046200750538e-02,5.6268956181521361e-03,3.0,9.1886820669168454e-03,False,EFFECTIVE_PHENOMENOLOGICAL,STRUCTURAL_PREDICTION_ONLY,VALIDATED,factorized
eff_ctau500_g300_br0p25,500,3.9465396080000001e-16,300,-300,0.25,5.1253399258966879e-03,0.0000000000000000e+00,0.003869341,0.0007898259242358671,3.2033374536854298e-01,1.2394804946380634e-03,1.7228778875469081e-01,3.5168097613450841e-02,3.0,5.7429262918230271e-02,False,EFFECTIVE_PHENOMENOLOGICAL,STRUCTURAL_PREDICTION_ONLY,VALIDATED,factorized
eff_ctau500_g300_br0p5,500,3.9465396080000001e-16,300,-300,0.5,5.1253399258966879e-03,0.0000000000000000e+00,0.003869341,0.0007898259242358671,1.2813349814741719e+00,4.9579219785522537e-03,6.8915115501876323e-01,1.4067239045380336e-01,3.0,2.2971705167292109e-01,False,EFFECTIVE_PHENOMENOLOGICAL,STRUCTURAL_PREDICTION_ONLY,VALIDATED,factorized
eff_ctau500_g300_br0p7567,500,3.9465396080000001e-16,300,-300,0.7567374858085787,5.1253399258966879e-03,0.0000000000000000e+00,0.003869341,0.0007898259242358671,2.9350342240591734e+00,1.1356648259555346e-02,1.5785741080781932e+00,3.2222509049671982e-01,3.0,5.2619136935939770e-01,False,EFFECTIVE_PHENOMENOLOGICAL,STRUCTURAL_PREDICTION_ONLY,VALIDATED,factorized
eff_ctau500_g300_br1,500,3.9465396080000001e-16,300,-300,1,5.1253399258966879e-03,0.0000000000000000e+00,0.003869341,0.0007898259242358671,5.1253399258966876e+00,1.9831687914209015e-02,2.7566046200750529e+00,5.6268956181521346e-01,3.0,9.1886820669168434e-01,False,EFFECTIVE_PHENOMENOLOGICAL,STRUCTURAL_PREDICTION_ONLY,VALIDATED,factorized
eff_ctau700_g300_br0p1,700,2.8189568628571429e-16,300,-300,0.1,5.1253399258966879e-03,0.0000000000000000e+00,0.003478149,0.0008435750416844964,5.1253399258966888e-02,1.7826695937917642e-04,2.4779107353705521e-02,6.0098162898733634e-03,3.0,8.2597024512351732e-03,False,EFFECTIVE_PHENOMENOLOGICAL,STRUCTURAL_PREDICTION_ONLY,VALIDATED,factorized
eff_ctau700_g300_br0p25,700,2.8189568628571429e-16,300,-300,0.25,5.1253399258966879e-03,0.0000000000000000e+00,0.003478149,0.0008435750416844964,3.2033374536854298e-01,1.1141684961198522e-03,1.5486942096065948e-01,3.7561351811708513e-02,3.0,5.1623140320219828e-02,False,EFFECTIVE_PHENOMENOLOGICAL,STRUCTURAL_PREDICTION_ONLY,VALIDATED,factorized
eff_ctau700_g300_br0p5,700,2.8189568628571429e-16,300,-300,0.5,5.1253399258966879e-03,0.0000000000000000e+00,0.003478149,0.0008435750416844964,1.2813349814741719e+00,4.4566739844794090e-03,6.1947768384263791e-01,1.5024540724683405e-01,3.0,2.0649256128087931e-01,False,EFFECTIVE_PHENOMENOLOGICAL,STRUCTURAL_PREDICTION_ONLY,VALIDATED,factorized
eff_ctau700_g300_br0p7567,700,2.8189568628571429e-16,300,-300,0.7567374858085787,5.1253399258966879e-03,0.0000000000000000e+00,0.003478149,0.0008435750416844964,2.9350342240591734e+00,1.0208486351377189e-02,1.4189796028414292e+00,3.4415310488895356e-01,3.0,4.7299320094714309e-01,False,EFFECTIVE_PHENOMENOLOGICAL,STRUCTURAL_PREDICTION_ONLY,VALIDATED,factorized
eff_ctau700_g300_br1,700,2.8189568628571429e-16,300,-300,1,5.1253399258966879e-03,0.0000000000000000e+00,0.003478149,0.0008435750416844964,5.1253399258966876e+00,1.7826695937917636e-02,2.4779107353705516e+00,6.0098162898733620e-01,3.0,8.2597024512351724e-01,False,EFFECTIVE_PHENOMENOLOGICAL,STRUCTURAL_PREDICTION_ONLY,VALIDATED,factorized
eff_ctau1000_g300_br0p1,1000,1.9732698040000000e-16,300,-300,0.1,5.1253399258966879e-03,0.0000000000000000e+00,0.0024641585,0.0006362429888610299,5.1253399258966888e-02,1.2629649943787696e-04,1.7555213421864897e-02,4.5327366147999782e-03,3.0,5.8517378072882988e-03,False,EFFECTIVE_PHENOMENOLOGICAL,STRUCTURAL_PREDICTION_ONLY,VALIDATED,factorized
eff_ctau1000_g300_br0p25,1000,1.9732698040000000e-16,300,-300,0.25,5.1253399258966879e-03,0.0000000000000000e+00,0.0024641585,0.0006362429888610299,3.2033374536854298e-01,7.8935312148673074e-04,1.0972008388665558e-01,2.8329603842499856e-02,3.0,3.6573361295551859e-02,False,EFFECTIVE_PHENOMENOLOGICAL,STRUCTURAL_PREDICTION_ONLY,VALIDATED,factorized
eff_ctau1000_g300_br0p5,1000,1.9732698040000000e-16,300,-300,0.5,5.1253399258966879e-03,0.0000000000000000e+00,0.0024641585,0.0006362429888610299,1.2813349814741719e+00,3.1574124859469230e-03,4.3888033554662231e-01,1.1331841536999943e-01,3.0,1.4629344518220744e-01,False,EFFECTIVE_PHENOMENOLOGICAL,STRUCTURAL_PREDICTION_ONLY,VALIDATED,factorized
eff_ctau1000_g300_br0p7567,1000,1.9732698040000000e-16,300,-300,0.7567374858085787,5.1253399258966879e-03,0.0000000000000000e+00,0.0024641585,0.0006362429888610299,2.9350342240591734e+00,7.2323895310063158e-03,1.0053021448098780e+00,2.5956789765035032e-01,3.0,3.3510071493662602e-01,False,EFFECTIVE_PHENOMENOLOGICAL,STRUCTURAL_PREDICTION_ONLY,VALIDATED,factorized
eff_ctau1000_g300_br1,1000,1.9732698040000000e-16,300,-300,1,5.1253399258966879e-03,0.0000000000000000e+00,0.0024641585,0.0006362429888610299,5.1253399258966876e+00,1.2629649943787692e-02,1.7555213421864893e+00,4.5327366147999770e-01,3.0,5.8517378072882975e-01,False,EFFECTIVE_PHENOMENOLOGICAL,STRUCTURAL_PREDICTION_ONLY,VALIDATED,factorized
