event_index,m_H2H2,pT_H2H2,pT_H2_leading,pT_H2_subleading,y_H2_leading,y_H2_subleading,delta_phi_H2H2,delta_R_H2H2
1,465.0778837308129,0,47.40724613386092,47.40724613386092,0.1987095368589966,2.084021628137094,3.141592653589793,3.663878557295363
2,386.9233548881353,0,120.1320708737933,120.1320708737933,0.7733559116070832,1.004549424350295,3.141592653589793,3.150088068836156
3,421.8453976436567,0,120.679418894561,120.679418894561,1.131595793459927,1.999279807856509,3.141592653589793,3.259214621642571
4,357.2794948526965,0,56.49931352174064,56.49931352174064,-1.111629601438533,-0.1634802294996268,3.141592653589793,3.281553234765132
5,431.0675728713531,0,82.86794274708075,82.86794274708075,-0.3617689372153282,1.044944880719266,3.141592653589793,3.442157487195709
6,1149.117819981827,0,551.6636697311557,551.6636697311557,0.5180725611176912,0.7182517883421776,3.141592653589793,3.147963806034236
7,343.9901094702203,0,60.30129355425343,60.30129355425343,0.3308372673675231,-0.3803046188201192,3.141592653589793,3.221075469991331
8,339.8925388719143,0,55.51976680461271,55.51976680461271,-2.013905917923908,-2.717539815013444,3.141592653589793,3.219426200772859
9,326.9083288745855,0,52.96869669290503,52.96869669290503,1.82483665994394,1.356760601453822,3.141592653589793,3.176271335641998
10,302.1504098806007,0,17.99079335540323,17.99079335540323,1.314455047848367,1.317382603379524,3.141592653589793,3.14159401763989
11,315.4650378239472,0,37.07141461805379,37.07141461805379,-0.3042023223908536,0.1033672132282467,3.141592653589793,3.167920031732829
12,463.8641886482536,0,114.8830181167602,114.8830181167602,0.6169843417011766,1.941841786516494,3.141592653589793,3.409523669102758
13,351.2718659677208,0,90.52461625545114,90.52461625545114,-0.07260567528658399,0.06860673354640882,3.141592653589793,3.144764752012108
14,475.6243732520685,0,129.1715761434475,129.1715761434475,0.3680335205338036,1.616846285071441,3.141592653589793,3.380700773798459
15,431.1081236944419,0,145.8145018200637,145.8145018200637,-0.8918447461975975,-0.3998860609504284,3.141592653589793,3.17987857458103
16,467.3540700640119,0,164.4093887691111,164.4093887691111,-1.69759421979432,-1.067886538122472,3.141592653589793,3.204081173354678
17,420.7502858774868,0,135.7037903286086,135.7037903286086,-0.116077140555248,-0.6801795817075662,3.141592653589793,3.191835829926621
18,391.2550612461358,0,101.689374956707,101.689374956707,1.045938604139313,1.838254997152034,3.141592653589793,3.239964454701015
19,447.556516217607,0,153.8175270510892,153.8175270510892,-2.336266015928056,-1.761609277653478,3.141592653589793,3.193718016346111
20,341.3922410550474,0,73.07129234427043,73.07129234427043,-0.2566835928410795,0.1718430757303015,3.141592653589793,3.170684390910935
21,335.2321858775672,0,68.90996595145526,68.90996595145526,-0.3536329414787272,-0.7043574827048933,3.141592653589793,3.161109315558015
22,336.0722170370937,0,60.55142836626044,60.55142836626044,-0.8872131263228219,-0.3318964516760763,3.141592653589793,3.190294815566435
23,407.7163677796227,0,136.0726851417946,136.0726851417946,1.145972402508315,0.916486927686333,3.141592653589793,3.149963171886876
24,377.0544951805498,0,86.41584479382961,86.41584479382961,0.7184804653623744,1.556372697827917,3.141592653589793,3.251410123979356
25,340.1261529613889,0,74.99282857796547,74.99282857796547,-1.230998314763779,-0.8957761005911744,3.141592653589793,3.159426899607608
26,406.2107883489278,0,110.0573226042379,110.0573226042379,-0.9382362983821509,-0.08813456596668391,3.141592653589793,3.254577907585734
27,320.1009990290652,0,5.729890256117457,5.729890256117457,0.7506522003121157,1.474571370209174,3.141592653589793,3.223920496171362
28,461.472154426297,0,127.8814308799722,127.8814308799722,-2.952916730384133,-1.800751430273754,3.141592653589793,3.346205205881402
29,399.9778037171525,0,122.2438807551446,122.2438807551446,-0.8113537253990354,-0.2949767974471428,3.141592653589793,3.183747718147654
30,327.0171662336224,0,16.54502899796642,16.54502899796642,1.465479029345234,0.6538152699414606,3.141592653589793,3.244749984115698
31,429.463116386837,0,146.3817276406667,146.3817276406667,0.3622563522208109,0.8043965760845431,3.141592653589793,3.172552974915885
32,695.5347309264,0,84.48149867747375,84.48149867747375,-0.1235869614353062,2.533373384816583,3.141592653589793,4.114491789108871
33,399.579472269924,0,131.5316983898283,131.5316983898283,1.025600277496626,0.9179819244850838,3.141592653589793,3.143435399526174
34,375.9010471588485,0,79.48556182733736,79.48556182733736,-2.106405122720981,-1.188569055171254,3.141592653589793,3.272923379485763
35,398.1725096925233,0,118.2339097348915,118.2339097348915,1.776244548999057,1.196137238821115,3.141592653589793,3.194703255767465
36,553.9551183077414,0,105.5327419269845,105.5327419269845,0.8207686534367777,-1.122217219681962,3.141592653589793,3.693886639331038
37,484.6030162338975,0,187.6996474638401,187.6996474638401,0.5841344079094196,0.3244378850249302,3.141592653589793,3.152308151987628
38,484.3072803695434,0,189.7157367819101,189.7157367819101,0.7193302760153386,0.819320929917541,3.141592653589793,3.143183502749585
39,435.4028598995557,0,146.663296104825,146.663296104825,1.053959422800416,0.5062619448816865,3.141592653589793,3.188977411084609
40,322.5632123531862,0,59.21711482539045,59.21711482539045,-0.7003018148762901,-0.6723233414669761,3.141592653589793,3.141717236809142
41,358.205382019192,0,93.854058536422,93.854058536422,-2.048820510795798,-2.361034603750829,3.141592653589793,3.157068583501013
42,419.5184400633158,0,145.345657679509,145.345657679509,-1.002410238894685,-1.187221614360618,3.141592653589793,3.147023934702589
43,386.9707944940222,0,118.4450320087482,118.4450320087482,-0.7217385292326122,-0.4078170940660553,3.141592653589793,3.157237885960826
44,356.0986473284148,0,55.25456201424903,55.25456201424903,-1.656906262258312,-0.7114604884410152,3.141592653589793,3.280773096743868
45,307.2676673490379,0,25.94189175547222,25.94189175547222,-1.100512264480879,-0.8287892917453331,3.141592653589793,3.153321704964719
46,398.4671754173874,0,127.0904312223213,127.0904312223213,-0.2246251207759246,-0.5515552342035225,3.141592653589793,3.158557851323154
47,360.2371766033694,0,82.21951972678299,82.21951972678299,0.6386703437628813,-0.009532047879486595,3.141592653589793,3.207767251784369
48,565.230437493628,0,216.7003831857783,216.7003831857783,0.6860037909593031,1.442209522495552,3.141592653589793,3.231323491929837
49,317.4842491427778,0,37.06670085583328,37.06670085583328,0.7463680406550466,0.2794317683538047,3.141592653589793,3.176103569388117
50,353.5079430094872,0,92.86224946838581,92.86224946838581,0.5525421281147403,0.4291757461125928,3.141592653589793,3.144013941651286
51,412.9194152497648,0,140.8126446132956,140.8126446132956,2.171010068499073,2.003559897774271,3.141592653589793,3.146052123021029
52,442.4873969909153,0,149.8031497286197,149.8031497286197,-0.9890601752536736,-0.4003419409005168,3.141592653589793,3.196278079352492
53,577.2821836302858,0,235.0260217124531,235.0260217124531,-0.0105083376348114,0.5189519839947633,3.141592653589793,3.185895891781376
54,466.8381771798981,0,56.30041790325597,56.30041790325597,-1.33982128630077,-3.185460546821853,3.141592653589793,3.643623015772373
55,339.9360927291085,0,76.11156351966945,76.11156351966945,0.2105543540408312,0.4998627522627598,3.141592653589793,3.154885695294062
56,479.7993887008575,0,164.2891169113454,164.2891169113454,-0.2970464646390849,0.4896692069095638,3.141592653589793,3.238599380743101
57,391.3423256941496,0,123.5752263861766,123.5752263861766,1.267430160915814,1.500747211715455,3.141592653589793,3.150244632926656
58,355.0540683088926,0,41.12475949197959,41.12475949197959,1.495898173328456,0.4444928713934739,3.141592653589793,3.31286243451586
59,329.8856788412119,0,65.18388665325571,65.18388665325571,-2.150149820510738,-1.889413883310274,3.141592653589793,3.152393952226967
60,367.6597105680749,0,93.02108710998525,93.02108710998525,0.0270105987125243,0.6013521929829559,3.141592653589793,3.193661326439993
61,326.8920077104856,0,11.97704306437479,11.97704306437479,2.172365333940506,1.34787618883334,3.141592653589793,3.247981950610086
62,325.5927944096999,0,56.44428684002852,56.44428684002852,-0.4174069552242421,-0.06264192582915551,3.141592653589793,3.161560157133034
63,400.348900823073,0,131.0084022622437,131.0084022622437,-0.589001041287941,-0.386845607074249,3.141592653589793,3.148090090939502
64,369.3340078612828,0,13.91065253810098,13.91065253810098,-0.9635982407492791,-2.283687016198335,3.141592653589793,3.407673513726916
65,367.3765076368413,0,67.53401566317355,67.53401566317355,-1.595981838154712,-0.6391770675367288,3.141592653589793,3.284064519793526
66,435.1946681692671,0,77.09544153731049,77.09544153731049,1.73435303424384,0.2452791925610151,3.141592653589793,3.476628439605447
67,455.9926408474076,0,167.9172876455637,167.9172876455637,-1.020173177617447,-0.7029526383162917,3.141592653589793,3.157567619488753
68,415.4406033431792,0,132.9172414833627,132.9172414833627,0.9863602983634338,0.4480585815963439,3.141592653589793,3.187377156748751
69,492.1083529203545,0,78.16651743696781,78.16651743696781,-1.431095847928545,0.410399938730712,3.141592653589793,3.641525934738506
70,312.5488141853954,0,32.77163490998356,32.77163490998356,-0.4154393272567491,-0.792462525022568,3.141592653589793,3.164135093946357
71,369.5188147220157,0,107.8462266869756,107.8462266869756,-1.752109918831597,-1.776866820021019,3.141592653589793,3.141690198801572
72,352.5696503264646,0,92.58196683726031,92.58196683726031,0.3877762796780801,0.4129400912685961,3.141592653589793,3.141693431654833
73,580.3853788767663,0,221.1097646738561,221.1097646738561,2.064949848284509,1.240859520750636,3.141592653589793,3.247880735036963
74,434.5924324885434,0,146.0606341649178,146.0606341649178,-1.172498680240461,-0.6237153786895286,3.141592653589793,3.189164077489663
75,307.2282738179728,0,24.04776663983693,24.04776663983693,0.8858499982224243,1.184663764639192,3.141592653589793,3.155771548780034
76,413.1328078356329,0,94.68662315322958,94.68662315322958,1.93780538021739,0.8057833342205486,3.141592653589793,3.339323032249536
77,356.1662036062439,0,95.95592662455381,95.95592662455381,1.958689342318999,1.986317945752919,3.141592653589793,3.141714140531736
78,320.0027508278774,0,35.05170111561201,35.05170111561201,-1.124011026145023,-0.569418425282129,3.141592653589793,3.190168859797428
79,364.1602345818962,0,88.43342693371403,88.43342693371403,0.05318973810779835,-0.5489818049274552,3.141592653589793,3.198783357517482
80,358.9931950064499,0,90.58937570339459,90.58937570339459,0.4457390780256859,0.8860643143998358,3.141592653589793,3.172300539809762
81,377.7130060839445,0,44.62061810909332,44.62061810909332,1.302643539333854,0.03765717913808213,3.141592653589793,3.386708563276549
82,350.7134102512507,0,86.82493392591282,86.82493392591282,0.5521002423400415,0.2455164060400131,3.141592653589793,3.156516758987634
83,354.1219713636733,0,93.31658463427317,93.31658463427317,0.6765589022937982,0.5414641787344481,3.141592653589793,3.144495982732835
84,571.0561827743131,0,221.9524287483561,221.9524287483561,-0.3305432482004608,0.3913791848510532,3.141592653589793,3.223472723699144
85,353.5749970931607,0,92.75075171232263,92.75075171232263,-0.2223077468336082,-0.08301210002806014,3.141592653589793,3.144679264775397
86,363.0992707528755,0,51.23561700271822,51.23561700271822,1.733832225645473,0.6681201862881221,3.141592653589793,3.317430715466498
87,348.5907133944764,0,48.25155258801423,48.25155258801423,1.465521178409988,2.37906876245163,3.141592653589793,3.271723336316456
88,420.6358347215586,0,127.6361573578547,127.6361573578547,1.811099545664893,1.078445464607367,3.141592653589793,3.225893117197097
89,326.9489500850367,0,64.28730682653905,64.28730682653905,-1.189668798207405,-1.072798318557918,3.141592653589793,3.143765753058402
90,525.0872747544861,0,106.6104506811015,106.6104506811015,-2.450951282854099,-0.6635244512235691,3.141592653589793,3.614484621563925
91,432.8473046575559,0,154.7224523476024,154.7224523476024,-0.7863269577893983,-0.6009381574703443,3.141592653589793,3.147057897207024
92,515.6225723807854,0,162.4510831640195,162.4510831640195,-0.06275214947488188,-1.199693563695255,3.141592653589793,3.340993891113658
93,454.7635424676151,0,167.7096326750566,167.7096326750566,0.9338735795852944,0.6433306403058587,3.141592653589793,3.154999144319138
94,333.7941563148087,0,62.23797061880315,62.23797061880315,-0.09554279907396872,0.3740805922944146,3.141592653589793,3.176499729389206
95,402.148047986577,0,131.4717517574282,131.4717517574282,-0.4355538528078615,-0.6897094409487123,3.141592653589793,3.151856510704854
96,316.8785818659717,0,49.455991244069,49.455991244069,0.7527261971131557,0.911282256498906,3.141592653589793,3.145591267958585
97,398.7428962369286,0,116.442434303798,116.442434303798,-1.929362042082721,-1.299999251833215,3.141592653589793,3.204013408654839
98,365.5627057248163,0,98.76871727205182,98.76871727205182,2.186778093309011,1.810739591583846,3.141592653589793,3.164017913329358
99,491.7757908946523,0,129.1060208081396,129.1060208081396,1.058393581776708,-0.3075223660773961,3.141592653589793,3.425686905963756
100,304.3311399185184,0,23.71020955351564,23.71020955351564,-0.1028436823931001,-0.2292081474745634,3.141592653589793,3.144133009133787
101,363.7010625345345,0,56.28646698793409,56.28646698793409,0.387451436628968,1.415539317311389,3.141592653589793,3.305536127694785
102,320.2037435616317,0,55.93828914641919,55.93828914641919,-0.9498997163518873,-0.9264709588871244,3.141592653589793,3.141680013585995
103,365.3349653207254,0,97.89051630976449,97.89051630976449,-1.03806002263762,-1.435677639156814,3.141592653589793,3.166655044373441
104,560.2023999434018,0,70.67310037965888,70.67310037965888,1.789237192390228,-0.441490501056332,3.141592653589793,3.853018354926274
105,458.9172061163244,0,171.8905139122372,171.8905139122372,-0.6675089849079343,-0.8827076566970479,3.141592653589793,3.148954567698486
106,342.5954291490559,0,43.01643888641736,43.01643888641736,-1.829291383331741,-0.9520895979419988,3.141592653589793,3.26176139123945
107,345.511656147126,0,85.61404766429305,85.61404766429305,-1.310375201808118,-1.265813578113425,3.141592653589793,3.141908677761922
108,317.3049397766609,0,7.986179761540748,7.986179761540748,1.515055598119104,0.8477096858175238,3.141592653589793,3.21169035988138
109,336.8490920468593,0,46.3943086472571,46.3943086472571,-0.2011144716709054,-0.9591598769810118,3.141592653589793,3.231754513820801
110,405.2483447425424,0,103.0978063439532,103.0978063439532,-1.098060799322369,-2.041069939341428,3.141592653589793,3.280071743003321
111,380.3076990947357,0,108.2266757560973,108.2266757560973,1.029713204620383,0.5571996665721178,3.141592653589793,3.176928303366043
112,371.4742177019444,0,104.3040272320883,104.3040272320883,-0.6944750138002991,-0.3303100619496809,3.141592653589793,3.162628734651875
113,342.8338498308709,0,81.96449101906731,81.96449101906731,-1.690923848043775,-1.540504488939884,3.141592653589793,3.145191629246552
114,392.1867103593653,0,77.95045597006155,77.95045597006155,1.59599120378579,0.4791677734613513,3.141592653589793,3.334201399977363
115,491.9631105065798,0,129.4707972360739,129.4707972360739,-0.734675954045153,0.6284683165680267,3.141592653589793,3.424582705030628
116,377.5951813687451,0,77.42788367132597,77.42788367132597,-0.6081515687858838,0.3558827085038637,3.141592653589793,3.28617809755937
117,731.0944115384706,0,256.9365536087707,256.9365536087707,1.350606171813876,0.02262809639368542,3.141592653589793,3.410737481819155
118,379.0286589584226,0,86.14820499728805,86.14820499728805,-1.328437841303538,-2.196125248206222,3.141592653589793,3.259215524813734
119,331.1262742377228,0,68.22466339439165,68.22466339439165,-0.01809669444937878,0.1759967238539793,3.141592653589793,3.147582668670998
120,353.1310012929573,0,79.84646091233499,79.84646091233499,0.5800613468503538,1.137270082002704,3.141592653589793,3.190624699901171
121,392.9016302683273,0,126.159649444049,126.159649444049,-1.858306078322266,-1.722782084360372,3.141592653589793,3.144514454415616
122,307.5420937953568,0,27.78521108576291,27.78521108576291,1.896193091250648,2.148897686944492,3.141592653589793,3.1517398391641
123,529.6670158577753,0,217.6143554147855,217.6143554147855,0.5943724488439757,0.467659760517981,3.141592653589793,3.144147023673059
124,377.249603983968,0,87.34490241011864,87.34490241011864,-1.380872556436647,-0.5539979601686493,3.141592653589793,3.248588308641573
125,346.8139902035222,0,78.82361814897423,78.82361814897423,1.213668613255694,0.7822603251919156,3.141592653589793,3.171075135044813
126,372.9761226462579,0,98.97728987227673,98.97728987227673,1.599209582051153,1.05171405243407,3.141592653589793,3.188942733264435
127,735.6243045897234,0,208.4726824200598,208.4726824200598,3.028791751206567,1.230653243787627,3.141592653589793,3.619793708618237
128,386.6503862540704,0,119.4165470015126,119.4165470015126,-0.8686014655453929,-0.6107705664329582,3.141592653589793,3.152155004695436
129,317.8820015412405,0,35.59583926576399,35.59583926576399,-1.373653043922175,-0.8771331471362072,3.141592653589793,3.180587431433651
130,429.90876602208,0,146.9237451895762,146.9237451895762,1.532194524772158,1.967208046667826,3.141592653589793,3.171567619541073
131,367.6898224378351,0,35.67542700029611,35.67542700029611,0.9089692664989125,2.130453369674379,3.141592653589793,3.370701383302848
132,348.9481965522261,0,89.04224049060642,89.04224049060642,2.580826346610717,2.621667369471874,3.141592653589793,3.141858111092495
133,429.7748272269845,0,149.7589168147009,149.7589168147009,2.148349396302025,1.816425081766552,3.141592653589793,3.159078687160103
134,395.0544175010764,0,125.0464611070682,125.0464611070682,-1.231294300446007,-0.9285770245921651,3.141592653589793,3.156143556651016
135,301.670105445213,0,14.94152182088898,14.94152182088898,-0.8007581131463334,-0.7306116421420504,3.141592653589793,3.142375682263932
136,395.5109614181205,0,117.1159148642215,117.1159148642215,2.110012276276054,1.55219265647778,3.141592653589793,3.190731441115226
137,620.4128441311952,0,211.5859154079126,211.5859154079126,1.184446687336517,-0.0482640188190635,3.141592653589793,3.374785931901451
138,313.7460714630398,0,22.09227159927187,22.09227159927187,-1.391969206684735,-0.866915314934549,3.141592653589793,3.185166556136645
139,492.9328020170278,0,166.6666655877105,166.6666655877105,0.2465535392053639,1.130113211782637,3.141592653589793,3.263476994877429
140,444.2355790845751,0,114.3908267826221,114.3908267826221,0.09642398164904564,1.270993716583316,3.141592653589793,3.353985459615608
141,396.2026591532828,0,59.57384745621368,59.57384745621368,1.726419084562579,0.4019328819862754,3.141592653589793,3.409379430615542
142,357.7765372903866,0,6.145947902013944,6.145947902013944,-0.3439742507956239,-1.563041085989245,3.141592653589793,3.369826160168852
143,319.3401619238296,0,9.844777512046154,9.844777512046154,2.159390603013191,2.861091470110172,3.141592653589793,3.219004272748642
144,346.712256001156,0,66.63443538472642,66.63443538472642,0.2158443913939111,0.8831658556182501,3.141592653589793,3.211685279989911
145,367.7033734979277,0,52.50344302783436,52.50344302783436,-0.5581540469056357,0.5479043737446334,3.141592653589793,3.330610999648672
146,433.979559082924,0,153.389298280061,153.389298280061,0.2366668538481661,0.5384961919060868,3.141592653589793,3.156058515047184
147,386.4300087495237,0,119.7446165071385,119.7446165071385,1.64380101474127,1.874716459883512,3.141592653589793,3.150067672907139
148,422.5805897133208,0,144.0312281380307,144.0312281380307,-0.6651358582004409,-1.022897889360107,3.141592653589793,3.16189785920242
149,334.1206709693562,0,38.27586597091483,38.27586597091483,0.3400715661110786,1.130682845796061,3.141592653589793,3.239547900040141
150,478.1676029099525,0,156.0607352389399,156.0607352389399,-0.3775967788159192,-1.284218867187518,3.141592653589793,3.269796325799611
151,410.2326170729522,0,89.27742469863,89.27742469863,0.2661819354636166,-0.9006250305735618,3.141592653589793,3.351274816705166
152,415.9551052211794,0,128.4822066363234,128.4822066363234,-1.651541583188202,-1.003039161615244,3.141592653589793,3.207827893119478
153,349.9905192522422,0,85.36910554091881,85.36910554091881,-0.7458188820528703,-1.079216585926412,3.141592653589793,3.159233835922486
154,333.9547782264895,0,72.79446123831703,72.79446123831703,-1.332367347326446,-1.441211131399353,3.141592653589793,3.143477591843255
155,307.5624698657729,0,31.29181764993798,31.29181764993798,-0.5509680760724156,-0.3812453777852993,3.141592653589793,3.146173897832606
156,460.8145785629648,0,174.5661906327865,174.5661906327865,1.813446737097286,1.720633467521204,3.141592653589793,3.142963363467471
157,463.3797455020493,0,155.3617648269209,155.3617648269209,-1.294444379196533,-2.053315983393082,3.141592653589793,3.23194840811935
158,430.5051044864973,0,84.98761153095489,84.98761153095489,-1.967086810861188,-0.5846897954329736,3.141592653589793,3.432291641069301
159,643.5031464672793,0,278.1010758714075,278.1010758714075,-0.6002817582843096,-0.2184308105421322,3.141592653589793,3.164713975603633
160,431.9338234387873,0,65.47442380380907,65.47442380380907,-1.39300174669621,0.1660955475266001,3.141592653589793,3.507191009047304
161,430.3607024102351,0,70.95242649908397,70.95242649908397,2.55159557664441,1.046508360265537,3.141592653589793,3.483517178082586
162,560.3485645730138,0,210.2047038971838,210.2047038971838,-0.8235253177254646,-0.004860186236376613,3.141592653589793,3.246508431931974
163,382.9834784078228,0,118.2121696209833,118.2121696209833,-0.3686321627524555,-0.2225374901498797,3.141592653589793,3.14498776697974
164,349.9210566001277,0,87.31903100950504,87.31903100950504,1.67299866236224,1.419496814963096,3.141592653589793,3.151803862508601
165,373.5224113158019,0,111.2134250820538,111.2134250820538,0.2420519482980428,0.2060146449090846,3.141592653589793,3.141799339283924
166,391.4282314600117,0,122.5588636763553,122.5588636763553,-1.129427909640076,-1.41741306508713,3.141592653589793,3.154764626853677
167,443.4222351003354,0,153.3067876165207,153.3067876165207,2.075887719420807,2.593670936800828,3.141592653589793,3.183976108781246
168,315.0845775885996,0,46.8991214479346,46.8991214479346,-0.559263926261565,-0.6985818016041594,3.141592653589793,3.144680249481548
169,302.7964521918689,0,20.41366835501402,20.41366835501402,0.8101557880870491,0.8388120297824311,3.141592653589793,3.141723345757462
170,484.1488301566477,0,189.9800122097137,189.9800122097137,1.556299374120862,1.579102969106691,3.141592653589793,3.141675413697862
171,333.9383151057719,0,72.51003056427051,72.51003056427051,-0.623360949775688,-0.4914116779739447,3.141592653589793,3.144362417314259
172,334.8909191880715,0,61.3972365632608,61.3972365632608,0.359481489980634,-0.1537722243877656,3.141592653589793,3.18324265119741
173,443.094495437873,0,155.854575308187,155.854575308187,-0.0268565099798373,0.4123047407571281,3.141592653589793,3.172139184405094
174,423.8384757248497,0,119.5872127414015,119.5872127414015,-0.5702122533282776,0.3371424688073268,3.141592653589793,3.269999540194331
175,505.0108167333516,0,125.3166268787954,125.3166268787954,1.916497289682851,0.4233872911912299,3.141592653589793,3.478359077019653
176,314.4806961697154,0,42.01843876611699,42.01843876611699,-0.7718663060220473,-1.046068613678515,3.141592653589793,3.153536317630334
177,373.0913181694755,0,107.5179437766644,107.5179437766644,0.09405073624733659,-0.199526266868943,3.141592653589793,3.155279996743252
178,378.4631000854014,0,81.54350884262091,81.54350884262091,0.7621899827433433,1.685026956738917,3.141592653589793,3.274329317839405
179,437.4380389706858,0,147.8505024357446,147.8505024357446,-0.1692042960214238,-0.7221671981506311,3.141592653589793,3.189885949719913
180,505.3241050406305,0,143.5384584195377,143.5384584195377,1.046503229690923,-0.2482909216895374,3.141592653589793,3.397954722408526
181,445.0331709400903,0,162.9138595758233,162.9138595758233,0.09411876515505516,-0.1019239009041072,3.141592653589793,3.147703468880914
182,714.9431153259891,0,273.2814604289773,273.2814604289773,-0.357469082922349,0.7130068535817411,3.141592653589793,3.318964165477486
183,455.0241077821919,0,171.037069469412,171.037069469412,-0.09741027141474216,-0.1223616871086237,3.141592653589793,3.14169173762075
184,360.3647370802273,0,86.52040659168431,86.52040659168431,0.2272313066362269,-0.3402836428585536,3.141592653589793,3.192440699369281
185,370.6553911757888,0,108.6914047784689,108.6914047784689,-0.2398831322202072,-0.3014561961832594,3.141592653589793,3.142195990592432
186,368.5084829941126,0,86.13251016110665,86.13251016110665,0.8898068542972223,0.1712660502462829,3.141592653589793,3.222717066106723
187,322.5266292729867,0,44.85162695085445,44.85162695085445,1.266518270136909,1.755428743435044,3.141592653589793,3.179408412266339
188,356.7014027612989,0,92.12603617115556,92.12603617115556,0.807951677298142,0.4836779571926149,3.141592653589793,3.15828400348044
189,428.9810246440051,0,153.2270667114035,153.2270667114035,-0.6410227117866389,-0.6900597590863906,3.141592653589793,3.141975339352178
190,331.9981169147381,0,70.34183043481747,70.34183043481747,1.422626830806266,1.297420036161018,3.141592653589793,3.144086694497258
191,500.4240883888394,0,143.8885167650268,143.8885167650268,0.596068089888628,-0.6599924038658528,3.141592653589793,3.383384749782399
192,364.1059081684141,0,98.8374802392113,98.8374802392113,-1.402728100752896,-1.07496602409464,3.141592653589793,3.158644073013718
193,320.6646922496234,0,12.22428954960755,12.22428954960755,-1.376118506429812,-0.6569479765516113,3.141592653589793,3.222857528984899
194,351.278401211414,0,83.04884135199134,83.04884135199134,-1.069598118191241,-1.510509822140213,3.141592653589793,3.172381996508073
195,431.1520557318743,0,150.2243450098112,150.2243450098112,-0.9550475491952818,-0.6036421792274724,3.141592653589793,3.161184925804179
196,367.9482183190096,0,77.55332195250735,77.55332195250735,-0.6833775391305559,-1.523317083022466,3.141592653589793,3.251938320214993
197,381.4516431789182,0,117.5887920620003,117.5887920620003,-0.7992700998478066,-0.8728679659136466,3.141592653589793,3.142454621307809
198,345.2920011101913,0,64.71337970819793,64.71337970819793,0.7295414645489279,0.05849820938880573,3.141592653589793,3.212460653671147
199,329.1189586114195,0,19.27698817637845,19.27698817637845,1.222837398934027,0.3892904140924145,3.141592653589793,3.250293060175944
200,379.2892297657157,0,111.2522730415681,111.2522730415681,0.9574524365423079,0.6060181168421345,3.141592653589793,3.161188144061103
201,466.5121045929254,0,130.2014408853209,130.2014408853209,0.8058984097292514,1.970383340546474,3.141592653589793,3.350467065229824
202,394.7976400835228,0,81.12101290243169,81.12101290243169,-0.4356270157374855,-1.544089019106879,3.141592653589793,3.33140997387038
203,330.310561189143,0,58.84116898746287,58.84116898746287,-1.7974186090493,-2.243646076625652,3.141592653589793,3.173125171484567
204,375.7905142306814,0,79.13142751676351,79.13142751676351,-0.3456710154768741,-1.2666777632309,3.141592653589793,3.273813957832333
205,332.9532534271435,0,72.20480183961958,72.20480183961958,0.5156129741922572,0.5040034054877726,3.141592653589793,3.141614104751706
206,507.2999838389449,0,173.9274721446985,173.9274721446985,-0.4460724555428266,0.4599862799982232,3.141592653589793,3.269640168786101
207,534.7186768903561,0,219.0330490653627,219.0330490653627,-0.7254259196563129,-0.4870935027609346,3.141592653589793,3.1506200567559
208,345.6150446961686,0,83.36087486592842,83.36087486592842,-0.1029910032556045,-0.3394038393921051,3.141592653589793,3.150475429229604
209,354.6506898084915,0,94.2429954952093,94.2429954952093,0.5628595244844261,0.4736088510056419,3.141592653589793,3.142860175668936
210,391.6994651000088,0,74.24426597079184,74.24426597079184,1.02150480032727,2.172338396895769,3.141592653589793,3.345746907355687
211,332.8463578878078,0,66.86434287220497,66.86434287220497,-2.021254635419157,-2.347896955311122,3.141592653589793,3.158528075897657
212,398.7171877964012,0,121.5707574442399,121.5707574442399,0.4773500396270847,-0.03136883628835391,3.141592653589793,3.182514618317098
213,515.8409866445968,0,103.1734997873833,103.1734997873833,1.037365174352969,-0.7303490512540228,3.141592653589793,3.604777106077806
214,464.3834102101396,0,45.92142933947773,45.92142933947773,1.143520316750692,-0.7453616030662895,3.141592653589793,3.665716752301089
215,521.0482580003003,0,180.9849219716889,180.9849219716889,1.171117945507796,0.2484852166661688,3.141592653589793,3.274271759249544
216,467.0666510527615,0,153.0903069015454,153.0903069015454,0.58642642400491,1.426894297817767,3.141592653589793,3.252074822017609
217,361.7134825656436,0,59.6549738822761,59.6549738822761,-0.3537093640584876,-1.325395268450382,3.141592653589793,3.288430917304369
218,487.1011147369609,0,108.3245564547481,108.3245564547481,0.1165478929018751,1.668101347141126,3.141592653589793,3.50384396377052
219,427.6147537340028,0,111.6468007838863,111.6468007838863,-2.133251567350268,-1.074507567949523,3.141592653589793,3.315198826217885
220,348.2906838764532,0,83.76533753152032,83.76533753152032,-1.276857382783553,-0.9470472025154726,3.141592653589793,3.158857254783416
221,400.3402096903498,0,101.9427362603103,101.9427362603103,-2.014865886925484,-1.11172503116117,3.141592653589793,3.268832789611615
222,427.448238152135,0,112.4573485343744,112.4573485343744,0.1448147429006335,1.191205986198536,3.141592653589793,3.311274533339072
223,397.3341218657526,0,126.8417492836055,126.8417492836055,-3.013102896248221,-3.313951255953112,3.141592653589793,3.155964850347114
224,357.0680819980475,0,84.84824644870743,84.84824644870743,0.1694555258388887,-0.3654049404561657,3.141592653589793,3.186797784531476
225,363.9067114196471,0,68.3829872178753,68.3829872178753,0.2362257186575108,1.13951333960745,3.141592653589793,3.268873342185463
226,372.8269240240172,0,73.45058802403157,73.45058802403157,1.111427638720641,2.066196368879293,3.141592653589793,3.283471901688535
227,359.8210510778187,0,42.73199879241064,42.73199879241064,-0.3081802947798078,0.7862960350756204,3.141592653589793,3.326782655615357
228,409.763284759478,0,139.4013331124144,139.4013331124144,1.436696109394136,1.37210164438298,3.141592653589793,3.142256648652276
229,467.33658395498,0,155.2023885853189,155.2023885853189,-0.5804912478250815,-1.387842247088251,3.141592653589793,3.243673848755543
230,314.6200489999214,0,32.3549113592281,32.3549113592281,1.193285128958775,1.640959261873334,3.141592653589793,3.173328935104295
231,478.4884245158875,0,144.9346034306237,144.9346034306237,-1.474095755118425,-0.4024931386445592,3.141592653589793,3.319327728429809
232,334.4348634476251,0,73.4326089446417,73.4326089446417,-0.9398305980517146,-0.84016588151219,3.141592653589793,3.143173150943527
233,423.8281424244611,0,130.0654810536059,130.0654810536059,-0.1674922706615132,-0.8976085297249385,3.141592653589793,3.225317682467594
234,463.2980006797038,0,121.0460228750283,121.0460228750283,-0.1168558808744471,1.133335503215884,3.141592653589793,3.381210271181468
235,338.2396056715296,0,49.76857610678574,49.76857610678574,-2.342792226207279,-3.087360527474537,3.141592653589793,3.228619884151953
236,401.0447058760774,0,132.1780215600625,132.1780215600625,-0.1642444344958908,-0.3184797501945859,3.141592653589793,3.145376437518733
237,448.5066219913482,0,165.0172796414622,165.0172796414622,-0.4389274432648861,-0.2273091106809461,3.141592653589793,3.148711914382604
238,505.0792430241025,0,190.9423523298253,190.9423523298253,1.293345717466169,0.729173834156756,3.141592653589793,3.191848103373067
239,318.1073966506498,0,10.01541308764401,10.01541308764401,0.02457627575283019,-0.6533620484705578,3.141592653589793,3.213908021792188
240,414.2149763585011,0,105.2323736257686,105.2323736257686,-0.4500014711034391,0.560219929823326,3.141592653589793,3.300022981735096
241,501.498124088939,0,129.7487377653045,129.7487377653045,0.2244870512782752,1.648333233190262,3.141592653589793,3.449194449554084
242,410.8684350375018,0,16.97971143411575,16.97971143411575,1.916749014644682,0.2649876472229358,3.141592653589793,3.549354873212358
243,443.4457932101925,0,162.0224186075921,162.0224186075921,0.9121505077599961,1.095257625310316,3.141592653589793,3.146924310749616
244,383.8986778918409,0,57.00665009566482,57.00665009566482,0.4382074366884607,-0.7949687019983512,3.141592653589793,3.374955968618831
245,399.4498129682202,0,131.5468750227833,131.5468750227833,1.322738745817464,1.230101763137037,3.141592653589793,3.142958162567471
246,401.4522530710606,0,112.0609162285146,112.0609162285146,1.519246037787565,0.7645543366066352,3.141592653589793,3.230969508509903
247,484.0237553043005,0,189.8299332702362,189.8299332702362,-0.1093075660275832,-0.1577484736527307,3.141592653589793,3.141966091895472
248,508.7696074894809,0,157.9943383005982,157.9943383005982,-0.1163326773516171,-1.258876545949211,3.141592653589793,3.342904559325515
249,364.7669852927465,0,101.8257695190188,101.8257695190188,-1.002634417361832,-1.221516418363688,3.141592653589793,3.149208429344101
250,463.575213559101,0,57.15008838232395,57.15008838232395,0.6943897640088539,-1.126707522235688,3.141592653589793,3.631253189610522
251,386.4224006477185,0,101.5512131357827,101.5512131357827,-1.123025799913832,-0.3969525265277095,3.141592653589793,3.224404875231242
252,380.7607452451599,0,52.56186047887684,52.56186047887684,0.1059201046583221,-1.1321312210601,3.141592653589793,3.3767403640497
253,513.0611158442443,0,193.409103745378,193.409103745378,-0.6541227048108631,-0.03630160083197809,3.141592653589793,3.201766280916058
254,475.6623221901075,0,106.5475176697489,106.5475176697489,1.327344661664964,-0.1676513174575301,3.141592653589793,3.479169064400548
255,342.3818045700302,0,53.63786156280934,53.63786156280934,-1.824922293995189,-1.056947456706938,3.141592653589793,3.234097981168362
256,429.1439044264764,0,149.3579707844616,149.3579707844616,-0.4771194897961198,-0.8074269850804432,3.141592653589793,3.158909217203046
257,320.8906016976849,0,40.01568739054532,40.01568739054532,0.8525936469361545,0.3364012698225505,3.141592653589793,3.183717790772221
258,411.9383178630937,0,106.4081369214764,106.4081369214764,-1.450484297781071,-0.4804345105416917,3.141592653589793,3.287947838821736
259,369.3678113196785,0,77.81352685837031,77.81352685837031,-0.78721810431485,0.06842498556075086,3.141592653589793,3.256029713983155
260,328.5963979426156,0,10.36327335894505,10.36327335894505,-1.606164422642741,-0.7514447340088999,3.141592653589793,3.25578717781548
261,362.1652024154881,0,60.53850739360549,60.53850739360549,-1.069324533394464,-2.037521376881132,3.141592653589793,3.28740163789381
262,308.6668597302084,0,29.53282593053688,29.53282593053688,2.01877236727606,1.743174587201746,3.141592653589793,3.153657961395187
263,689.6459722764561,0,286.3950270258446,286.3950270258446,-1.511791312042008,-2.237605990582192,3.141592653589793,3.224346654544723
264,307.5961085454551,0,3.581537635482965,3.581537635482965,-0.4373909776944245,0.00914685774023149,3.141592653589793,3.173168832502303
265,432.2056193602374,0,82.89933402457646,82.89933402457646,-1.134149882929736,0.2809480294953856,3.141592653589793,3.445592329751053
266,351.6931964922095,0,91.73590939509913,91.73590939509913,0.3996286940599941,0.3705204809440668,3.141592653589793,3.141727500780448
267,666.5098220679716,0,233.0309080810248,233.0309080810248,1.696917778757891,0.4446702600764398,3.141592653589793,3.381971059771684
268,553.0715062965274,0,231.1409544457253,231.1409544457253,0.5688263750382593,0.3994453875749495,3.141592653589793,3.146155482490241
269,334.9582298425206,0,74.46973574986842,74.46973574986842,-1.709115584324039,-1.686734094522346,3.141592653589793,3.141672378236645
270,361.8526007912051,0,100.1738807279302,100.1738807279302,1.451561426028987,1.295100466219607,3.141592653589793,3.14548635874229
271,390.1235206086122,0,87.10236619851507,87.10236619851507,0.9606366005048875,-0.02753376686866997,3.141592653589793,3.293339502092754
272,468.5974828571045,0,102.0126966438505,102.0126966438505,-1.441548147760347,0.05093405824152999,3.141592653589793,3.478089638914096
273,438.6324407504196,0,49.27709768892624,49.27709768892624,1.685260334590484,-0.02628395630432137,3.141592653589793,3.577567366351605
274,346.2022127331815,0,77.93840626500254,77.93840626500254,1.527235107523942,1.089685644099473,3.141592653589793,3.171916444995423
275,411.4746919596126,0,81.97664823846409,81.97664823846409,-0.2412236229149322,1.014216731543526,3.141592653589793,3.383154575938282
276,474.1545781961049,0,99.03629318476824,99.03629318476824,-2.422765907013388,-0.8650265605319396,3.141592653589793,3.506587553828623
277,345.9348389405715,0,72.31596922033026,72.31596922033026,-0.9554533826249677,-0.4007747969885978,3.141592653589793,3.190183808882009
278,471.3708793757428,0,180.8819080126652,180.8819080126652,-0.06105359104268572,-0.2153637275255454,3.141592653589793,3.145380107286036
279,360.9135570314576,0,99.95802756659145,99.95802756659145,1.103965912411681,1.009174920477389,3.141592653589793,3.143022388281898
280,398.5849533672797,0,98.7857655817471,98.7857655817471,1.707037504091568,0.7789933950889238,3.141592653589793,3.275800706597376
281,425.829803349084,0,143.9173729394929,143.9173729394929,1.998185123763893,2.437686998334903,3.141592653589793,3.172186359412194
282,327.1402942471441,0,64.74349235885252,64.74349235885252,0.8377164073662356,0.9352075201276197,3.141592653589793,3.143104980454329
283,371.2198699618198,0,40.86538430191602,40.86538430191602,-2.069898164822265,-0.8437617719507242,3.141592653589793,3.372390080493861
284,371.0038914906818,0,64.74671545037289,64.74671545037289,0.2995810619052433,-0.7298653893535533,3.141592653589793,3.305958922476002
285,338.5074312153333,0,59.07660735355659,59.07660735355659,-1.922618281813643,-2.551642524784015,3.141592653589793,3.203946925174293
286,372.4394017303983,0,109.3586950996899,109.3586950996899,0.708462116535698,0.5493886965004228,3.141592653589793,3.145617388375623
287,621.6658221662067,0,268.3081666245145,268.3081666245145,0.05759310780252203,-0.2414199337161943,3.141592653589793,3.155790423980597
288,335.4506806636548,0,63.27411944377334,63.27411944377334,-0.2592256786804573,0.2315447126456653,3.141592653589793,3.179694950477444
289,343.7030368165811,0,41.14045302555246,41.14045302555246,-0.7428430640624292,-1.650985321196175,3.141592653589793,3.270218151787634
290,593.6735092060509,0,242.8327520788247,242.8327520788247,-1.844102873954129,-2.407776695322624,3.141592653589793,3.191760106584691
291,330.9546856482213,0,65.50313102350798,65.50313102350798,-2.151133887343527,-1.854892619461063,3.141592653589793,3.155529003176166
292,400.1257073052394,0,128.313407534809,128.313407534809,-0.8906919693435779,-1.219214328845531,3.141592653589793,3.15872305556883
293,411.6354905837682,0,108.9103622370702,108.9103622370702,0.6416592050897113,-0.2893457245412092,3.141592653589793,3.276640746265363
294,415.3078905709625,0,35.13324450486852,35.13324450486852,1.654280013780592,0.03096085286561656,3.141592653589793,3.536208350660783
295,412.4417878270415,0,112.6122224662298,112.6122224662298,-0.2402461097176176,-1.124977949333851,3.141592653589793,3.263794544563135
296,323.2929339699581,0,58.88903831401594,58.88903831401594,-1.399171237341679,-1.241531727572125,3.141592653589793,3.145545201730495
297,455.8005964868173,0,163.9740192228146,163.9740192228146,1.529120123769028,1.078394230305843,3.141592653589793,3.173760897126238
298,321.0212948060414,0,56.60821816149397,56.60821816149397,2.137718847159908,2.233645113258498,3.141592653589793,3.143056832069215
299,345.7617899779338,0,82.02618763036284,82.02618763036284,0.2409478733436047,0.540256009505668,3.141592653589793,3.155818398048621
300,537.8372686203425,0,165.5122171665542,165.5122171665542,-0.279680357953896,0.9767833417546791,3.141592653589793,3.383534458192309
301,391.1665809821784,0,125.3796072726453,125.3796072726453,-0.6342290045164124,-0.6927903313411471,3.141592653589793,3.142138416761557
302,459.0685370777002,0,79.98896660491758,79.98896660491758,-0.5660955929612002,-2.19463116852921,3.141592653589793,3.538606013952385
303,376.4727372331456,0,92.49184956392205,92.49184956392205,-1.248385198547192,-0.5140429460117438,3.141592653589793,3.226276947961566
304,381.7388736480412,0,115.1303220313692,115.1303220313692,-1.458645913004378,-1.732818516489884,3.141592653589793,3.15353373496961
305,315.5835109726518,0,32.58846829610855,32.58846829610855,-0.9547758577964907,-0.4828841822792568,3.141592653589793,3.176835871509861
306,312.7690976776744,0,42.0581197220354,42.0581197220354,1.396340817035416,1.220892395538484,3.141592653589793,3.146487970689722
307,385.8977592874888,0,26.49006971712774,26.49006971712774,0.4272463987708573,-1.002843629424434,3.141592653589793,3.451776628032724
308,317.3210431487036,0,36.58290878983413,36.58290878983413,-0.9026601396929699,-1.371620809188251,3.141592653589793,3.176401818193476
309,496.4260600993673,0,196.9359596792615,196.9359596792615,0.1731930208725038,0.3189197600622551,3.141592653589793,3.144970696779898
310,456.4314750861513,0,145.2982808760188,145.2982808760188,1.343958271491024,0.4888147404491497,3.141592653589793,3.255898471969315
311,418.6216990655929,0,115.6499070763444,115.6499070763444,-0.9140752460614737,-0.005026765835231419,3.141592653589793,3.270469926553521
312,383.3740683811509,0,116.2327070234077,116.2327070234077,-0.5983458683809506,-0.8829004297781263,3.141592653589793,3.154453312303306
313,421.0864320819315,0,136.8577472293166,136.8577472293166,2.199815174234638,1.658192883171553,3.141592653589793,3.187939633566762
314,320.1165582961954,0,42.94593807809573,42.94593807809573,1.221910776485256,0.7682320494117799,3.141592653589793,3.174181593495931
315,414.3612059917378,0,111.5481612923481,111.5481612923481,1.308489809950249,2.231218828794811,3.141592653589793,3.274298893397976
316,460.3995111166253,0,59.67898784955507,59.67898784955507,1.226507492316627,-0.5595215464694319,3.141592653589793,3.613793592400708
317,464.8140075200366,0,176.2617248006863,176.2617248006863,-0.276398651210541,-0.09439952718977623,3.141592653589793,3.146860035373941
318,371.6546020365526,0,94.22366964842057,94.22366964842057,0.2855097962001557,-0.3383761177825046,3.141592653589793,3.20294209044674
319,337.2408572789661,0,70.67389543186992,70.67389543186992,0.7731974321271067,0.4058488102661646,3.141592653589793,3.162996903424423
320,426.3366311808682,0,65.56009175236086,65.56009175236086,2.857430692529805,1.339330932692466,3.141592653589793,3.489159108138742
321,423.0030578404317,0,81.90037333233697,81.90037333233697,-2.81430789539771,-1.46166642855934,3.141592653589793,3.420415667561476
322,341.5252431455741,0,79.85570254967753,79.85570254967753,-1.904817752257238,-2.102466799988326,3.141592653589793,3.147803924509652
323,384.2591678609656,0,118.650177857177,118.650177857177,-0.1862288684913613,-0.3775977367246328,3.141592653589793,3.147415836018215
324,464.2464138726434,0,105.4359814827539,105.4359814827539,0.31622350081891,-1.112054547912317,3.141592653589793,3.451026309024149
325,340.3163038979482,0,79.95629452549927,79.95629452549927,1.92495369768814,2.016657865026099,3.141592653589793,3.142930806651096
326,387.4211059622837,0,88.7496557961351,88.7496557961351,1.885382108533364,2.821012734063624,3.141592653589793,3.277958063874445
327,365.8537382425158,0,83.50213915580561,83.50213915580561,1.157449005295274,0.4372676153150276,3.141592653589793,3.223083249865451
328,360.8604034429226,0,99.71076832416782,99.71076832416782,-0.9546007332646984,-1.072474448009025,3.141592653589793,3.14380320849079
329,358.5026127224866,0,98.02886233896126,98.02886233896126,0.7192329725749838,0.7708266564198193,3.141592653589793,3.142016280877939
330,398.1809411605207,0,128.729772492468,128.729772492468,1.522021514515969,1.281952267452216,3.141592653589793,3.15075191731674
331,348.3449774611943,0,68.0935742712837,68.0935742712837,0.3147745208686618,-0.3591218444570454,3.141592653589793,3.213057844528878
332,338.4596163090395,0,78.34181644342486,78.34181644342486,0.9855195983200713,0.9989311122782405,3.141592653589793,3.141621280453137
333,426.2499868866914,0,118.7469853871368,118.7469853871368,-0.8800951980644577,0.06608234452987145,3.141592653589793,3.280984051043101
334,363.9043565905013,0,77.63941817364582,77.63941817364582,-0.7677995188462082,-1.549029018171602,3.141592653589793,3.237271062439097
335,364.0858130060213,0,81.95025396693399,81.95025396693399,1.514210340495979,0.796750165223332,3.141592653589793,3.222476300020159
336,311.0229318438671,0,15.77632400909081,15.77632400909081,0.355760670651775,-0.1414044935371211,3.141592653589793,3.180688227659594
337,417.3877426721389,0,124.5957189797643,124.5957189797643,1.525763493216216,2.271045079745028,3.141592653589793,3.228784453057878
338,659.0823430464985,0,278.8282453150803,278.8282453150803,-1.492404358943622,-2.061970248451804,3.141592653589793,3.192805929520397
339,476.3015221820249,0,149.7272718740972,149.7272718740972,-2.425360599746492,-1.440652906724972,3.141592653589793,3.292302179597906
340,393.2561294394925,0,91.46652022764285,91.46652022764285,0.6497963158102436,-0.3172459769133054,3.141592653589793,3.287061787828969
341,337.0011539897573,0,72.64701320310107,72.64701320310107,0.7746041766763387,1.07107371029122,3.141592653589793,3.15555044096132
342,410.4021197192065,0,133.8574801021036,133.8574801021036,-1.100555791640095,-0.6944292931817149,3.141592653589793,3.167734700671668
343,447.9412358111534,0,93.93890575613747,93.93890575613747,-0.8074153316640869,0.619421350787227,3.141592653589793,3.450430019501632
344,425.7917541150473,0,116.913387096943,116.913387096943,0.8851005492662717,1.853127997270758,3.141592653589793,3.287351751969879
345,469.4640930184373,0,94.05360859439567,94.05360859439567,2.044381380632223,0.4708267630141175,3.141592653589793,3.513641776806028
346,423.4381982007178,0,132.8723489632891,132.8723489632891,1.466148684500368,2.135623236717119,3.141592653589793,3.212133337387347
347,346.0146376639871,0,71.16666174504249,71.16666174504249,-0.5693069531374063,-1.147282588610767,3.141592653589793,3.194316865354812
348,360.2007798169894,0,59.28129336725089,59.28129336725089,0.3085835093102461,-0.6482015358643763,3.141592653589793,3.284058772884426
349,317.3809600236411,0,49.73654272591936,49.73654272591936,-0.3785322848996553,-0.1958483550853738,3.141592653589793,3.146899715482168
350,375.8866357110368,0,38.9058815148789,38.9058815148789,-0.5336297511203554,-1.816363701103025,3.141592653589793,3.393377489688923
351,324.0618623679419,0,44.38190189292005,44.38190189292005,-0.741153427167127,-0.2074460764980259,3.141592653589793,3.186604452587046
352,332.1478537828345,0,59.29327050386041,59.29327050386041,-0.06665511564984135,-0.5523782534984298,3.141592653589793,3.178919842923196
353,370.8108141606739,0,37.00978907782596,37.00978907782596,-1.50977768229427,-0.2649073346183337,3.141592653589793,3.379246452038112
354,457.3893782827075,0,163.9050853057523,163.9050853057523,-2.185420560226766,-2.668493582998382,3.141592653589793,3.178515997508753
355,439.3413240755071,0,46.34926297189715,46.34926297189715,1.596723674115719,-0.1356664364202015,3.141592653589793,3.587586918274178
356,526.3489939522477,0,192.5398142957538,192.5398142957538,1.909105214101141,2.695295108266983,3.141592653589793,3.238471699857489
357,364.1821413201951,0,71.50032593248582,71.50032593248582,-0.9499692607251751,-1.8186381074956,3.141592653589793,3.259476946756767
358,361.6778971026757,0,36.78518702523078,36.78518702523078,0.2214522506516425,-0.9317719507992681,3.141592653589793,3.346569954431171
359,723.844461592023,0,243.495863796184,243.495863796184,0.5534305042796974,1.980385020684561,3.141592653589793,3.450478748373563
360,438.9660880522085,0,125.0145945032511,125.0145945032511,-0.2925945373292367,-1.278661889529331,3.141592653589793,3.292709101054064
361,401.463987032937,0,125.695357435178,125.695357435178,-1.555185165031467,-2.007665372794017,3.141592653589793,3.174010513452373
362,360.8753688122678,0,56.35120483134466,56.35120483134466,0.4318989771272393,-0.5621373007555563,3.141592653589793,3.295104326548165
363,432.4414858095972,0,118.6477323002334,118.6477323002334,-0.3542242975683894,0.6569492496371313,3.141592653589793,3.300314582529604
364,394.6917598976843,0,73.00923928630354,73.00923928630354,-0.02710932820564731,-1.219198947517343,3.141592653589793,3.360161017207369
365,401.7611313617796,0,87.34985714370073,87.34985714370073,-1.654661472264694,-2.762169010108908,3.141592653589793,3.331092515597715
366,374.1876037376468,0,111.0154264396153,111.0154264396153,1.288729940009064,1.145198187259944,3.141592653589793,3.144869753286548
367,463.7252606161269,0,159.1961707886601,159.1961707886601,1.199204575210979,0.5096110835887617,3.141592653589793,3.216386728112321
368,402.4573040343279,0,105.6342690294247,105.6342690294247,-2.466336602586185,-1.593123986911651,3.141592653589793,3.260690827610389
369,311.4673031105459,0,33.80324503229868,33.80324503229868,1.277752702048464,0.9577848544799145,3.141592653589793,3.157844806916104
370,424.6989461582926,0,60.08001743815521,60.08001743815521,2.738046382948369,1.191512258230589,3.141592653589793,3.501624223129311
371,418.1797193072744,0,56.92718450232265,56.92718450232265,-0.8378821373818605,-2.358513476576397,3.141592653589793,3.490261318415847
372,343.4676305599003,0,80.84911524880289,80.84911524880289,-0.1840107192282854,0.06595093806006157,3.141592653589793,3.151521098010244
373,365.9091222236719,0,91.69373145415304,91.69373145415304,-0.8588848239115325,-1.427315549538198,3.141592653589793,3.19260362258233
374,330.3329035989065,0,35.44180228430316,35.44180228430316,2.030538208649162,2.782946682666117,3.141592653589793,3.230436953859629
375,523.6131161174499,0,199.1826682373509,199.1826682373509,-0.7960752822966063,-1.425739633303327,3.141592653589793,3.204072657730794
376,424.4277641844061,0,119.5687545052188,119.5687545052188,0.7029119720189927,-0.211242401058996,3.141592653589793,3.271892818982151
377,316.1953269498077,0,33.39017263698274,33.39017263698274,-1.532848010829381,-2.011730993224798,3.141592653589793,3.177881890806719
378,346.9656958532762,0,74.10061986360293,74.10061986360293,1.06172657353999,1.603588121493075,3.141592653589793,3.187980291381908
379,401.3916536493467,0,104.6194610536439,104.6194610536439,1.587715436150025,2.463496579464405,3.141592653589793,3.261379617903196
380,413.1575980267345,0,115.0044808536804,115.0044808536804,-1.706481950534362,-2.562181862533636,3.141592653589793,3.256044646574264
381,450.6150660209088,0,64.39841596418795,64.39841596418795,0.1744508285953412,-1.518619156476473,3.141592653589793,3.568765945735364
382,308.6255887553767,0,10.64682317447833,10.64682317447833,1.990417441714686,1.533848206803316,3.141592653589793,3.17459601640223
383,303.9209236856356,0,22.63544021952681,22.63544021952681,-1.083410967836626,-0.9658381011101055,3.141592653589793,3.143791942874027
384,355.6845048412119,0,82.45343518416993,82.45343518416993,-1.658854329994007,-1.102148841621618,3.141592653589793,3.190536851671408
385,521.113345094721,0,147.4532250258217,147.4532250258217,-0.4466031477059049,0.909299377328383,3.141592653589793,3.421706600292274
386,342.9506074052372,0,69.7357376962093,69.7357376962093,-0.2138998258929256,-0.7535116826405452,3.141592653589793,3.187598681928446
387,500.8350398385084,0,196.3679467087887,196.3679467087887,-0.9408231248293916,-0.613657269262774,3.141592653589793,3.158582260783783
388,337.5530988822582,0,68.24111279432491,68.24111279432491,-0.07575352216482993,0.3631004580861024,3.141592653589793,3.172096659477993
389,395.1197733863849,0,127.6203682018255,127.6203682018255,0.1953505525027563,0.0372280630363294,3.141592653589793,3.145569443322531
390,321.4338928054326,0,55.64772326734072,55.64772326734072,-2.082931631627664,-1.892294200188504,3.141592653589793,3.147371447947489
391,365.9181081766433,0,99.41738247304453,99.41738247304453,-0.002442512429277362,0.3624893327219423,3.141592653589793,3.162717131312067
392,399.8676052513044,0,124.6573846760342,124.6573846760342,2.241256542735425,1.79402280883639,3.141592653589793,3.173266836215737
393,395.412349825978,0,89.85570504510912,89.85570504510912,0.09930054355124412,1.110988677153642,3.141592653589793,3.300472281471435
394,333.1701509177285,0,24.31053057496095,24.31053057496095,1.225399568782304,2.096063210892071,3.141592653589793,3.260009137837071
395,381.3868743540023,0,70.31839078046738,70.31839078046738,-1.846296720572147,-2.932298538755212,3.141592653589793,3.324004264465719
396,401.5787472255925,0,129.7822442074515,129.7822442074515,-0.6258489916310005,-0.3126190191471793,3.141592653589793,3.157169209394957
397,411.2802389160134,0,79.71089337561847,79.71089337561847,0.0917826980766422,1.368062243630304,3.141592653589793,3.390942918936858
398,414.8636553475775,0,139.4781426625288,139.4781426625288,0.5840289814348592,0.9026474467589094,3.141592653589793,3.157708366447859
399,792.215935464424,0,336.2592506599009,336.2592506599009,-0.2017598525565822,-0.9756372253193769,3.141592653589793,3.235504688478075
400,391.987956281082,0,123.2415415309272,123.2415415309272,-1.305148271117996,-1.581689703087921,3.141592653589793,3.153740567117932
401,379.7849891932187,0,96.08022422081953,96.08022422081953,1.098272077494389,0.3754956734243295,3.141592653589793,3.223664084759733
402,357.2150389348288,0,92.97988566716411,92.97988566716411,-1.261812810476759,-1.572039103630525,3.141592653589793,3.15687262239915
403,354.6397191039468,0,54.00629799668916,54.00629799668916,-0.2617857179516027,0.6771485057794268,3.141592653589793,3.278902541641448
404,323.3789336401263,0,31.66083845742082,31.66083845742082,0.8072970685737123,1.465782284193428,3.141592653589793,3.209860928495049
405,355.8389813880829,0,95.207000818441,95.207000818441,1.414657624969729,1.521976788365179,3.141592653589793,3.143425170720827
406,319.4816195007509,0,54.65975391226986,54.65975391226986,0.4731366328512411,0.5410933540183408,3.141592653589793,3.142327563612861
407,357.9048467230365,0,95.74574986856398,95.74574986856398,-0.01326404582833748,0.1986097652901863,3.141592653589793,3.148729094877368
408,332.1922518135921,0,67.03906141600019,67.03906141600019,2.239178214006067,1.943653286434807,3.141592653589793,3.155461833694928
409,369.6826977364572,0,66.22914515710843,66.22914515710843,-0.7069645846695031,-1.705653846211202,3.141592653589793,3.296510980143713
410,350.1511683498653,0,82.03773574436578,82.03773574436578,-0.7504901782958263,-0.3129739920790888,3.141592653589793,3.171911854748016
411,451.6304350328842,0,166.8957164562916,166.8957164562916,-1.380234942843956,-1.155524998313666,3.141592653589793,3.149618859522556
412,388.1851957893217,0,121.9260568564886,121.9260568564886,0.7631578159519682,0.5824226452355411,3.141592653589793,3.146787187437888
413,409.5204869342411,0,128.903866925242,128.903866925242,-0.8850095485652085,-0.3551285102306541,3.141592653589793,3.185965837211043
414,469.2169753668991,0,177.2849163315433,177.2849163315433,0.7305599935757676,1.016668688366824,3.141592653589793,3.154593886116626
415,624.684351553629,0,181.534669354348,181.534669354348,1.017141240125535,-0.5576766562825427,3.141592653589793,3.514207706999762
416,343.9687761207219,0,17.84400748698736,17.84400748698736,1.703653922524864,2.744612715151756,3.141592653589793,3.30956184547692
417,366.3815925902225,0,96.55581104302483,96.55581104302483,1.181892981966741,0.7189335238027883,3.141592653589793,3.175521352627442
418,383.8795116294955,0,102.2940420457371,102.2940420457371,0.2741307887499739,0.9472291311529676,3.141592653589793,3.212890564528306
419,409.8621981212464,0,133.9966309909801,133.9966309909801,-1.623069891976284,-1.235083192146356,3.141592653589793,3.165460168811839
420,306.086711214535,0,13.05980869407538,13.05980869407538,0.9163558582952125,1.278559387938434,3.141592653589793,3.162403484373138
421,362.757297428143,0,30.62133828742368,30.62133828742368,1.357451652055314,0.1596813961051365,3.141592653589793,3.362180540531444
422,464.9236780279153,0,166.8335689931288,166.8335689931288,-0.5263370928961333,-1.062516157512489,3.141592653589793,3.187019358338168
423,472.6522479426388,0,181.6687011658831,181.6687011658831,0.3702353149358229,0.2123713670685984,3.141592653589793,3.145556457469104
424,377.246863112024,0,44.50859900546592,44.50859900546592,1.604839469222034,0.3435409843112932,3.141592653589793,3.385332815119879
425,439.4992432068845,0,137.0768419455959,137.0768419455959,0.131931334177904,0.9337548969559747,3.141592653589793,3.242302488497252
426,463.0158835914917,0,173.6985872645512,173.6985872645512,0.6619406500920562,0.9261740327187591,3.141592653589793,3.152685154211202
427,425.4532836057061,0,97.78282200940122,97.78282200940122,2.397135560021008,1.189085544953593,3.141592653589793,3.365856390280746
428,418.136384633291,0,143.2936991245379,143.2936991245379,0.6912357663776357,0.941332070146301,3.141592653589793,3.151531780301145
429,609.5199463203213,0,254.9410706203059,254.9410706203059,0.2308006969428086,0.7219595859440202,3.141592653589793,3.179754936364477
430,314.5836752612325,0,18.58670068949174,18.58670068949174,-0.5853439323504191,-0.01697031122556115,3.141592653589793,3.192593455841182
431,368.9346580987274,0,101.9365698155968,101.9365698155968,0.3853454958418941,0.7551098176494232,3.141592653589793,3.163278371369036
432,370.05895484361,0,94.57771722249961,94.57771722249961,0.6004911457900528,0.01312817322707395,3.141592653589793,3.19602873307287
433,317.0598303050106,0,50.98637288533481,50.98637288533481,0.7387231028492146,0.8102578788059877,3.141592653589793,3.142406979571638
434,311.5602408538361,0,41.71193694565387,41.71193694565387,0.4033220939404916,0.3358966338642172,3.141592653589793,3.142316119322793
435,377.6823571248197,0,114.2079477153501,114.2079477153501,0.4294507824500386,0.5443972033734634,3.141592653589793,3.143694813554977
436,317.8003314472871,0,50.7508027004951,50.7508027004951,-1.303377377076727,-1.137150098409858,3.141592653589793,3.145987270994965
437,392.8339482358501,0,71.81555185793852,71.81555185793852,0.9816453703800315,2.167723449721248,3.141592653589793,3.358032997363651
438,352.9149248886859,0,78.2534958762155,78.2534958762155,-1.669939425107933,-1.085610898637688,3.141592653589793,3.195472457702655
439,403.5947416680941,0,95.29388650845578,95.29388650845578,1.56271084603843,0.5328144160014998,3.141592653589793,3.306099069551935
440,339.9860718468836,0,51.21042654769589,51.21042654769589,-2.878927105147095,-2.121847781323301,3.141592653589793,3.231528044695087
441,337.8157257370526,0,24.38319966000156,24.38319966000156,-2.286501213969369,-1.350756630864165,3.141592653589793,3.277990592710737
442,330.0633227124981,0,68.23889566831807,68.23889566831807,-2.457248173431348,-2.349495592065621,3.141592653589793,3.143439997817731
443,363.085818605465,0,63.8091043784071,63.8091043784071,-1.177185790753194,-0.2322461579809125,3.141592653589793,3.280627273963498
444,329.7447649436364,0,67.31870696498324,67.31870696498324,0.899941623095014,0.7505546996237435,3.141592653589793,3.145142421893414
445,367.5500934261381,0,81.25126964095455,81.25126964095455,0.7699088595773332,-0.01137429689074543,3.141592653589793,3.23728401158596
446,373.2077210654649,0,107.4524879686776,107.4524879686776,0.5732327568421058,0.2726228022083799,3.141592653589793,3.155942132852605
447,657.1838070345833,0,260.1781458267832,260.1781458267832,0.1990700895356654,1.060208400357769,3.141592653589793,3.257478102989321
448,313.3218454908055,0,35.11457363312505,35.11457363312505,2.441555504049492,2.074228543488601,3.141592653589793,3.162994387766798
449,530.9092770229129,0,148.5424412947597,148.5424412947597,-0.3111208542210558,-1.717145117504004,3.141592653589793,3.441875742967738
450,329.746902594206,0,54.92440838669149,54.92440838669149,-1.852887146465511,-2.358607778697724,3.141592653589793,3.182036731239083
451,405.8730773065708,0,120.48702135177,120.48702135177,1.179462187486606,0.5204934986505096,3.141592653589793,3.209960145228554
452,483.0032411847237,0,63.23199660744888,63.23199660744888,-0.9716528997892729,0.9235284887850751,3.141592653589793,3.668966734202962
453,313.7999207493436,0,45.58250730250685,45.58250730250685,1.904987344617046,1.824493838380975,3.141592653589793,3.142623681835853
454,402.7814384382243,0,81.51153261997852,81.51153261997852,1.772820049884316,0.5911527330261021,3.141592653589793,3.356477625252438
455,353.474677254542,0,24.43216942185192,24.43216942185192,-1.073350449794911,0.05335180798314406,3.141592653589793,3.33752338999617
456,360.5098466615018,0,77.48887199740288,77.48887199740288,-1.608315172647502,-0.8767202056562784,3.141592653589793,3.225652739650728
457,440.7149282518053,0,146.799556996463,146.799556996463,0.361527302396501,0.990847514582637,3.141592653589793,3.204005045338624
458,510.5767253662175,0,206.4823941660605,206.4823941660605,-0.857611783330772,-0.9053836422619037,3.141592653589793,3.141955848129488
459,531.4038657575436,0,215.1621840565491,215.1621840565491,-2.307835284980787,-1.985475055708257,3.141592653589793,3.158088111263838
460,385.059243686815,0,118.9899020618886,118.9899020618886,1.487726333538895,1.27684876591012,3.141592653589793,3.148662215865396
461,401.7689768432048,0,115.3368338224131,115.3368338224131,-0.7910227556875407,-1.48985350859989,3.141592653589793,3.21837984431692
462,620.6476391983501,0,265.9181658746245,265.9181658746245,-1.468440177725363,-1.106372066820231,3.141592653589793,3.162387977150142
463,310.4232130166931,0,29.23716509977614,29.23716509977614,-2.317017561791629,-1.963853734787205,3.141592653589793,3.161380883378934
464,514.1117276009445,0,205.7598425031976,205.7598425031976,-0.4259764057132946,-0.150198514541184,3.141592653589793,3.153673706385728
465,586.4270395296932,0,218.259264904191,218.259264904191,-0.9284585980443698,-1.846274323756861,3.141592653589793,3.272917675019417
466,321.4410118534771,0,15.48705408168392,15.48705408168392,-2.070043645866342,-1.348406129949249,3.141592653589793,3.223408926194185
467,327.6129416339687,0,41.78449443791786,41.78449443791786,-0.3587995735243204,-1.000954670370765,3.141592653589793,3.206550727728351
468,574.7638554476143,0,242.5070496005651,242.5070496005651,0.2004389889262226,-0.0497176223244807,3.141592653589793,3.151536566699138
469,403.1742374338695,0,79.76691996796816,79.76691996796816,-2.843576124013852,-1.640107075681831,3.141592653589793,3.364214938344835
470,481.1265059027828,0,185.6870353610714,185.6870353610714,1.28811853660848,1.537568995634883,3.141592653589793,3.151480593720647
471,338.4108523539136,0,65.18025082434926,65.18025082434926,1.398284668591788,0.8738089629540953,3.141592653589793,3.185071296987481
472,418.7162404788847,0,78.17693337491441,78.17693337491441,0.8663163473898065,-0.4867428296460906,3.141592653589793,3.42058087722691
473,334.2638890016086,0,72.60912110213479,72.60912110213479,0.6005257139609425,0.4483927915713236,3.141592653589793,3.145274046432864
474,485.6218698093745,0,160.2043413200223,160.2043413200223,0.8425601325609489,-0.07192889249845212,3.141592653589793,3.271986335247055
475,382.0459180895501,0,12.57731084852957,12.57731084852957,0.07876204631661121,1.514776318057276,3.141592653589793,3.454235282914618
476,497.7929111465889,0,183.582884141794,183.582884141794,1.191186963784564,0.5620791565058895,3.141592653589793,3.20396333222906
477,328.7960066401935,0,46.70988817263135,46.70988817263135,-0.347271185838919,0.2598197430459593,3.141592653589793,3.199713080422003
478,420.9281720706973,0,146.4165229494372,146.4165229494372,1.87655617986348,1.696436696400033,3.141592653589793,3.146751885581781
479,383.6830818536615,0,106.4842865040766,106.4842865040766,2.388725322369868,1.805099251056034,3.141592653589793,3.195344080409273
480,426.6052599968947,0,150.5791398231956,150.5791398231956,-1.73834198114503,-1.907501462702555,3.141592653589793,3.146143564952205
481,373.9008149631918,0,83.39065949663731,83.39065949663731,1.296122488162064,0.456988908169192,3.141592653589793,3.251730241911375
482,718.6625221672839,0,316.6608827951143,316.6608827951143,1.167423702911553,0.7165911953254841,3.141592653589793,3.173776039827905
483,449.657855111756,0,155.9413329418377,155.9413329418377,1.320241378437193,1.877547430919864,3.141592653589793,3.190641696778749
484,399.3906776508409,0,81.65742485139477,81.65742485139477,0.1116143948741943,-1.036252539417293,3.141592653589793,3.344727627166238
485,407.3448284129067,0,128.0743582457278,128.0743582457278,-0.365500136820828,-0.8749622261187127,3.141592653589793,3.182633504115911
486,345.9530226292574,0,71.2922007516088,71.2922007516088,-0.7129053322274382,-1.287297340505072,3.141592653589793,3.193670393178133
487,451.4070644009394,0,155.9248851931702,155.9248851931702,-0.003513496880144689,0.5820987633508957,3.141592653589793,3.195707452258774
488,646.3070857224117,0,223.3566410776197,223.3566410776197,-0.3257116124236201,0.9222909590017823,3.141592653589793,3.380401576643487
489,394.1739519033766,0,57.53677844277894,57.53677844277894,-0.8637121101874603,0.4589335806404255,3.141592653589793,3.408664844855671
490,365.4654522349969,0,104.0712253764437,104.0712253764437,2.070544637927028,1.985411347864325,3.141592653589793,3.142745945533342
491,376.3353451911939,0,55.45934061303923,55.45934061303923,-1.987535898707724,-0.8157369252040548,3.141592653589793,3.353016140043709
492,306.6219038522399,0,27.07478321283964,27.07478321283964,0.3887467974888135,0.1730797864984817,3.141592653589793,3.148986608532793
493,370.5921038694649,0,105.9088755950473,105.9088755950473,1.817969921740641,1.548033270006642,3.141592653589793,3.153168279213578
494,339.4630908012767,0,65.39263176408768,65.39263176408768,-2.218440452153384,-1.674146036691777,3.141592653589793,3.188394707653375
495,366.3082732853454,0,102.715491744118,102.715491744118,0.2053201990781634,0.4494667186121039,3.141592653589793,3.151065204671255
496,351.4110524149503,0,41.9918771225746,41.9918771225746,-1.287544381666741,-0.2860976962813275,3.141592653589793,3.297347398251933
497,312.5262694177844,0,42.30331254915704,42.30331254915704,-1.393269255316794,-1.247873057439114,3.141592653589793,3.144955398005931
498,422.5404334218041,0,141.9088642632018,141.9088642632018,-1.202445300502869,-0.772924350285965,3.141592653589793,3.170818923837277
499,575.3569172752553,0,196.067648055359,196.067648055359,-1.824162059246947,-0.6894003201685946,3.141592653589793,3.340252775699091
500,331.2577696224849,0,60.4654000583644,60.4654000583644,-0.3754384983792042,0.0629347320524975,3.141592653589793,3.172030184321783
501,341.832598979657,0,76.32931874056588,76.32931874056588,-0.5651954749394338,-0.2132567936068942,3.141592653589793,3.161244254483896
502,407.9997620197568,0,135.7907052686071,135.7907052686071,2.663917627473925,2.407461589317301,3.141592653589793,3.152042845615578
503,466.6413458029401,0,167.1176473800058,167.1176473800058,-1.341304674634483,-0.7845266327860807,3.141592653589793,3.190549512070593
504,323.5330529306075,0,60.04837166748622,60.04837166748622,1.064199572051573,0.9662995880882354,3.141592653589793,3.143117689166185
505,336.411209891568,0,42.81361413647037,42.81361413647037,0.3140786004625494,1.100494321233356,3.141592653589793,3.23852653022402
506,307.8178791424571,0,34.46292153302865,34.46292153302865,0.6577369156984798,0.6510006817118812,3.141592653589793,3.141599875531205
507,373.2245148419673,0,26.70292359936322,26.70292359936322,-1.053128264987616,0.2640567028594268,3.141592653589793,3.406549668008904
508,429.1357081174899,0,102.5538516827099,102.5538516827099,-3.000791056451222,-1.815395454897267,3.141592653589793,3.357792002681646
509,518.3649431855223,0,211.2985270173459,211.2985270173459,0.7930995757597321,0.7519086099302854,3.141592653589793,3.141862679487332
510,357.2329886502494,0,90.36251387075653,90.36251387075653,-1.471474018582188,-1.072203460685356,3.141592653589793,3.16686301874467
511,359.9631065346225,0,82.40200844019395,82.40200844019395,-1.481211589222201,-2.121229429584246,3.141592653589793,3.206123397043703
512,467.5259010330964,0,179.2880887250805,179.2880887250805,-0.4706112084699674,-0.4625023229923563,3.141592653589793,3.141603118650261
513,333.2317229744009,0,68.02661812950407,68.02661812950407,0.2056418896262549,-0.09874623338158131,3.141592653589793,3.156304251892962
514,329.6425560553325,0,62.70275599476125,62.70275599476125,0.777964827909631,0.446109609309239,3.141592653589793,3.159071427999322
515,341.6824776498958,0,72.44438023097356,72.44438023097356,1.410117533548446,1.861651692509605,3.141592653589793,3.173875784872199
516,402.3180491679818,0,119.3162645374432,119.3162645374432,-2.269681377488005,-1.642827552552749,3.141592653589793,3.203521518411468
517,356.2134276822445,0,57.30128314676929,57.30128314676929,1.621651278108794,0.6952883272822874,3.141592653589793,3.27532482629637
518,324.956424376211,0,62.31758185639421,62.31758185639421,0.2535719070535278,0.2048066371360192,3.141592653589793,3.141971109453345
519,448.769446651839,0,65.93736259296672,65.93736259296672,0.9628284146661373,2.633009113033445,3.141592653589793,3.557964019813588
520,446.5611509160831,0,150.687024508682,150.687024508682,-2.506436034102246,-1.875668559318052,3.141592653589793,3.20428962616287
521,462.4944693081809,0,167.9437154718214,167.9437154718214,1.167627857601425,0.7043073119049695,3.141592653589793,3.175574015694457
522,389.4805512291653,0,58.77253911871488,58.77253911871488,-1.329546398292891,-2.600471459106262,3.141592653589793,3.388931234370627
523,318.7980069099732,0,10.2775736093675,10.2775736093675,0.849825150514662,0.15943165816484,3.141592653589793,3.216558343224686
524,322.3573121899598,0,53.73877744863681,53.73877744863681,-0.4442304598368138,-0.7481311000793929,3.141592653589793,3.156257277255643
525,403.6748829450718,0,85.19772639158188,85.19772639158188,-1.141938377657647,-2.292291381802864,3.141592653589793,3.345581628840534
526,550.5014158987717,0,34.37336174989935,34.37336174989935,1.068724439637118,3.43929927657582,3.141592653589793,3.935635839177237
527,413.6957112166524,0,129.1155049728643,129.1155049728643,-0.04146065783491783,0.5571589625083797,3.141592653589793,3.19811660996739
528,366.8198259743617,0,72.73882058231293,72.73882058231293,0.5501066531674552,-0.337897598797623,3.141592653589793,3.264683132035544
529,344.9460292872678,0,79.4285576380923,79.4285576380923,-2.333963272293754,-2.69292597419799,3.141592653589793,3.162033937586336
530,378.5485494383731,0,114.2562527981811,114.2562527981811,-1.486380829547187,-1.660531354504389,3.141592653589793,3.146415866733485
531,596.7707460950726,0,226.2368099513631,226.2368099513631,-0.472072440631897,0.4117524977102444,3.141592653589793,3.263548823401428
532,315.2484120434114,0,30.92344089746542,30.92344089746542,-0.3389484788281021,0.1430833916939515,3.141592653589793,3.178357929070976
533,569.3849448980956,0,211.7527541853841,211.7527541853841,-0.3194219111813199,-1.193756100963661,3.141592653589793,3.260991364065796
534,396.6995362377862,0,129.1536899743551,129.1536899743551,-0.01995038491111131,0.1085464144999011,3.141592653589793,3.144219430724934
535,395.2564242985234,0,42.98977679880701,42.98977679880701,1.066349459636989,-0.363245966494479,3.141592653589793,3.45157174103413
536,342.2702308096582,0,82.29877793666195,82.29877793666195,-0.8546818915394142,-0.8986328311644711,3.141592653589793,3.141900075779509
537,418.0826848284178,0,43.0457978422593,43.0457978422593,0.3485331369536883,-1.256204465164114,3.141592653589793,3.527716991588207
538,355.1644158952357,0,95.04677036003355,95.04677036003355,0.2088986476906606,0.2229295904562092,3.141592653589793,3.141623985846214
539,326.2148727167775,0,52.34615189048369,52.34615189048369,0.4215799423410436,-0.03925141906360857,3.141592653589793,3.175211795257668
540,447.3904138619454,0,165.8234983527236,165.8234983527236,-0.1578104274649266,-0.09977365265624963,3.141592653589793,3.142128684239325
541,588.5677231145395,0,147.372291619839,147.372291619839,0.02398072715481788,1.756930514325894,3.141592653589793,3.587857210919302
542,459.2424269309586,0,137.7296741022434,137.7296741022434,0.9035444161449825,-0.09628350575846502,3.141592653589793,3.296856119776403
543,628.3753882659601,0,275.3781321759249,275.3781321759249,-0.471740006558472,-0.5961180726582398,3.141592653589793,3.144053801132556
544,366.8297042728551,0,80.26511632173765,80.26511632173765,-1.177756314051386,-0.3922768872526775,3.141592653589793,3.238299296083268
545,342.1468273807475,0,80.12614511022994,80.12614511022994,1.412527811155698,1.194229048973661,3.141592653589793,3.149167945769099
546,359.9494479733989,0,89.33880599478984,89.33880599478984,0.153927669594653,0.6494191561850118,3.141592653589793,3.180427049056916
547,315.5859120988067,0,42.60085613469262,42.60085613469262,0.178906948232923,0.4875792789213243,3.141592653589793,3.156720293092495
548,352.7818902322765,0,86.53092154907927,86.53092154907927,-2.311044278103495,-2.696237456254175,3.141592653589793,3.165118984427469
549,646.0483903190603,0,149.7986905956994,149.7986905956994,0.07735457758597887,-1.889425949693886,3.141592653589793,3.706457883691197
550,383.2400243463424,0,96.23144310939153,96.23144310939153,0.01296004941573787,-0.7579889137259179,3.141592653589793,3.234805512679016
551,361.2947720051093,0,36.40739522753173,36.40739522753173,-1.014776218049562,0.1366017093993143,3.141592653589793,3.345934179404285
552,312.304388750033,0,40.21601498842472,40.21601498842472,-0.4812068488000367,-0.6909353275829834,3.141592653589793,3.148585465872249
553,457.7802390287858,0,164.406722947836,164.406722947836,-1.220262357145422,-0.7440835289501552,3.141592653589793,3.177475519576945
554,332.5648504352998,0,71.69917427580508,71.69917427580508,2.039684279904979,2.003450385900631,3.141592653589793,3.141801600382188
555,334.8886852186679,0,53.53233690051611,53.53233690051611,-0.5000903669536597,-1.138310330776276,3.141592653589793,3.205764982544899
556,406.818831782593,0,102.5736665752862,102.5736665752862,-1.521427199240156,-0.553676091208715,3.141592653589793,3.287270388663738
557,349.6084333769995,0,51.269508922165,51.269508922165,2.098585469295271,2.997540507123094,3.141592653589793,3.267678772634388
558,400.4372665092764,0,72.2663380491046,72.2663380491046,0.9670743123616111,-0.2851945271095523,3.141592653589793,3.381978954310599
559,337.7032891282058,0,41.58355258118571,41.58355258118571,-1.103778484895325,-1.921552240167898,3.141592653589793,3.246283770082641
560,336.0390990897362,0,71.7770488551688,71.7770488551688,-1.548989512044298,-1.260677755983301,3.141592653589793,3.154794457610881
561,350.8124716425144,0,13.51437520586059,13.51437520586059,-1.226626607681875,-0.09409899858857119,3.141592653589793,3.339494450728726
562,415.9724442458301,0,84.62880138614726,84.62880138614726,-0.2312202467010486,-1.498717295866096,3.141592653589793,3.38764714377567
563,316.5586667355051,0,40.22625131110849,40.22625131110849,2.685098847514138,2.293976787322558,3.141592653589793,3.165845995473858
564,363.9324064206815,0,102.3068705929511,102.3068705929511,-0.04740211245528481,-0.179947136157999,3.141592653589793,3.144387473642158
565,332.2809016061076,0,58.32114074517928,58.32114074517928,-0.395614052785524,0.1115104764280991,3.141592653589793,3.182260154233072
566,329.3082936947744,0,61.07424061583971,61.07424061583971,1.749724159682865,1.385223508270522,3.141592653589793,3.16266740678962
567,433.1888943846882,0,114.5332156000232,114.5332156000232,1.188788310929368,0.1148677562562005,3.141592653589793,3.320076770021875
568,385.034640765383,0,118.0735110029643,118.0735110029643,-1.00012300396885,-0.7396582583407993,3.141592653589793,3.152371533433907
569,333.8844500784228,0,65.13903004935526,65.13903004935526,-1.849458000518301,-2.25712764180695,3.141592653589793,3.16793291240799
570,465.6032896069079,0,101.1710598480346,101.1710598480346,0.3355064785749505,1.815930016701671,3.141592653589793,3.47293222699911
571,472.419043044989,0,108.9673553264933,108.9673553264933,-0.5314043910901759,-1.980169289844526,3.141592653589793,3.459555481987832
572,369.5458815168843,0,91.37130795071731,91.37130795071731,0.4846874297452739,-0.1575910667110648,3.141592653589793,3.206575442446282
573,351.2204788667543,0,77.68545094134399,77.68545094134399,3.021387997498098,2.460473447830485,3.141592653589793,3.191273967104388
574,400.0356947388436,0,39.92439813533442,39.92439813533442,-1.512909639874416,-0.0278173424308208,3.141592653589793,3.474924967969186
575,385.1525542841964,0,56.61953989521745,56.61953989521745,-0.06545405887067923,1.182651545213293,3.141592653589793,3.38043961638648
576,459.1535228494183,0,165.5158544591342,165.5158544591342,2.324727868506804,1.854447270284307,3.141592653589793,3.176596959350347
577,438.7068503456662,0,150.91458499874,150.91458499874,1.286163004311224,0.7902871691942647,3.141592653589793,3.180486950915268
578,420.9721970908808,0,122.8005633197328,122.8005633197328,-1.63513319020406,-0.8125081254940083,3.141592653589793,3.247509260676338
579,688.0537224605487,0,179.6308858161781,179.6308858161781,0.5822326462083239,-1.288044912160549,3.141592653589793,3.656165005361163
580,347.6652044310295,0,13.72276069134966,13.72276069134966,0.1240460522048606,1.22045293857311,3.141592653589793,3.327418287736767
581,363.0667639227015,0,41.15510990752659,41.15510990752659,1.110405285095898,-0.03024441614108305,3.141592653589793,3.342257641478492
582,370.7457795333828,0,82.36548636179434,82.36548636179434,0.6028791337084348,-0.2076722944747938,3.141592653589793,3.244471916786957
583,317.8179466280853,0,49.12267838867296,49.12267838867296,-0.4732305863011136,-0.7060139418580423,3.141592653589793,3.150205150734425
584,309.4490213088846,0,31.56533364343182,31.56533364343182,0.3495064616240956,0.6233636247107456,3.141592653589793,3.153506325800414
585,473.8472595582029,0,126.8634127950391,126.8634127950391,-2.736247073015729,-1.473582682534468,3.141592653589793,3.385841957929928
586,360.3411555705504,0,86.90928917462553,86.90928917462553,-0.3153507509824107,-0.8742004355144152,3.141592653589793,3.190911683358046
587,345.0448768441331,0,65.44276337111415,65.44276337111415,0.6754107086451298,1.330881873070067,3.141592653589793,3.209243968364191
588,389.5383708431062,0,105.9941055917034,105.9941055917034,-0.5401289242222337,-1.231965746369645,3.141592653589793,3.216868444554173
589,475.0926584068603,0,126.4476367360134,126.4476367360134,0.4285940891138639,-0.848288685258871,3.141592653589793,3.391170007619667
590,412.1114113582813,0,91.78574921344682,91.78574921344682,0.7213403228517892,-0.4346549965672414,3.141592653589793,3.347525889311099
591,309.3222168140222,0,29.04080435156834,29.04080435156834,-0.6611532593500403,-0.348079049298153,3.141592653589793,3.157153759652667
592,315.2737525231922,0,33.70471557663657,33.70471557663657,1.944995927009334,2.394354469535153,3.141592653589793,3.173566999581116
593,375.9333214514119,0,52.37677749430117,52.37677749430117,-0.9994580520749544,0.1929659392183604,3.141592653589793,3.360279657424548
594,418.2378798366984,0,106.9941858889152,106.9941858889152,0.06787083141131298,-0.9599316317005351,3.141592653589793,3.30544736824959
595,331.9814897823083,0,61.89173155318901,61.89173155318901,-0.7073517341860908,-1.135004700520832,3.141592653589793,3.170566425846375
596,514.4182488983749,0,208.3225297265986,208.3225297265986,2.509490532374373,2.634613234476962,3.141592653589793,3.144083346807271
597,308.5629138002442,0,21.03411892062169,21.03411892062169,-1.885548582537231,-2.270464604803195,3.141592653589793,3.165085266669195
598,379.2804435802452,0,115.9708843970907,115.9708843970907,1.251264963451129,1.211563535343255,3.141592653589793,3.141843504136252
599,386.9653617776668,0,37.69919810316966,37.69919810316966,0.6677155967433352,2.056620303032695,3.141592653589793,3.434917856986115
600,659.8174680381379,0,291.957980395043,291.957980395043,-0.7562794691865851,-0.9580527936250933,3.141592653589793,3.148065576754132
601,496.6993810699889,0,178.0086857691211,178.0086857691211,0.5583122531121982,-0.1691371558395334,3.141592653589793,3.224715032940676
602,407.5155684934718,0,113.6714852249723,113.6714852249723,-0.9171995290945993,-0.109622986798294,3.141592653589793,3.243729993812156
603,751.1612983967854,0,199.9451314159924,199.9451314159924,-1.400906243968409,0.5285606000484202,3.141592653589793,3.68679355310948
604,360.6544091895503,0,93.3656578985298,93.3656578985298,-0.06039706968274255,0.3450742228385322,3.141592653589793,3.167650765180441
605,367.5153388059842,0,51.51493646548903,51.51493646548903,-1.904653024058227,-0.7925292986829117,3.141592653589793,3.332630129737177
606,360.792231727397,0,1.4319186035771,1.4319186035771,-1.7685270404199,-3.021021736566201,3.141592653589793,3.382062590338028
607,327.1819907209727,0,34.30547722115111,34.30547722115111,0.1110170621974717,-0.596106120331774,3.141592653589793,3.220190614910808
608,414.2594021671012,0,100.8731539070461,100.8731539070461,0.9735651059566066,-0.09394392755847242,3.141592653589793,3.318008429423538
609,332.6316252658938,0,59.94261397823183,59.94261397823183,1.134452175889985,0.6489843572509172,3.141592653589793,3.178880841432018
610,463.747905164155,0,176.7224503208164,176.7224503208164,0.5896233221874089,0.5387991561425283,3.141592653589793,3.142003739167654
611,379.6232596124149,0,26.41607708003254,26.41607708003254,0.8146170972988269,-0.5615902342585151,3.141592653589793,3.42980335012396
612,406.9533280708976,0,116.3368771620179,116.3368771620179,-1.564687156974805,-2.318666063061988,3.141592653589793,3.230803087765298
613,324.2069549648825,0,50.52085677581807,50.52085677581807,-0.04580381391342565,0.3929568631149541,3.141592653589793,3.172083752487591
614,393.6130661641109,0,93.1167009881642,93.1167009881642,-0.08368672143549727,-1.032757937355665,3.141592653589793,3.281819704672629
615,425.2955053424162,0,144.4082050569459,144.4082050569459,-1.645359784693636,-2.057295162508299,3.141592653589793,3.168484678294132
616,403.9621260805981,0,121.8731306753929,121.8731306753929,1.139901090057553,0.5416327316263561,3.141592653589793,3.198050879799963
617,708.6002572447725,0,112.8528327298374,112.8528327298374,2.331512433090226,-0.167293078137659,3.141592653589793,4.014179042348785
618,312.4811344140704,0,13.45939778032604,13.45939778032604,1.929593341844037,2.475153645565517,3.141592653589793,3.188611052807481
619,402.1607554587312,0,86.79353818755294,86.79353818755294,-1.017056262639785,0.10076089540254,3.141592653589793,3.334534390271478
620,322.8635221805778,0,55.80362120495089,55.80362120495089,-1.616127635212481,-1.879328880150342,3.141592653589793,3.15259881628256
621,439.3552483290271,0,86.42808026931048,86.42808026931048,-1.360997592365089,0.07479850065126176,3.141592653589793,3.454144586118302
622,330.9926553130186,0,62.94317940993724,62.94317940993724,-2.23089833434816,-1.858677875959483,3.141592653589793,3.163566416361831
623,426.3888885082542,0,149.5844635712065,149.5844635712065,0.8360036614210626,1.06217973057526,3.141592653589793,3.149723799850933
624,334.8728456689317,0,74.37218469994345,74.37218469994345,-0.1420427612473048,-0.1651249442683764,3.141592653589793,3.141677448157652
625,490.7365511441434,0,165.8632017990802,165.8632017990802,1.211466731975973,2.086309755125658,3.141592653589793,3.261127828871944
626,436.8814373825875,0,100.5881654709536,100.5881654709536,-0.5825233187920739,-1.855522673910193,3.141592653589793,3.389709686569117
627,431.1383337203054,0,154.5332251712999,154.5332251712999,0.2313399435504369,0.1434881696865715,3.141592653589793,3.142820760918507
628,363.2264422077328,0,99.6506796514299,99.6506796514299,0.3526278109376883,0.09217359266565722,3.141592653589793,3.152370663628415
629,400.6536812984575,0,132.1588014134214,132.1588014134214,-1.43499318508741,-1.563370873439382,3.141592653589793,3.144214565190479
630,306.0248944592277,0,20.7617850577272,20.7617850577272,-1.316372440179868,-1.605256154008856,3.141592653589793,3.154846779354742
631,342.9313353998671,0,73.80269095655581,73.80269095655581,-2.330956876409212,-1.878688019860558,3.141592653589793,3.173980390565321
632,1042.788992843461,0,280.8096853109178,280.8096853109178,2.203525200563191,0.05028680260805007,3.141592653589793,3.808679561149478
633,379.4886617588548,0,111.8992126292535,111.8992126292535,-1.582583172878955,-1.249313975673258,3.141592653589793,3.159220277045506
634,363.1092022001718,0,96.92946495836983,96.92946495836983,-1.773236440313597,-1.409483482896498,3.141592653589793,3.162581321502902
635,338.8298273476063,0,72.5912319412372,72.5912319412372,1.609478575954952,1.97384389129548,3.141592653589793,3.162651812026193
636,484.230077170114,0,190.0489757691962,190.0489757691962,0.09952248899089999,0.09094293842476546,3.141592653589793,3.141604368754486
637,327.7058044742092,0,22.38294023809228,22.38294023809228,-0.5240654862028636,-1.320738822201507,3.141592653589793,3.241032675765637
638,382.2381998578531,0,115.0253579309945,115.0253579309945,1.18564079052754,0.8882838510860052,3.141592653589793,3.155633937978769
639,322.4480804280013,0,56.59513631838536,56.59513631838536,-1.489723051549771,-1.701832095099281,3.141592653589793,3.148744932103082
640,610.8038142399301,0,183.7788934400065,183.7788934400065,-1.451427621689658,0.03074584376346302,3.141592653589793,3.473678537628758
641,344.849642862293,0,59.67808320588664,59.67808320588664,2.517126678369883,3.250954288854198,3.141592653589793,3.226159847713451
642,334.3727173593313,0,39.09990435135136,39.09990435135136,-0.8208552081002757,-0.03330544482856081,3.141592653589793,3.23880209810953
643,306.2517462818548,0,29.69952282740912,29.69952282740912,1.325174610343626,1.21939259605709,3.141592653589793,3.143373066569712
644,376.3853107940017,0,111.9299719983085,111.9299719983085,0.3877731678607987,0.597921121884444,3.141592653589793,3.148613435096421
645,319.325432970626,0,54.24319769422361,54.24319769422361,1.952173871507261,1.863666461839455,3.141592653589793,3.142839156345017
646,409.694712041436,0,44.92185792677168,44.92185792677168,-0.873144157558825,0.6594139614699582,3.141592653589793,3.495474043572688
647,480.1531799344552,0,173.7811093068254,173.7811093068254,-1.38014078272743,-0.7771745545868202,3.141592653589793,3.198933052342213
648,527.0465258311625,0,196.0863501807704,196.0863501807704,0.5869551194959025,-0.1433555773825733,3.141592653589793,3.225361702982238
649,339.9653883681618,0,67.21587196162167,67.21587196162167,0.7588892128064654,1.280004220016357,3.141592653589793,3.184519626541611
650,388.0561074083934,0,102.0570153482112,102.0570153482112,2.689593557711196,1.948417591168817,3.141592653589793,3.227839248548383
651,452.6762477860121,0,28.14429457567675,28.14429457567675,-1.592105979027665,0.3020915830667471,3.141592653589793,3.668458641627812
652,303.8691790241649,0,23.8976180438615,23.8976180438615,-0.1739911720161843,-0.1264777567180376,3.141592653589793,3.141951929250772
653,537.9089804469471,0,222.9499880797962,222.9499880797962,0.06949845562249625,-0.01527952266296426,3.141592653589793,3.142736340626036
654,358.0016796398382,0,97.49925758663548,97.49925758663548,-1.235822615883097,-1.169512904098788,3.141592653589793,3.142292376429392
655,334.5517692606336,0,58.20773606991374,58.20773606991374,3.061815231334835,3.62310423058003,3.141592653589793,3.191339803556342
656,572.6122101141066,0,223.6925207205547,223.6925207205547,-2.205170209073833,-1.498732250142915,3.141592653589793,3.220040215728344
657,376.0368469080178,0,53.62610285707709,53.62610285707709,-0.346905455986964,0.8367309508586843,3.141592653589793,3.357171360639763
658,448.2943462708568,0,158.9722053905566,158.9722053905566,0.8270242181866621,1.277944416847034,3.141592653589793,3.17378849746628
659,322.778683474756,0,57.33707775579756,57.33707775579756,-2.058524281715576,-1.858430697798899,3.141592653589793,3.147958361130906
660,470.2565219478483,0,174.9487942470321,174.9487942470321,0.4438326351747384,0.04150546737957075,3.141592653589793,3.167249840324479
661,358.0986845264916,0,92.15227620665399,92.15227620665399,-0.2593098270578711,-0.6282453751825386,3.141592653589793,3.16318160081893
662,420.5964328175955,0,141.9166985149608,141.9166985149608,-0.5463624777312323,-0.1631158419970202,3.141592653589793,3.164882681062752
663,428.8505848093054,0,93.48156433657348,93.48156433657348,-0.09216813742359432,-1.375969374886141,3.141592653589793,3.393781079916577
664,363.187694381192,0,100.9274912943935,100.9274912943935,-0.2143307891359355,-0.02623422917565118,3.141592653589793,3.147218568348606
665,402.2942146227861,0,108.0221780803389,108.0221780803389,1.111785567424631,0.2779538632399939,3.141592653589793,3.250366088918726
666,308.8749686613226,0,32.17970627253955,32.17970627253955,1.296177842098052,1.065165248920676,3.141592653589793,3.150074795825632
667,480.0797504349645,0,180.7916019947513,180.7916019947513,-1.459003653677698,-1.875963959441004,3.141592653589793,3.169141886642437
668,330.6742094082789,0,31.13124940448251,31.13124940448251,0.146339805121654,0.937408532890913,3.141592653589793,3.239659570563523
669,535.5324862494354,0,170.3746016049573,170.3746016049573,0.3970506509730847,-0.7843767346732383,3.141592653589793,3.356393163597564
670,311.9927310436004,0,42.14961920279217,42.14961920279217,-1.439885479868,-1.341935099749088,3.141592653589793,3.143119259279672
671,433.9430294150281,0,122.5778949931497,122.5778949931497,0.3082023396702982,-0.6622798816459472,3.141592653589793,3.288075446667894
672,367.4737655067785,0,101.0331726395456,101.0331726395456,0.06976213086667939,-0.2869499273802653,3.141592653589793,3.161779229103153
673,517.3092963307561,0,158.9660788015148,158.9660788015148,2.657597476036205,1.464017684644596,3.141592653589793,3.360689976702373
674,332.2469905041057,0,38.833440302382,38.833440302382,1.631928077809468,0.8767224483743853,3.141592653589793,3.231089590806759
675,364.3320513056249,0,67.37774564578615,67.37774564578615,0.04916403336433262,-0.8713938183168993,3.141592653589793,3.273687700343654
676,328.436219508233,0,56.84242955410762,56.84242955410762,-0.1238378508647195,0.3111569364983715,3.141592653589793,3.171565049959155
677,401.2176458301582,0,132.7448542959912,132.7448542959912,0.07926976366116728,-0.03127811082022122,3.141592653589793,3.143537057780886
678,469.5615876234062,0,160.8584014235748,160.8584014235748,0.7575616176639234,0.02701982049764035,3.141592653589793,3.225414038305206
679,729.6171106605406,0,195.3418469391606,195.3418469391606,1.518517161039344,-0.3723487874367833,3.141592653589793,3.66673948300065
680,780.9798361622355,0,261.7450183985474,261.7450183985474,1.226324460412773,-0.2729550226121869,3.141592653589793,3.48101183125093
681,359.2909169027187,0,89.34403738357807,89.34403738357807,-0.8118649244750359,-0.3318150656876412,3.141592653589793,3.178057939687563
682,410.4027077215345,0,140.0187417231755,140.0187417231755,0.3865026223480233,0.3715688660195485,3.141592653589793,3.141628147659655
683,424.7996501754628,0,138.5374802740319,138.5374802740319,-1.512788040504756,-2.078130924564134,3.141592653589793,3.192055290505778
684,357.8440308804884,0,97.0749367613876,97.0749367613876,2.092243862338673,2.198118152450273,3.141592653589793,3.143376173224578
685,416.875442282456,0,109.1496407555586,109.1496407555586,-2.005992559425514,-1.021583236895789,3.141592653589793,3.2922129510973
686,432.9791563327565,0,121.937866672329,121.937866672329,1.564147653310785,0.5942609729681114,3.141592653589793,3.287899720763316
687,386.550975326592,0,121.4559972432277,121.4559972432277,-0.4625332174815777,-0.568085979659941,3.141592653589793,3.143365360038957
688,416.1791999040477,0,134.9908878431035,134.9908878431035,-0.8123094264249744,-1.31043147314717,3.141592653589793,3.180837935909352
689,440.6905285712944,0,154.9770083636975,154.9770083636975,2.03937850659125,2.454616667785964,3.141592653589793,3.168915765936628
690,629.6525197470246,0,246.3347021906263,246.3347021906263,-0.1516029818998537,0.6979841716992804,3.141592653589793,3.254443536558906
691,431.0006803747407,0,132.7004224700426,132.7004224700426,1.07229863142704,0.2972537739816485,3.141592653589793,3.235784129410042
692,344.9340546160672,0,84.44325452041063,84.44325452041063,-0.6541994806320156,-0.5301093929428103,3.141592653589793,3.144042421939003
693,397.4657653990888,0,126.4101683925172,126.4101683925172,1.390712333336305,1.714161031208557,3.141592653589793,3.158199401754837
694,476.9337147825197,0,124.1507700929073,124.1507700929073,-1.583895066983996,-2.900740919131074,3.141592653589793,3.406418559045016
695,386.705034711873,0,14.15036992079883,14.15036992079883,0.8416965498344801,-0.6303576362189371,3.141592653589793,3.469372843579477
696,312.7803853514625,0,33.10407920833229,33.10407920833229,-1.345902322896712,-0.965923787287694,3.141592653589793,3.164488598275072
697,507.4591163081087,0,76.47757606766476,76.47757606766476,1.509406742415212,-0.4278507179366549,3.141592653589793,3.690876707339101
698,352.9003780292398,0,70.7202245165052,70.7202245165052,0.0980332475430368,0.8098597848814006,3.141592653589793,3.221226694963967
699,339.7274827184581,0,78.98641798180077,78.98641798180077,-1.463971312484053,-1.337629744858537,3.141592653589793,3.144132088955461
700,424.0162931950044,0,145.7337505665819,145.7337505665819,-1.244413012425017,-1.575432897449059,3.141592653589793,3.158983786816686
701,512.972878733805,0,10.61089107902155,10.61089107902155,0.1144430608222394,-2.140213810527777,3.141592653589793,3.866921515704088
702,321.5082547970464,0,52.54666849290729,52.54666849290729,-2.615211644881959,-2.313116975584857,3.141592653589793,3.156083901024668
703,361.4933906480214,0,100.7702315270136,100.7702315270136,-0.4939260573303301,-0.4514541911284122,3.141592653589793,3.141879733616173
704,477.5223349853076,0,148.1500774951597,148.1500774951597,1.26662468331609,0.2481311625764958,3.141592653589793,3.302564678076402
705,354.2337952841519,0,62.98216459176197,62.98216459176197,-1.325326423383411,-2.161615304099563,3.141592653589793,3.250997307457949
706,354.6902148834232,0,57.76702568449105,57.76702568449105,-0.9351891972689396,-0.03372587338256229,3.141592653589793,3.268369704516555
707,331.8947131428561,0,34.86010576877612,34.86010576877612,0.6504029776956373,1.433292459421203,3.141592653589793,3.237672055920099
708,417.1504002171684,0,126.8431827601401,126.8431827601401,-0.2430539614571857,0.4563334316800757,3.141592653589793,3.218500757615057
709,353.4767378729909,0,89.99273997381732,89.99273997381732,-2.220111460991738,-2.507857397456643,3.141592653589793,3.154742798556076
710,317.1349997676363,0,32.36152791672381,32.36152791672381,0.4644598009073462,0.979497250609634,3.141592653589793,3.183530740496343
711,368.2302883354811,0,82.94902131172326,82.94902131172326,-0.6048361811218557,0.1606101703844688,3.141592653589793,3.233498495147895
712,369.3269571927314,0,53.66472124734941,53.66472124734941,0.8578277288119456,-0.2560480243492145,3.141592653589793,3.333215203758932
713,400.2325184998189,0,36.83353746398861,36.83353746398861,2.831965304191697,1.329693008697033,3.141592653589793,3.482301889684489
714,349.8088988308914,0,68.90962835649431,68.90962835649431,-0.2545999873381476,0.4323460427274081,3.141592653589793,3.215820151891611
715,434.8953694903747,0,122.3864956256128,122.3864956256128,-0.1541928098515239,0.828730545194446,3.141592653589793,3.291768935235914
716,395.7438394142391,0,60.06981671738349,60.06981671738349,0.4067475786302258,-0.9097998938007156,3.141592653589793,3.406303223181057
717,405.4514597827946,0,36.19724537687186,36.19724537687186,-0.1840648622175016,-1.729718505834197,3.141592653589793,3.501235437258529
718,305.9551778991777,0,23.94075950301162,23.94075950301162,0.2004836023081212,0.4387354795147473,3.141592653589793,3.150613965258492
719,429.8405497010268,0,71.12273298382969,71.12273298382969,0.2018182553844568,1.70172041880842,3.141592653589793,3.48128006643149
720,479.6250333099897,0,135.415603314104,135.415603314104,1.417384571558565,0.2134959952689146,3.141592653589793,3.364365037449129
721,385.9056275723257,0,116.1315842333771,116.1315842333771,1.53696547423554,1.167187442555797,3.141592653589793,3.163279973983065
722,413.9937860318557,0,139.281239365546,139.281239365546,-2.267812489406131,-1.968028115687895,3.141592653589793,3.155863601585942
723,352.4445938467827,0,92.48915458762662,92.48915458762662,0.5091621366298649,0.5065195255948614,3.141592653589793,3.141593765031125
724,330.5537266349926,0,66.27897104405979,66.27897104405979,0.6895722063328071,0.4392353973448353,3.141592653589793,3.151550875207894
725,314.0759707098661,0,20.44245917059144,20.44245917059144,-0.3601234115539834,-0.9049244880701937,3.141592653589793,3.18848123940891
726,372.2049900956587,0,103.0350151131961,103.0350151131961,-0.6399753587979709,-0.2149925481774697,3.141592653589793,3.170207373408285
727,341.2610909344756,0,79.78279245419489,79.78279245419489,-0.7610782552078176,-0.9467492752519902,3.141592653589793,3.147074534988582
728,389.3440186373462,0,35.21711668633932,35.21711668633932,0.7298121014274711,-0.6918480435881365,3.141592653589793,3.448292616500977
729,433.4434295409989,0,97.05515274158115,97.05515274158115,-1.964505481761472,-0.6811582416150069,3.141592653589793,3.393609367602716
730,340.4124473878076,0,79.63080287565452,79.63080287565452,-0.2887816188358317,-0.4224884563848437,3.141592653589793,3.144436661708535
731,340.1016110233465,0,77.48499043302598,77.48499043302598,1.062116750160685,0.8218498512839044,3.141592653589793,3.150766983416137
732,432.2944938005859,0,121.3803711925495,121.3803711925495,-0.3293874641968161,-1.300321059797894,3.141592653589793,3.288208698996491
733,316.2904484899603,0,32.34921271736818,32.34921271736818,0.8294948957692206,0.335917698135787,3.141592653589793,3.180129376474018
734,380.7965255303725,0,76.68348948769984,76.68348948769984,-1.345182802845525,-0.3353681440221719,3.141592653589793,3.299898490296918
735,309.6083795550936,0,37.98465311299785,37.98465311299785,-1.201503475623884,-1.261431476547935,3.141592653589793,3.142164185141208
736,388.0164707434915,0,34.68780116613136,34.68780116613136,-0.8666139489171516,0.5464025730882053,3.141592653589793,3.444738029596659
737,364.9238800284161,0,102.870872381492,102.870872381492,0.0557682475583484,-0.1033881056023684,3.141592653589793,3.145621583382333
738,333.8496904305429,0,41.96344305769607,41.96344305769607,0.6637465026109332,-0.08908705317265606,3.141592653589793,3.23053598707755
739,312.242277134925,0,41.00546201643155,41.00546201643155,0.2534830039313095,0.4316282972025695,3.141592653589793,3.146639500579
740,321.3894107954904,0,46.50004347164858,46.50004347164858,0.3434728335984071,0.7739932841265263,3.141592653589793,3.17095447135595
741,460.7546967899298,0,174.6320223101181,174.6320223101181,-2.012234884154984,-1.935831217870711,3.141592653589793,3.142521586451084
742,393.3349551901988,0,83.75361552770281,83.75361552770281,1.440560289477693,0.3770034637784385,3.141592653589793,3.316738989215285
743,466.3274014367182,0,169.1255182013051,169.1255182013051,1.123415285864279,0.6233546481609092,3.141592653589793,3.181142097182969
744,608.7015936206087,0,173.429023464047,173.429023464047,1.756252947854347,0.1792416809521457,3.141592653589793,3.515191166498038
745,434.2397130792704,0,142.5074192835541,142.5074192835541,1.432112289882163,0.8061111601644264,3.141592653589793,3.203354775153267
746,439.5949654317196,0,142.7173743681107,142.7173743681107,1.204709725730194,0.5063503563584528,3.141592653589793,3.218277522197029
747,539.4451781383013,0,184.1294537221723,184.1294537221723,-0.02789511508919159,-1.058380535328654,3.141592653589793,3.306282595667748
748,350.8769829269442,0,89.90727309534381,89.90727309534381,2.57568332332192,2.735355508595885,3.141592653589793,3.145647724688752
749,375.2104797774986,0,112.2287492615405,112.2287492615405,1.138784164522207,1.031844518663785,3.141592653589793,3.143412236558496
750,350.4964265902771,0,62.47865362281502,62.47865362281502,-2.357121357695665,-1.569726522940074,3.141592653589793,3.238764429051477
751,577.7348323236348,0,237.2367791537349,237.2367791537349,2.042115419192637,1.560210574069947,3.141592653589793,3.178338666794664
752,367.9017052425918,0,29.46831648055466,29.46831648055466,-0.9764369383969025,0.2783058767622441,3.141592653589793,3.382895791076464
753,318.3200052360204,0,48.29117617430247,48.29117617430247,0.9082464225037588,1.191063339565322,3.141592653589793,3.154297038908283
754,451.4787032040851,0,73.05592454386935,73.05592454386935,-0.698525624584689,0.9360533262314545,3.141592653589793,3.541391357579752
755,363.1575048905368,0,100.443618079185,100.443618079185,-1.105241927917198,-1.321333692994968,3.141592653589793,3.149015727497051
756,304.5242593194019,0,18.64514684819888,18.64514684819888,0.6427420497981003,0.4007540191501386,3.141592653589793,3.150898698477346
757,384.6212984000657,0,36.57485172304789,36.57485172304789,0.5379807440289363,1.912425046527096,3.141592653589793,3.429096315614219
758,310.5037793285741,0,30.71660462213925,30.71660462213925,0.6053010419624755,0.2713705878821989,3.141592653589793,3.159290102103891
759,360.3009380386887,0,99.63685719388477,99.63685719388477,-0.7689752005614828,-0.8263436532496765,3.141592653589793,3.142116411028272
760,604.4807534881187,0,236.190595742836,236.190595742836,0.2692023954183955,-0.5266142783136472,3.141592653589793,3.240822207292355
761,522.1815513974663,0,142.085420860327,142.085420860327,0.06890641017311992,1.491141794761001,3.141592653589793,3.448529815771237
762,429.3157888653025,0,153.4057614957231,153.4057614957231,-0.7066322715986217,-0.6443306255387536,3.141592653589793,3.142210351996048
763,317.141489566993,0,37.9260688673873,37.9260688673873,-1.975842038562871,-2.421116027568821,3.141592653589793,3.172991226961497
764,338.2198687089486,0,63.62689138426317,63.62689138426317,-1.457643840573601,-0.908825397661697,3.141592653589793,3.189170124714203
765,506.195719297299,0,187.1209002573939,187.1209002573939,2.176337678980983,2.838800100992538,3.141592653589793,3.210679190088411
766,393.5035676671677,0,80.57003794685268,80.57003794685268,0.955596660538527,-0.1459021106584803,3.141592653589793,3.329099569558994
767,319.0775782865223,0,15.69138792637708,15.69138792637708,-1.184360846403722,-1.861241997763867,3.141592653589793,3.213685189024587
768,425.6320243234655,0,49.43164955507684,49.43164955507684,1.636517372381258,0.01406275119918469,3.141592653589793,3.535811561563261
769,425.4753108470895,0,126.7154956236218,126.7154956236218,-0.4545303871702162,0.3567790224080116,3.141592653589793,3.244661362786497
770,389.8509343306792,0,101.2222811551673,101.2222811551673,2.129830180614979,2.910654272678663,3.141592653589793,3.237173252057485
771,334.9993166567342,0,38.235386208217,38.235386208217,-1.814697768616552,-2.619510219874323,3.141592653589793,3.243042935699264
772,372.4103742407665,0,65.39615497524815,65.39615497524815,0.7718662201761586,-0.2668484739050138,3.141592653589793,3.308856693298986
773,360.0105623672905,0,98.39619910895505,98.39619910895505,0.2983886553370762,0.4635963940001057,3.141592653589793,3.145933565414806
774,316.6949440073903,0,50.7232704166925,50.7232704166925,-0.108775713457634,-0.1218514920928486,3.141592653589793,3.141619865145411
775,308.1368238764842,0,20.26544665823539,20.26544665823539,-1.202813993493311,-0.8252194106099051,3.141592653589793,3.164203228320243
776,307.7645089355983,0,28.86890119817816,28.86890119817816,-0.8406498458674881,-0.5975860085650572,3.141592653589793,3.150981502658107
777,335.5639547904072,0,71.32132202144118,71.32132202144118,0.9052250099163305,1.190244054312019,3.141592653589793,3.154495245955776
778,325.7922517289423,0,62.18438545631692,62.18438545631692,-2.160542011269696,-2.320136263455198,3.141592653589793,3.145643769790217
779,395.6819410344252,0,101.5462508634652,101.5462508634652,-1.746979126116375,-2.599351050061796,3.141592653589793,3.25517162340479
780,316.3470768116161,0,3.178199325744516,3.178199325744516,0.7367041404476438,0.08083806403693405,3.141592653589793,3.209324650339342
781,642.5513157409808,0,283.0081700710683,283.0081700710683,0.03956156417362423,0.1954342574337716,3.141592653589793,3.145457152401465
782,442.467339451652,0,104.8048640194591,104.8048640194591,-0.06446960558837841,1.207113630026251,3.141592653589793,3.38917811957199
783,384.3601297081798,0,119.2222136960176,119.2222136960176,1.642458036396553,1.488059137378759,3.141592653589793,3.145384463163011
784,334.6839300272609,0,61.3781252699514,61.3781252699514,-2.183220416613001,-2.691886420109141,3.141592653589793,3.182506167189954
785,338.2144955073986,0,74.79377310953643,74.79377310953643,0.8497729489977588,0.5829123934569113,3.141592653589793,3.152906430135999
786,343.2783307171165,0,82.15457760969086,82.15457760969086,-0.01980650370533845,-0.1893223757360584,3.141592653589793,3.146162747214405
787,466.3521097997079,0,142.4129899669167,142.4129899669167,0.004765294447636955,-0.9941488081491692,3.141592653589793,3.296579103473196
788,359.1038788495574,0,66.56531953587906,66.56531953587906,1.090172596525489,1.951232461476273,3.141592653589793,3.257457366124447
789,323.6664981052465,0,57.99037086057986,57.99037086057986,0.7106336694774945,0.4861772374978162,3.141592653589793,3.14960078278921
790,405.8589600398542,0,125.5843290698846,125.5843290698846,0.3381905523562119,-0.2064454702729512,3.141592653589793,3.188453041560229
791,356.3355359897766,0,86.28381164214015,86.28381164214015,-0.6293458020401573,-0.1439326859695111,3.141592653589793,3.178872487902396
792,353.9087361485388,0,90.97811720216298,90.97811720216298,-0.8833956648271979,-1.146530445572585,3.141592653589793,3.152593268077454
793,363.7443107114311,0,85.73509158468032,85.73509158468032,1.343018555963402,1.98929744977832,3.141592653589793,3.207379118482876
794,428.3154289212843,0,75.28172614918905,75.28172614918905,-0.02149049867741125,-1.475286165172366,3.141592653589793,3.461665241037739
795,671.7562120803696,0,180.2170509310347,180.2170509310347,1.074919257190279,-0.7238854828570116,3.141592653589793,3.620124706954991
796,742.0236537655977,0,338.9411635667379,338.9411635667379,-0.04527181217482153,0.04314385433490888,3.141592653589793,3.142836574047991
797,372.5297747884557,0,70.13916638265668,70.13916638265668,-0.451945449976671,-1.441295351005453,3.141592653589793,3.293693614736352
798,318.2895330596838,0,40.40532796293467,40.40532796293467,0.1342326504303712,-0.3071300378764894,3.141592653589793,3.172444707748082
799,393.6294663481509,0,68.72643073861077,68.72643073861077,-0.04378753222720586,-1.266750731612597,3.141592653589793,3.371237664143587
800,318.0814999079919,0,43.28085818612933,43.28085818612933,0.06017776561355591,0.4464929244972146,3.141592653589793,3.165255724751582
801,548.0156852999888,0,229.2500981676073,229.2500981676073,-1.038044169879464,-1.001771627376591,3.141592653589793,3.141802046346806
802,434.6784517931422,0,153.1493326302834,153.1493326302834,0.3866843606330218,0.05421898077996929,3.141592653589793,3.159135582701412
803,391.7251754144041,0,106.6803447323444,106.6803447323444,-1.374799573305466,-2.087033212757319,3.141592653589793,3.221316680839713
804,351.9079668426353,0,54.38505538689952,54.38505538689952,1.212461665594444,0.3132755902647605,3.141592653589793,3.267742339774689
805,318.503012566576,0,44.22441725955329,44.22441725955329,-2.082169924092997,-1.699716930782043,3.141592653589793,3.164786674198099
806,356.7751476298804,0,78.63784841762289,78.63784841762289,1.459771397766338,0.8097422321477195,3.141592653589793,3.208136891911596
807,508.3396474321523,0,71.08886651647011,71.08886651647011,2.840119120856478,0.8604573622512309,3.141592653589793,3.713309181791004
808,371.0183529824092,0,31.64876681309513,31.64876681309513,-2.43183239880345,-1.157104900994652,3.141592653589793,3.390359065756788
809,531.1545157153662,0,212.9470409022466,212.9470409022466,-1.113765404396888,-1.50904264835844,3.141592653589793,3.166362029314273
810,418.926513849861,0,143.776570478845,143.776570478845,-1.748592577525149,-1.494036408180135,3.141592653589793,3.151888837576758
811,346.59719078765,0,86.78615038965995,86.78615038965995,2.254035022975838,2.245342787413099,3.141592653589793,3.141604678511992
812,453.2992652931152,0,157.90236075518,157.90236075518,0.5578553916649442,1.126359275592829,3.141592653589793,3.19261664894651
813,375.2026073535558,0,107.876330874392,107.876330874392,0.5365374408766356,0.8866646083343277,3.141592653589793,3.161043092790939
814,621.5797142076981,0,81.49481329793802,81.49481329793802,-2.122147886534335,0.2909602855911116,3.141592653589793,3.961400693122064
815,395.0955874142026,0,97.65521122273182,97.65521122273182,0.9590069463518849,1.862119786888814,3.141592653589793,3.2688250494378
816,370.4673615771849,0,108.3890237622462,108.3890237622462,0.05293716504972379,0.1389182413059886,3.141592653589793,3.142769025328387
817,359.1612631622853,0,69.78116590716496,69.78116590716496,-0.2218060500296716,0.5994185288098578,3.141592653589793,3.24715478688336
818,323.0446634282529,0,58.04516905456179,58.04516905456179,0.5081530840179368,0.3238832603314324,3.141592653589793,3.14699217809813
819,424.5102320456099,0,100.9985650926618,100.9985650926618,-0.9604475341508933,0.2021340708110567,3.141592653589793,3.349806022635529
820,644.0314446621724,0,231.5594903665455,231.5594903665455,-0.5616186769694115,0.5792390970106102,3.141592653589793,3.342328658516395
821,389.7515410498297,0,117.72364582055,117.72364582055,2.919479329890203,2.500680077105564,3.141592653589793,3.169384359023426
822,319.524157380765,0,54.02156327595972,54.02156327595972,1.746393837370062,1.617576957675875,3.141592653589793,3.144232527912576
823,622.2183625221769,0,237.2749916376038,237.2749916376038,0.03962836930855812,0.9621679755254824,3.141592653589793,3.274245520135629
824,396.9269504979715,0,129.9519849245545,129.9519849245545,0.7607546540996143,0.7558941793092907,3.141592653589793,3.141596413498167
825,522.4779942123315,0,194.2962341463036,194.2962341463036,1.232217248622587,0.5189003309346062,3.141592653589793,3.221556367060685
826,554.2606128937771,0,196.3734215540332,196.3734215540332,-2.453251008054264,-1.477095888388189,3.141592653589793,3.289754279386174
827,428.057701951916,0,151.9222206643554,151.9222206643554,-1.529444135509039,-1.670774553550429,3.141592653589793,3.144770053303279
828,421.0674576923172,0,108.4449838271023,108.4449838271023,-1.33818862574282,-0.3012855329462458,3.141592653589793,3.308288443431204
829,370.8020084332705,0,108.9555272541057,108.9555272541057,-0.9411273911699841,-0.92503443240838,3.141592653589793,3.141633871795225
830,450.0751898236384,0,157.7976277622063,157.7976277622063,-0.4656067746205877,-0.9828616589383403,3.141592653589793,3.183890233101627
831,372.2162722558177,0,45.9116182438233,45.9116182438233,-0.8699816331016922,0.332926524938472,3.141592653589793,3.364014333763894
832,608.7460293933108,0,252.6122980571731,252.6122980571731,1.053652173812916,0.5184457595350079,3.141592653589793,3.186855865421838
833,316.6512699645795,0,50.57075344142694,50.57075344142694,2.927359728224339,2.888203934419447,3.141592653589793,3.141836656683133
834,312.5487856652799,0,40.46195497967962,40.46195497967962,-0.2682144937963283,-0.05149864629782121,3.141592653589793,3.149058614831797
835,348.2760635608815,0,45.88130375888186,45.88130375888186,-0.6455149144397465,-1.575821771676625,3.141592653589793,3.276442468548977
836,406.0152749273297,0,135.9758089773304,135.9758089773304,-0.7611639762281081,-0.9084435438677327,3.141592653589793,3.145043031841293
837,340.35614611509,0,72.1191305196745,72.1191305196745,0.1703015616901341,0.5935806574888159,3.141592653589793,3.169979431168207
838,611.9503855691332,0,204.1757293002052,204.1757293002052,0.9978021353123487,-0.2699093895027639,3.141592653589793,3.387727396240497
839,328.3844841490694,0,41.76613478223807,41.76613478223807,-1.849645307702653,-1.192301564032443,3.141592653589793,3.209626956272602
840,409.7554165756721,0,84.22462387149434,84.22462387149434,0.9459517268705174,2.163053207345218,3.141592653589793,3.369115672526407
841,458.6813482650577,0,91.19444593105892,91.19444593105892,-0.448779538466077,1.07950228150142,3.141592653589793,3.493601254054693
842,437.1003980000693,0,50.15714413332678,50.15714413332678,-1.761270601138732,-0.06490037532364359,3.141592653589793,3.57033280579294
843,444.5538220120939,0,107.382309156775,107.382309156775,1.062614990919482,2.322068065861005,3.141592653589793,3.384645690329937
844,310.8610928546866,0,40.62612384551239,40.62612384551239,1.245737088061041,1.208947180610593,3.141592653589793,3.141808061989078
845,780.5359234621324,0,194.1398612230105,194.1398612230105,1.301687065313935,-0.7773528833661201,3.141592653589793,3.767228624505941
846,374.1574039265312,0,105.5711243654153,105.5711243654153,0.8778206857062782,1.276273065513806,3.141592653589793,3.166759968810968
847,436.0220678774674,0,64.70597486275557,64.70597486275557,2.466474158918912,0.8730227101751339,3.141592653589793,3.522597325922026
848,397.2205723479198,0,86.14011105955186,86.14011105955186,0.6286605695628065,1.704519203617438,3.141592653589793,3.320704172545223
849,403.5005506188484,0,128.8610133960933,128.8610133960933,1.346572580372248,1.748167825907573,3.141592653589793,3.167156949430504
850,407.0518372545191,0,132.2921592594441,132.2921592594441,1.971054035709349,2.345889095512127,3.141592653589793,3.163875111812524
851,369.4896446468373,0,105.940166905069,105.940166905069,-0.4280154619858086,-0.208650214048414,3.141592653589793,3.149242053747535
852,349.2691852335678,0,84.88583090277909,84.88583090277909,1.383792242320595,1.708852125246593,3.141592653589793,3.158364818791082
853,378.6782982265216,0,115.5188413182388,115.5188413182388,0.8989939827398589,0.9219211658969416,3.141592653589793,3.141676313183278
854,366.6860599003166,0,61.1603081142249,61.1603081142249,0.06370256839086028,-0.9522594045428729,3.141592653589793,3.301784840285139
855,328.1970729191385,0,46.05671683199994,46.05671683199994,-0.4494422146615153,-1.052485344126966,3.141592653589793,3.198947548348494
856,514.7634865670884,0,176.8290920968664,176.8290920968664,-0.3934548339104548,-1.323046176689916,3.141592653589793,3.276239378564985
857,333.1343973555975,0,54.24745473015836,54.24745473015836,-0.8007177834570096,-0.207868648115776,3.141592653589793,3.197041522777614
858,373.0415089079148,0,110.3141381541285,110.3141381541285,-1.112145731731999,-1.230125807646423,3.141592653589793,3.143807198191729
859,459.2658794426401,0,135.9110485557441,135.9110485557441,2.113801675851242,1.087911405762325,3.141592653589793,3.304853286812059
860,360.9268319510039,0,22.04104347150829,22.04104347150829,0.2062327853151792,-1.008873545509023,3.141592653589793,3.36839543348141
861,379.1315257419319,0,112.4254786011474,112.4254786011474,-0.3809049256476882,-0.6807374343411595,3.141592653589793,3.155868174426615
862,379.9559121291721,0,114.3849608526926,114.3849608526926,-0.725958620431347,-0.4876272320816261,3.141592653589793,3.150619978950502
863,514.1009167841693,0,71.61176862988256,71.61176862988256,-1.402454762282727,0.603303886503779,3.141592653589793,3.727287506789787
864,429.770653730673,0,144.0035683811997,144.0035683811997,-1.450339703940912,-0.9346641482003261,3.141592653589793,3.183634036738161
865,358.0482349664719,0,83.7742056058192,83.7742056058192,-0.3292139991777636,-0.9068509175501466,3.141592653589793,3.194255595683618
866,450.7699283344832,0,145.3410879426685,145.3410879426685,1.669935649609716,0.8795965322233589,3.141592653589793,3.239481489615337
867,484.7107079811159,0,97.24211426417615,97.24211426417615,0.7560951649766968,2.396693154066723,3.141592653589793,3.54417355146381
868,313.8755319493096,0,27.5787912477133,27.5787912477133,1.305126436935923,1.785667538468004,3.141592653589793,3.178132179653802
869,467.1665207509944,0,173.1352729220065,173.1352729220065,0.7146895543428081,1.110786075168868,3.141592653589793,3.166464409226775
870,419.7373063652907,0,78.60311115397855,78.60311115397855,1.794107372466344,0.4367451405088797,3.141592653589793,3.422285293460191
871,368.9724603621054,0,104.8339482096127,104.8339482096127,-0.4172060410413488,-0.6716567338449995,3.141592653589793,3.151880320722475
872,377.7135248261336,0,108.4727525594835,108.4727525594835,0.1760606696458218,-0.2255716355405415,3.141592653589793,3.1671616488046
873,395.2465125423076,0,77.04771570022778,77.04771570022778,0.3874839460875316,-0.769118153427751,3.141592653589793,3.347735476063262
874,428.9123388015101,0,146.5060886539179,146.5060886539179,1.89119450988647,1.464939376679645,3.141592653589793,3.170378185591512
875,330.074836785011,0,38.3276416569927,38.3276416569927,-1.453029198265267,-0.7303289357414615,3.141592653589793,3.22364701394885
876,421.6272297371037,0,108.9408325249059,108.9408325249059,-0.5651327371452137,-1.601019212120358,3.141592653589793,3.307969950003444
877,404.1947550905812,0,17.69050009096811,17.69050009096811,1.199804789095402,-0.4015627741870887,3.141592653589793,3.526185258012213
878,578.083519513179,0,126.3829050973467,126.3829050973467,-0.005445502683671104,-1.88233033568784,3.141592653589793,3.659549299770458
879,348.9094354219474,0,82.00935844090245,82.00935844090245,-0.8628308293057828,-0.4588165541886683,3.141592653589793,3.167464591055086
880,404.8572133457398,0,118.0025439239338,118.0025439239338,-1.759825256722616,-1.066702574363917,3.141592653589793,3.217145233571136
881,444.4347299757571,0,139.2801097107794,139.2801097107794,0.3378188532807852,1.159631166854383,3.141592653589793,3.247303478246304
882,312.1306053814554,0,38.00955172713063,38.00955172713063,0.5969001144959506,0.3354108151321113,3.141592653589793,3.152456352556074
883,602.4901111787339,0,260.4502411074176,260.4502411074176,-0.582418483886444,-0.4470846722160509,3.141592653589793,3.144506263576302
884,487.4618481749741,0,170.9749535648581,170.9749535648581,-1.050477104456403,-0.2981313589721113,3.141592653589793,3.230422344189328
885,356.582727248669,0,92.44478995116657,92.44478995116657,-1.351669461431914,-1.043742714420402,3.141592653589793,3.156647475188582
886,395.9009083525667,0,125.903097282363,125.903097282363,-0.169561388007183,-0.4632230771109606,3.141592653589793,3.155287877315894
887,454.0597641141693,0,89.21110130590657,89.21110130590657,1.052481548125755,-0.4624341405967454,3.141592653589793,3.487774927518536
888,485.177709880327,0,188.7464453989664,188.7464453989664,-0.222299948004948,0.0004711608276033416,3.141592653589793,3.149481126792133
889,372.6299851246478,0,105.471395037262,105.471395037262,-0.7618660469916702,-0.4038413182363557,3.141592653589793,3.161927593650695
890,343.0410949537165,0,81.28890672951566,81.28890672951566,0.1681088593733557,0.3746092423022925,3.141592653589793,3.148372088753036
891,382.2294422995849,0,47.92683254978703,47.92683254978703,-0.8963249977004641,0.3888251714768685,3.141592653589793,3.394291584178632
892,342.9449429740572,0,46.38565891200786,46.38565891200786,-2.164557379494729,-1.312536693846774,3.141592653589793,3.25507966874259
893,372.3446595291214,0,13.72619873423967,13.72619873423967,1.093240273049036,2.441562134758992,3.141592653589793,3.418709733781791
894,401.4996183117505,0,128.7440550572056,128.7440550572056,1.14080381067875,1.493162103531616,3.141592653589793,3.161290996987077
895,349.3643273617163,0,32.87275813087674,32.87275813087674,-0.1941589361592871,0.8431785897718307,3.141592653589793,3.30842463172342
896,305.6840354197541,0,29.25794528330282,29.25794528330282,0.6264693976695638,0.5982351253429409,3.141592653589793,3.14171952523187
897,505.6549825806673,0,132.0686986234991,132.0686986234991,1.007136746645825,-0.4186458924583522,3.141592653589793,3.44999428043877
898,532.675369626538,0,205.6099847466363,205.6099847466363,-0.03819581383109286,0.5691974729105458,3.141592653589793,3.199770461434408
899,414.3145318233009,0,142.868808708251,142.868808708251,0.004848479146817483,-0.01082760508766802,3.141592653589793,3.141631764021093
900,360.4389096555824,0,92.06842411591921,92.06842411591921,-0.3946948158818609,-0.83167753847659,3.141592653589793,3.171838315698904
901,393.5487568876306,0,46.04273144625269,46.04273144625269,-1.3311860384908,0.06593842093038181,3.141592653589793,3.438249722780805
902,427.3363665516682,0,64.28214675756949,64.28214675756949,-0.2240441665756055,1.311000286106584,3.141592653589793,3.496564867523513
903,417.0974852413724,0,50.22792655170667,50.22792655170667,-0.1650705046009154,1.391295334704229,3.141592653589793,3.50597761356877
904,402.1962054007341,0,87.88844904500597,87.88844904500597,-2.524600814444542,-1.419007765072653,3.141592653589793,3.330456484013684
905,365.1407654293964,0,98.45284669686883,98.45284669686883,0.5092059331000324,0.1351990551195094,3.141592653589793,3.163777101166594
906,342.0028844844815,0,49.40329503359578,49.40329503359578,1.287647758697703,2.09598167294572,3.141592653589793,3.243918636157954
907,409.3130904327169,0,127.9050381228171,127.9050381228171,0.1924137210074858,0.7433924855053304,3.141592653589793,3.189542600439274
908,382.5145203685811,0,64.8199704523836,64.8199704523836,-0.5504240472877069,0.6012939644961812,3.141592653589793,3.346051221926644
909,422.5081512736706,0,101.3995514984117,101.3995514984117,0.213438964505395,-0.9261677899941499,3.141592653589793,3.341901847150862
910,864.8635689926374,0,405.0153194187208,405.0153194187208,-0.5329723841823116,-0.4337129517455005,3.141592653589793,3.143160326171262
911,556.4205439268798,0,193.8543680166639,193.8543680166639,-0.8607175079015159,0.1673002522416409,3.141592653589793,3.305514319475732
912,365.3639913114007,0,74.28187587662399,74.28187587662399,1.356037793511532,2.204697781407604,3.141592653589793,3.254201618852944
913,370.6811345440888,0,86.61713668452728,86.61713668452728,-1.362846229655679,-0.6187119258156387,3.141592653589793,3.228519825437171
914,488.1226789394327,0,170.9607128748881,170.9607128748881,-0.5739357415762099,0.1861747649008481,3.141592653589793,3.232239530595801
915,324.6083493383244,0,61.56548159003531,61.56548159003531,-2.244873009717846,-2.334078358815912,3.141592653589793,3.14285888887762
916,356.3912323545902,0,67.34601880299115,67.34601880299115,-0.6556752959678561,-1.468612627586246,3.141592653589793,3.245068798381351
917,386.0991409317338,0,41.96094288798792,41.96094288798792,1.633111823478819,2.990842374708491,3.141592653589793,3.422431394612869
918,362.4443726693823,0,93.17154132625318,93.17154132625318,1.292689450215988,1.750229492454806,3.141592653589793,3.174735782918203
919,372.465350912165,0,79.18266672188923,79.18266672188923,-0.07509147909551632,0.8030962252664317,3.141592653589793,3.262026677570535
920,420.0846229010248,0,96.68661488889865,96.68661488889865,2.059746929015994,0.8867884390869341,3.141592653589793,3.353421539291775
921,452.6138684245756,0,73.16121784582883,73.16121784582883,0.0232509996251443,1.66445628685319,3.141592653589793,3.544454710659264
922,366.4521743765455,0,74.19358446296611,74.19358446296611,-1.472647375037402,-0.608102597050807,3.141592653589793,3.258380283857802
923,406.3387443004565,0,137.0070714655726,137.0070714655726,-0.5731783316537924,-0.5989555399550728,3.141592653589793,3.14169840461448
924,336.8607129928416,0,76.60409537600587,76.60409537600587,0.1965699452935693,0.1873907687568461,3.141592653589793,3.141606063524077
925,373.6725881566808,0,71.00138449266188,71.00138449266188,-0.7184714994176813,0.2745797498617004,3.141592653589793,3.294807306169012
926,465.4260296137054,0,153.8275653995883,153.8275653995883,0.03208002566009102,-0.7777950827662748,3.141592653589793,3.244303021041342
927,421.0549671306516,0,146.5534287499555,146.5534287499555,1.333481736601585,1.510115259003306,3.141592653589793,3.146554274492241
928,398.890651077205,0,45.27957445102179,45.27957445102179,0.2019449165261941,-1.243940874973327,3.141592653589793,3.458350780812952
929,364.5604031016351,0,68.26483270303885,68.26483270303885,0.6533133593528572,1.566438821159472,3.141592653589793,3.27160549426255
930,381.057497335921,0,116.9533418232914,116.9533418232914,0.3209984457777076,0.2043912564645027,3.141592653589793,3.143755976167502
931,370.6000331994902,0,86.14869972095208,86.14869972095208,0.4761616112533967,-0.2743096809197579,3.141592653589793,3.229986309795353
932,345.5688620695188,0,74.60432523840819,74.60432523840819,-2.078738705368145,-1.579054504964198,3.141592653589793,3.181082944725379
933,371.9551133145549,0,109.6992489514843,109.6992489514843,1.846141702036651,1.767275996760416,3.141592653589793,3.142582409509427
934,364.0325047837595,0,68.06647049380466,68.06647049380466,0.2397966849505745,-0.6688678338502014,3.141592653589793,3.270363222765448
935,423.6641390949145,0,80.76026250360331,80.76026250360331,0.06778734238098851,-1.300896605175099,3.141592653589793,3.426791524062569
936,328.2257318696282,0,59.21868064318203,59.21868064318203,0.4477561480675045,0.07253335502863902,3.141592653589793,3.163921071314082
937,350.2013737491454,0,71.88810729708229,71.88810729708229,-1.234733302198049,-1.881150565536822,3.141592653589793,3.207407002460358
938,438.025233895956,0,154.0130842876962,154.0130842876962,-0.9580453007750687,-1.344412948330006,3.141592653589793,3.165262131351287
939,395.5497583735084,0,125.9347388817865,125.9347388817865,1.292685186302792,1.57242261846153,3.141592653589793,3.1540224209793
940,393.9018648099231,0,126.7047104766418,126.7047104766418,-0.2073248018348266,-0.0511437503020355,3.141592653589793,3.145472448130367
941,336.5648061942216,0,75.63705555689346,75.63705555689346,-0.7747852441357256,-0.8925764199799914,3.141592653589793,3.143800114860379
942,513.8421318955201,0,205.5862626339559,205.5862626339559,0.5072159571330414,0.7833788649910014,3.141592653589793,3.153707398089734
943,498.5882265009282,0,159.5693803676629,159.5693803676629,-2.094011389560854,-1.053868967576587,3.141592653589793,3.309305162583327
944,350.0028620776492,0,58.51886768798449,58.51886768798449,1.638703807856299,0.8108734442515604,3.141592653589793,3.248831714939282
945,310.0015023954966,0,28.27803575899554,28.27803575899554,0.2780822015689786,0.6292145568187533,3.141592653589793,3.161154588436417
946,485.7736780476263,0,109.8324462391796,109.8324462391796,1.069758714245754,-0.4585751988280369,3.141592653589793,3.493624042586839
947,430.3678064715924,0,153.2744838488019,153.2744838488019,1.638033897912355,1.802322329073252,3.141592653589793,3.145885422214653
948,339.2487346741097,0,56.55718086661531,56.55718086661531,0.9673626358971117,1.645948686287029,3.141592653589793,3.214044714821676
949,375.2599130291003,0,109.4906222941817,109.4906222941817,0.2900531810791656,0.002709292841197977,3.141592653589793,3.154706152908235
950,442.6709104117235,0,162.6776633347487,162.6776633347487,-0.3746155463737131,-0.4201292482372055,3.141592653589793,3.141922325288561
951,459.6869570860526,0,118.721585840389,118.721585840389,-1.191416619010663,-2.440643725495717,3.141592653589793,3.380853851420729
952,312.8256748337439,0,40.99361309194195,40.99361309194195,0.1966679771947825,-0.01984815804955369,3.141592653589793,3.149044877087416
953,315.7086206577484,0,38.93917393912307,38.93917393912307,-0.7169704583487899,-0.3318176280005022,3.141592653589793,3.165114074376254
954,359.7586827888843,0,28.94855265535983,28.94855265535983,0.4680079429819021,1.642586692812463,3.141592653589793,3.353988616653742
955,356.0878003299541,0,95.82353067762645,95.82353067762645,0.5070288029571877,0.4600534239961238,3.141592653589793,3.14194383898215
956,377.0244462151898,0,111.1712762982766,111.1712762982766,1.11739977925957,0.839410985000038,3.141592653589793,3.153867811247521
957,376.2559278214226,0,112.4946012423438,112.4946012423438,0.0297614075051846,-0.1343016931142093,3.141592653589793,3.145873662764321
958,407.4741210420899,0,137.4628289277166,137.4628289277166,0.8914315465516065,0.7870960298341497,3.141592653589793,3.14332472091861
959,432.9864611508187,0,72.62997000253081,72.62997000253081,2.091477025907318,0.5809688372969914,3.141592653589793,3.485862789747785
960,438.3729650168221,0,148.6080639229198,148.6080639229198,0.4018536159991453,0.9519163875946453,3.141592653589793,3.189384494504337
961,418.9595624478484,0,142.1990223864802,142.1990223864802,-0.4609315771942271,-0.1326700303753012,3.141592653589793,3.15869594044905
962,406.8353856342475,0,125.967844682558,125.967844682558,0.7404083808964566,0.1872265862490647,3.141592653589793,3.189923901759832
963,405.8809200355994,0,133.4630684390445,133.4630684390445,-1.728744448575617,-2.021917608909958,3.141592653589793,3.155242447583035
964,429.4392536850702,0,153.1494238468333,153.1494238468333,0.3491821921065691,0.4632977047638233,3.141592653589793,3.143664541791695
965,421.4893806344676,0,132.3692582988385,132.3692582988385,1.500402023763385,2.151367512673591,3.141592653589793,3.208326739726093
966,457.9870886535938,0,99.33013477611881,99.33013477611881,-0.6523346973368714,0.7933988102323243,3.141592653589793,3.458287115899674
967,331.3830150615001,0,52.52947293828442,52.52947293828442,0.9015352288180358,1.482798846700791,3.141592653589793,3.194913425206309
968,484.8477654463422,0,180.2624312529086,180.2624312529086,0.1996429034370284,-0.318523307624918,3.141592653589793,3.18403841424309
969,449.2084983033331,0,137.8836362129696,137.8836362129696,-0.5389322688585984,0.3585312657693114,3.141592653589793,3.267268767193201
970,399.9882567381644,0,119.3564347585785,119.3564347585785,-0.77263867887292,-1.359145411848861,3.141592653589793,3.195871485043707
971,427.0513966269491,0,76.83732913585099,76.83732913585099,-0.3716326213045881,-1.802311149679046,3.141592653589793,3.452020488444566
972,330.0963951488729,0,44.48381953492308,44.48381953492308,-1.121130776030342,-1.780920122283329,3.141592653589793,3.210128717437714
973,310.1240044659033,0,39.08704029574739,39.08704029574739,-2.222130288273216,-2.274419667721211,3.141592653589793,3.142027781591438
974,448.9267222523027,0,143.3169060604934,143.3169060604934,1.603079348276139,2.407382568932408,3.141592653589793,3.24291659958245
975,335.3348662158856,0,66.49919078384583,66.49919078384583,-0.004499101829282085,0.4129855195871077,3.141592653589793,3.169210912862781
976,392.7583231468714,0,124.0160137118269,124.0160137118269,-0.9609071418735928,-1.229014159278848,3.141592653589793,3.153012174710288
977,369.579492289807,0,35.5946403295644,35.5946403295644,-0.5987397364939098,-1.839374237492194,3.141592653589793,3.377688316905013
978,487.6479394432652,0,170.8155457489005,170.8155457489005,0.8195324983976681,0.06214588948063948,3.141592653589793,3.231600048962773
979,509.3869649322391,0,205.801469135626,205.801469135626,-0.2239445863103716,-0.1940145449329431,3.141592653589793,3.14173522252691
980,353.6225470412858,0,56.70574869848753,56.70574869848753,1.257011268054998,0.3586679687133391,3.141592653589793,3.267510533198235
981,349.4365430609684,0,81.39094115558059,81.39094115558059,0.6402833120155632,0.2049230633795653,3.141592653589793,3.171615195319533
982,325.0219603608717,0,62.38136896978082,62.38136896978082,1.908579705181796,1.961358800209812,3.141592653589793,3.142035969552439
983,383.1989501785964,0,46.6630385547606,46.6630385547606,0.08886810112213284,1.391397389263297,3.141592653589793,3.400909723523235
984,401.8884459891772,0,113.9609617637591,113.9609617637591,2.296017784350417,1.569565846411542,3.141592653589793,3.224490164231317
985,500.6752265974127,0,181.5347685711913,181.5347685711913,-1.601063930990583,-0.8944975342549177,3.141592653589793,3.220068395870712
986,402.5907438462341,0,108.6451280243773,108.6451280243773,1.605439307193472,0.7778893853903102,3.141592653589793,3.248760267265927
987,361.5988706583625,0,98.15018788330674,98.15018788330674,-1.402634425630226,-1.140546959809655,3.141592653589793,3.152506025502506
988,437.1578737209375,0,158.3956651947892,158.3956651947892,-0.9920920540335811,-0.8666142956561583,3.141592653589793,3.144097496728875
989,410.7909460040596,0,135.3192000643641,135.3192000643641,-0.3719454401268009,-0.006737266697931828,3.141592653589793,3.16274902751208
990,325.5021341417773,0,55.00939693042582,55.00939693042582,-1.750563981727425,-1.364723949633369,3.141592653589793,3.165197771302087
991,302.7838427678698,0,19.87436214476312,19.87436214476312,0.4261307636636619,0.3606860938070408,3.141592653589793,3.14227424103976
992,432.7038180640823,0,84.70030076405345,84.70030076405345,1.967024654317,0.5649726192436426,3.141592653589793,3.440254977489706
993,436.3584448168254,0,147.8095852495821,147.8095852495821,1.067592696956292,1.602972819509801,3.141592653589793,3.186885042908634
994,426.3252931574448,0,112.8542571951628,112.8542571951628,-1.302937144473873,-0.2729026283956426,3.141592653589793,3.306142087902737
995,405.5069027612581,0,44.2954105895781,44.2954105895781,-2.823342155183258,-1.319300237026983,3.141592653589793,3.48306567446848
996,536.6354015393462,0,209.044686393768,209.044686393768,0.5127447808077579,1.096157614429529,3.141592653589793,3.195305139657861
997,428.6787299700553,0,113.8884045802458,113.8884045802458,0.7171432126977936,1.75638149349216,3.141592653589793,3.309021094728438
998,365.1912668150697,0,90.42317991660519,90.42317991660519,1.713812660836296,1.132559913296973,3.141592653589793,3.194911447538315
999,324.3966113492432,0,27.96754515420318,27.96754515420318,-1.137355077555793,-0.4310845580762856,3.141592653589793,3.220003485677494
1000,352.6871410405535,0,91.71893242562486,91.71893242562486,1.234014125979531,1.388453050175589,3.141592653589793,3.14538642815095
