event_index,m_H2H2,pT_H2H2,pT_H2_leading,pT_H2_subleading,y_H2_leading,y_H2_subleading,delta_phi_H2H2,delta_R_H2H2
1,413.9372843343596,0,109.8017447866515,109.8017447866515,-1.272366241412944,-0.3287902494921841,3.141592653589793,3.280234755870165
2,372.8248616235643,0,83.82987605692252,83.82987605692252,0.7228227174908779,1.540906359453619,3.141592653589793,3.246361847720673
3,354.0081129674914,0,90.07975446644068,90.07975446644068,1.097836780882841,1.402533371732679,3.141592653589793,3.156334014892098
4,360.7728067557317,0,99.60313314596996,99.60313314596996,-1.392087892653245,-1.271262278827358,3.141592653589793,3.143915270812138
5,459.4964903434669,0,72.95456336424765,72.95456336424765,0.09378866802070278,1.780871151783666,3.141592653589793,3.565929290957571
6,327.7809133174896,0,23.63394567710322,23.63394567710322,-2.310488369067195,-1.519224522273526,3.141592653589793,3.239707220773518
7,383.1163844644894,0,37.39932077583504,37.39932077583504,2.733999058279911,1.377075342788721,3.141592653589793,3.422111390757433
8,343.682363749178,0,68.66506478507097,68.66506478507097,-0.05490665842399023,0.5203782628212593,3.141592653589793,3.19383110725998
9,351.194005601053,0,91.29192599669726,91.29192599669726,-0.7609515650451555,-0.757503652598024,3.141592653589793,3.141594545639141
10,325.7868572581035,0,59.36784046720852,59.36784046720852,1.554549522887333,1.275552015773124,3.141592653589793,3.15395688145309
11,304.683339661997,0,20.85257975241574,20.85257975241574,-1.121409793265222,-0.90357467056699,3.141592653589793,3.149135840475972
12,357.0363227967009,0,96.78529145667255,96.78529145667255,0.09514497121269511,0.08216965988618476,3.141592653589793,3.141619448595482
13,394.8092740263056,0,92.39369727780826,92.39369727780826,0.8503600048236882,-0.1219601315509232,3.141592653589793,3.288618379911068
14,304.6430082286087,0,26.01048151375978,26.01048151375978,0.4080062818581389,0.4740677195257584,3.141592653589793,3.142287147069165
15,423.0656394424622,0,65.32900201372701,65.32900201372701,2.119561791244258,0.6238639589793158,3.141592653589793,3.479470707813389
16,400.8174916757019,0,131.2489937315887,131.2489937315887,-0.4834266947427981,-0.6928959463093284,3.141592653589793,3.148568209272462
17,427.4526478931953,0,76.00911355884659,76.00911355884659,-0.4024211477261888,-1.843406449242554,3.141592653589793,3.456304824559831
18,369.5256630778474,0,107.8414150284135,107.8414150284135,-0.8748130211761483,-0.9045252223194519,3.141592653589793,3.141733154802638
19,324.1218984703964,0,8.85838906523421,8.85838906523421,0.6492535177933536,-0.1382512356952269,3.141592653589793,3.238791153788164
20,358.7259743389371,0,83.42404873747508,83.42404873747508,-2.143899153899594,-2.741724326383732,3.141592653589793,3.197968001394799
21,404.1552168120407,0,61.15068176718464,61.15068176718464,0.6061016032651992,-0.7735124140934039,3.141592653589793,3.431171700451859
22,337.7017993098736,0,30.97824646560489,30.97824646560489,-2.396331976136176,-1.498748945097599,3.141592653589793,3.267301592858816
23,338.2067565282201,0,74.96012017293775,74.96012017293775,0.3171994059373064,0.05745964845581485,3.141592653589793,3.152311714076814
24,306.955546316496,0,2.4449759276792,2.4449759276792,-1.79376525207541,-2.222356009774193,3.141592653589793,3.170693053367698
25,315.700919508882,0,31.84280131946451,31.84280131946451,-0.4040833220829212,0.07968649744032039,3.141592653589793,3.178621971762435
26,452.2036391722473,0,162.6762571893848,162.6762571893848,1.227748410293048,1.644642577236693,3.141592653589793,3.169133185513192
27,543.5858592369253,0,225.5625314239276,225.5625314239276,0.866905656802843,1.03064691756869,3.141592653589793,3.14585689464199
28,303.7064417912489,0,15.63117822253808,15.63117822253808,0.395812479805331,0.6306660642325119,3.141592653589793,3.150358806105687
29,317.7200501179339,0,50.82935784237396,50.82935784237396,1.08262220314945,0.9266397996174409,3.141592653589793,3.14546259098737
30,340.5484147148823,0,31.36151220019934,31.36151220019934,0.5651336351608102,1.499525176324511,3.141592653589793,3.277604606002321
31,386.7154361975749,0,106.4890997958573,106.4890997958573,-2.226618564207928,-1.589894462308231,3.141592653589793,3.205467513956323
32,356.2259562860743,0,74.81081952087766,74.81081952087766,-1.254995941252408,-0.5509859188069371,3.141592653589793,3.219508427197082
33,308.6375389658968,0,36.03161522888992,36.03161522888992,0.9958618995153653,0.9440009187424236,3.141592653589793,3.142020681411262
34,345.9260711753889,0,85.2424347018454,85.2424347018454,0.8296915633721185,0.9715192910100103,3.141592653589793,3.144792442342783
35,314.5286004486364,0,22.28838448359318,22.28838448359318,-0.1471453264070941,-0.6898526013800036,3.141592653589793,3.188124148680205
36,410.2294647840207,0,132.9433499729277,132.9433499729277,-0.7999173827860249,-1.231294800787001,3.141592653589793,3.171070935480716
37,340.0346403168767,0,79.99499791341077,79.99499791341077,0.06424823609380174,0.03382075831044475,3.141592653589793,3.141740000778806
38,360.8117339393444,0,100.1149704559175,100.1149704559175,-0.3268815477689777,-0.2733910477987867,3.141592653589793,3.142048000059263
39,418.0773054829577,0,72.60247253694858,72.60247253694858,-2.135475862881717,-0.7375518601693382,3.141592653589793,3.438574692870398
40,618.787315563494,0,270.0366782537841,270.0366782537841,-1.074582151463086,-1.187526560773679,3.141592653589793,3.143622248407699
41,372.4248495793827,0,101.8361264050763,101.8361264050763,0.842499022931139,1.306912935818992,3.141592653589793,3.175733723657127
42,432.1269796046685,0,85.91296312886054,85.91296312886054,0.1129936955154055,1.4990849503553,3.141592653589793,3.433781205585613
43,373.8272758625459,0,93.63669387129811,93.63669387129811,0.4112606096825466,-0.2610934518342741,3.141592653589793,3.212734720627821
44,391.1021930733155,0,74.08290590591086,74.08290590591086,-1.72557088942578,-2.872167325463037,3.141592653589793,3.344291821630208
45,353.7604617204074,0,81.42529779714913,81.42529779714913,0.1780472324708514,-0.359626533285986,3.141592653589793,3.187271165036401
46,465.5524536518937,0,118.1884625628686,118.1884625628686,1.258434869998024,-0.04196415383657329,3.141592653589793,3.400094413730203
47,362.9501304389432,0,82.13243255248771,82.13243255248771,-1.188462054688017,-1.884496904439722,3.141592653589793,3.217773906469849
48,368.5874381886754,0,103.5027595202773,103.5027595202773,-0.6821647854213556,-0.9818568680460988,3.141592653589793,3.155854835932305
49,351.55586543502,0,69.10492850795818,69.10492850795818,-0.1675261608909794,0.5460904803150894,3.141592653589793,3.221622745092229
50,327.1604994037841,0,34.37902181879099,34.37902181879099,0.3396610189887401,-0.3664462647728755,3.141592653589793,3.219967685749434
51,339.4809933467263,0,50.86216311634204,50.86216311634204,-0.008180643795105171,0.7445786070536644,3.141592653589793,3.230518672106347
52,341.4495441463184,0,77.73418991816054,77.73418991816054,-0.9616833757261019,-1.251687592067747,3.141592653589793,3.154949579087642
53,317.4410878810982,0,51.81778672625649,51.81778672625649,0.479617555521003,0.4459723533443788,3.141592653589793,3.14177281176072
54,457.081509306629,0,162.2380713793991,162.2380713793991,-1.220157399025212,-0.6975778614773323,3.141592653589793,3.184759610104523
55,364.6472462253303,0,102.360947720857,102.360947720857,0.7861110880960306,0.9648661547643644,3.141592653589793,3.146674081462673
56,409.3395206319925,0,135.8340863446684,135.8340863446684,2.683155766505737,2.38147895656586,3.141592653589793,3.156043931688033
57,348.3030889620861,0,43.59181668660003,43.59181668660003,-0.1746367169709042,0.7751026760023318,3.141592653589793,3.282012997484094
58,394.3777300179186,0,107.7612459791842,107.7612459791842,0.3061127842231673,-0.4254226554232519,3.141592653589793,3.225639239057592
59,325.1825208277116,0,44.37900578469169,44.37900578469169,-1.054366044268177,-0.4947331947467667,3.141592653589793,3.191048938413952
60,339.5216710113522,0,71.24734026946129,71.24734026946129,-0.3738003398096789,-0.7952175916537236,3.141592653589793,3.169731361052722
61,380.7697553782315,0,77.18868851953488,77.18868851953488,-2.893225686331804,-1.889599103560868,3.141592653589793,3.298010115013874
62,344.1291744701297,0,83.78614024347347,83.78614024347347,-0.4846685785120236,-0.5926313299437991,3.141592653589793,3.143447209161635
63,424.0157183838236,0,93.20443841618358,93.20443841618358,0.7460207451891882,1.99227331733469,3.141592653589793,3.379755889804563
64,398.5243424745191,0,99.85711067946616,99.85711067946616,0.035336204198657,-0.8767125092447358,3.141592653589793,3.271305130491973
65,314.769567047234,0,47.64059958710651,47.64059958710651,-1.597821915036611,-1.605268236204317,3.141592653589793,3.141601478352767
66,389.177146676075,0,69.81190474897168,69.81190474897168,-0.7955276107562784,0.3746942956450565,3.141592653589793,3.352465318435216
67,593.3564035806015,0,255.7493035893,255.7493035893,1.631750210682405,1.560937148904261,3.141592653589793,3.142390633070267
68,403.8407499548904,0,68.39709961234102,68.39709961234102,-1.803530051638404,-0.4863770377757544,3.141592653589793,3.406537312729279
69,301.9093836446324,0,13.38086141124167,13.38086141124167,1.108192425295453,0.9701127446315614,3.141592653589793,3.144625637385411
70,443.3789459795387,0,163.1792138232386,163.1792138232386,0.03904798507532366,0.07813505508355799,3.141592653589793,3.141835800950009
71,352.1868102465875,0,70.48021888997516,70.48021888997516,-2.981504643240096,-2.277963191457294,3.141592653589793,3.219405997302299
72,456.051374256337,0,170.1298927544439,170.1298927544439,0.5468048869865872,0.7535212570119452,3.141592653589793,3.148386262631353
73,326.0352048507627,0,63.38560001043633,63.38560001043633,-0.9609066649432869,-1.053602570252872,3.141592653589793,3.142959899831768
74,323.234372261942,0,10.98146869975117,10.98146869975117,-2.616843015922967,-1.849180351297544,3.141592653589793,3.234023866292449
75,390.9627897828693,0,12.04368382017312,12.04368382017312,-1.809983091002708,-0.2994577535899716,3.141592653589793,3.485870220770592
76,387.9071049865282,0,90.10185252718729,90.10185252718729,1.021639826703994,0.0985067086569818,3.141592653589793,3.27441279540692
77,471.7099675681397,0,48.1851600780986,48.1851600780986,-0.8770708232247876,-2.796582325023158,3.141592653589793,3.68159324296229
78,415.2014112396225,0,135.1167713358157,135.1167713358157,0.8908734448778671,0.4159693534443002,3.141592653589793,3.17728473655568
79,502.1372616255335,0,196.9369372889755,196.9369372889755,0.9878086199075182,0.6513055273095202,3.141592653589793,3.159563060364103
80,383.1883715962052,0,27.12183561555451,27.12183561555451,0.03731543807044214,1.441906407753591,3.141592653589793,3.441290483700091
81,452.2191969023142,0,101.1054362732841,101.1054362732841,0.1280948861530889,-1.258099796363823,3.141592653589793,3.433822956840891
82,323.8145553848945,0,53.95725357516072,53.95725357516072,-0.2263809832020852,-0.5799712402498496,3.141592653589793,3.161428549084806
83,413.2590100360653,0,76.59812306236776,76.59812306236776,0.6190565640108612,-0.7037772809120951,3.141592653589793,3.408737857677385
84,360.876713014826,0,88.54061376247267,88.54061376247267,0.8193146358202756,1.353762495831753,3.141592653589793,3.18672856016326
85,411.1118115518872,0,85.98884500029673,85.98884500029673,0.4148666361136437,-0.7958018601085632,3.141592653589793,3.366797084594541
86,371.989743022452,0,106.0941165348581,106.0941165348581,1.513294292650374,1.199438918947215,3.141592653589793,3.157231318210895
87,406.3626924252835,0,116.2315793841,116.2315793841,0.2197916050887219,-0.5279850438438071,3.141592653589793,3.229361286350309
88,415.2486602761273,0,136.8691353598924,136.8691353598924,-1.944315486422488,-1.521027998014669,3.141592653589793,3.169980551822354
89,366.2663145080895,0,89.63105760001378,89.63105760001378,1.982680553733974,2.600148654174166,3.141592653589793,3.2016981831757
90,367.1901192170213,0,96.20302692480107,96.20302692480107,-1.08064516710813,-0.5897092677824697,3.141592653589793,3.179720500033934
91,418.148721950775,0,126.5819103547655,126.5819103547655,-1.31688085034942,-0.5984002025051687,3.141592653589793,3.222703654141357
92,445.83536514687,0,108.6669293824996,108.6669293824996,0.2741587493389346,1.529366435421481,3.141592653589793,3.383068242925356
93,435.8671229641802,0,158.0137037237377,158.0137037237377,-0.6528723955960642,-0.7003071950456566,3.141592653589793,3.14195074138475
94,341.4554852589979,0,75.56568659902055,75.56568659902055,-1.415167748857437,-1.777829967055201,3.141592653589793,3.162456052753537
95,326.9221847334417,0,48.3720896678488,48.3720896678488,1.742258914899118,1.198802345503756,3.141592653589793,3.188251784898478
96,438.5888365208083,0,154.645671975396,154.645671975396,-0.5764976783199052,-0.1988405380737781,3.141592653589793,3.164210694101807
97,386.4076700446959,0,121.5731204599918,121.5731204599918,-0.4722869957116424,-0.5438107924901162,3.141592653589793,3.142406729657217
98,383.1673440839944,0,61.537719382962,61.537719382962,-0.8748354879327983,0.3131119289951422,3.141592653589793,3.358693714299523
99,321.5289781720493,0,28.61566029506522,28.61566029506522,0.5640159133465114,1.210974741145431,3.141592653589793,3.207516192625738
100,367.3571167873666,0,100.9521946335792,100.9521946335792,-0.1680039199897761,-0.5239515747460897,3.141592653589793,3.161693080299838
101,359.5300193875554,0,28.83872290408701,28.83872290408701,-0.427463359473809,-1.600147456102932,3.141592653589793,3.35332557196229
102,584.0869502752028,0,227.9203555504839,227.9203555504839,0.3434968704701437,1.089316425730774,3.141592653589793,3.228908671687467
103,307.9408315603694,0,22.66535566047596,22.66535566047596,0.1734997595017514,0.5188821554996079,3.141592653589793,3.16052106472249
104,307.3501223406835,0,9.164264099076501,9.164264099076501,2.331876635124967,1.907526374313725,3.141592653589793,3.170122638785434
105,572.2257099951617,0,233.5746836877411,233.5746836877411,-0.7606766069985066,-1.254972649079778,3.141592653589793,3.18024102519079
106,344.5120824258651,0,65.76931573577325,65.76931573577325,0.305313386388312,-0.3351816147640155,3.141592653589793,3.206218683681835
107,361.6561565993428,0,100.9601455510683,100.9601455510683,1.388894607966654,1.362158099273554,3.141592653589793,3.141706421992108
108,416.9870870755919,0,86.15166240932604,86.15166240932604,1.873205026146652,0.6126027634891815,3.141592653589793,3.385073480104456
109,370.7731575853037,0,35.1113342036882,35.1113342036882,2.339755750825157,1.084878316692052,3.141592653589793,3.382945724629031
110,339.6945321665525,0,73.23031277133906,73.23031277133906,0.706202766733159,0.332263740825633,3.141592653589793,3.163769080730455
111,590.3237777345073,0,220.094842188369,220.094842188369,-2.910765639844147,-1.98867422184256,3.141592653589793,3.274119268481455
112,335.7862681763273,0,70.08011787500985,70.08011787500985,0.3554284652475054,0.02029890004114042,3.141592653589793,3.159417070689586
113,387.9163768229762,0,122.8874505716582,122.8874505716582,1.59650914634625,1.640811869792401,3.141592653589793,3.141905016450068
114,446.4629632257207,0,92.49599397986401,92.49599397986401,-0.5728561825436966,-2.002976081646357,3.141592653589793,3.451789003820883
115,532.5593302521841,0,112.1853044805099,112.1853044805099,0.08434026334357687,-1.693080543140368,3.141592653589793,3.609546941710468
116,334.766692584826,0,64.42450412707798,64.42450412707798,-0.714686355189898,-1.163808747092699,3.141592653589793,3.173533570642959
117,372.6619130647123,0,106.1768763427172,106.1768763427172,2.103706326571675,2.436834473598918,3.141592653589793,3.159205400639718
118,461.4548061766042,0,157.1150807742363,157.1150807742363,-0.8120219083753648,-0.1103539699564489,3.141592653589793,3.218997094887538
119,413.5704625377386,0,109.7845861500394,109.7845861500394,0.9803246544116498,0.04054038140349008,3.141592653589793,3.279146059705611
120,354.8854925396204,0,61.48709894631136,61.48709894631136,-1.217299427263357,-0.3542468514254636,3.141592653589793,3.257984676107268
121,406.1718887181956,0,21.48798745340595,21.48798745340595,2.380526953816365,0.7742598824048863,3.141592653589793,3.528413001023288
122,425.4829955521669,0,88.29046328884044,88.29046328884044,0.6030677462048954,1.912989146948854,3.141592653589793,3.40374771057086
123,459.6786429878164,0,31.3545825588186,31.3545825588186,-1.669311367842761,0.2552595391925407,3.141592653589793,3.684233648575514
124,440.3925644736506,0,41.59881214052034,41.59881214052034,0.8921736784650607,2.655664144795576,3.141592653589793,3.602707735291329
125,320.4968349019307,0,26.07856135332124,26.07856135332124,3.183624238144495,2.538144753188016,3.141592653589793,3.207218135174008
126,348.5912280713522,0,76.71516552677883,76.71516552677883,-0.9683465436602422,-0.444311093707606,3.141592653589793,3.184998831066727
127,380.6044800984972,0,110.4292660452915,110.4292660452915,1.113097941209947,0.6974320898858746,3.141592653589793,3.168971836581437
128,418.1149882092884,0,81.40402902018211,81.40402902018211,0.6478385439963422,-0.6697182456382006,3.141592653589793,3.406693454803564
129,303.4402714962844,0,22.58625356621154,22.58625356621154,-1.730964850820438,-1.770209241212554,3.141592653589793,3.141837762085529
130,369.0513687354943,0,107.2039703264508,107.2039703264508,-0.7149141082638213,-0.6330122150576405,3.141592653589793,3.142660070895373
131,375.9528836856577,0,102.3260219269044,102.3260219269044,-0.8139378872258607,-0.2845438444542373,3.141592653589793,3.185884877645682
132,413.1428667171723,0,138.9955124685245,138.9955124685245,-0.9854541549025161,-0.7009448570414246,3.141592653589793,3.154449229526253
133,506.2637935127721,0,203.883448066775,203.883448066775,-0.9991125574933484,-0.9777691032876917,3.141592653589793,3.141665154679408
134,368.9561236571453,0,55.8412942186077,55.8412942186077,0.8919866891637321,-0.1992426452351446,3.141592653589793,3.325715841941697
135,394.0810878747252,0,121.8622793277438,121.8622793277438,0.2488927244456663,0.6437103398501396,3.141592653589793,3.166304683779347
136,350.4326041498518,0,87.10649244713565,87.10649244713565,2.845100895418111,3.129663250416947,3.141592653589793,3.154454015352236
137,499.7200009724324,0,192.2305636098854,192.2305636098854,-0.2204994875210796,0.2234210383739211,3.141592653589793,3.172801575012256
138,452.3879611312036,0,92.57653324192029,92.57653324192029,0.07917159272199742,1.551026247540852,3.141592653589793,3.469288187222458
139,368.5884935545022,0,105.0489726033421,105.0489726033421,0.01680519642511409,0.2425551641645343,3.141592653589793,3.149693230939119
140,349.4290611064196,0,78.74619642960793,78.74619642960793,-0.7476193716412416,-1.24664343118077,3.141592653589793,3.180979316670995
141,906.1969735589528,0,427.2609677146069,427.2609677146069,-0.4930939078977133,-0.4237917031865954,3.141592653589793,3.142356949276638
142,429.4525488653441,0,134.5834729389268,134.5834729389268,-0.8449809347208582,-0.1249866217684801,3.141592653589793,3.223041453623134
143,499.4800421064643,0,174.1797362636491,174.1797362636491,2.632390692570874,1.806609999636982,3.141592653589793,3.248310045841027
144,324.6086087252072,0,50.18724422819427,50.18724422819427,0.7076713272379836,1.163782997178993,3.141592653589793,3.174530241869769
145,338.9818656340275,0,78.78628352875143,78.78628352875143,0.401224776754609,0.3485761866026917,3.141592653589793,3.14203378007531
146,454.0162294266086,0,71.66314984450304,71.66314984450304,-1.13339791116014,0.5284609570757787,3.141592653589793,3.554065179343751
147,398.1187638254369,0,85.54475346370738,85.54475346370738,0.4498085365989359,-0.6421068457436713,3.141592653589793,3.32594101019332
148,591.7075425197734,0,186.8241206558731,186.8241206558731,0.1990002698801573,1.544151671412307,3.141592653589793,3.417460562191357
149,418.854154780912,0,35.12451732478387,35.12451732478387,0.9202019737548283,-0.7283872805258479,3.141592653589793,3.547879779589364
150,379.9282330413763,0,111.994758927973,111.994758927973,0.1247626243166314,-0.2186787163749528,3.141592653589793,3.160309534774306
151,350.237847080589,0,86.38937042945875,86.38937042945875,1.382279874222244,1.68755245637721,3.141592653589793,3.156389670256972
152,325.7415664263997,0,58.48638518706469,58.48638518706469,-1.986999390327987,-2.291682837629573,3.141592653589793,3.156332746107251
153,404.270380129889,0,132.2985181461848,132.2985181461848,0.7844079066721009,0.4929216571295252,3.141592653589793,3.155086153302593
154,472.5200920731891,0,146.4383048791494,146.4383048791494,1.053958771684913,0.05620763396238488,3.141592653589793,3.296226893573311
155,371.5703454111246,0,109.6164604234468,109.6164604234468,-0.7718350951091628,-0.7783121224090016,3.141592653589793,3.141599330432193
156,384.3651169880151,0,117.4687834216703,117.4687834216703,-2.558184020345032,-2.294376676193876,3.141592653589793,3.152649475586756
157,435.4843667048503,0,45.17273186513658,45.17273186513658,0.3485379896658616,2.061907538156098,3.141592653589793,3.578440946946448
158,359.503547726025,0,29.65693262218172,29.65693262218172,-2.149893114890371,-0.9813809046070577,3.141592653589793,3.351868909529511
159,382.6462166020462,0,118.2749751417628,118.2749751417628,1.310544118627348,1.198050521989813,3.141592653589793,3.143606083842854
160,1049.015488587063,0,391.8347424146967,391.8347424146967,-0.0762175758575579,1.310407093225677,3.141592653589793,3.433996559986563
161,453.1239672997654,0,148.9222547302912,148.9222547302912,1.029979229116723,1.78375621653129,3.141592653589793,3.230755971571535
162,375.6965800565339,0,104.6718473217938,104.6718473217938,-1.495059478566735,-1.031370699906478,3.141592653589793,3.175627762277058
163,387.2752213647728,0,93.91342346447927,93.91342346447927,-0.4549104334842626,-1.316156100491918,3.141592653589793,3.257506485032504
164,319.6096780959759,0,41.14820136664676,41.14820136664676,2.238252653506826,2.70545715903757,3.141592653589793,3.176143014896776
165,444.1213780694267,0,134.9722707326393,134.9722707326393,1.597215096831694,0.7079984314355374,3.141592653589793,3.265013120817069
166,359.2216512426261,0,96.64154887586405,96.64154887586405,0.8095095045876336,1.038837570358611,3.141592653589793,3.149951708017063
167,353.2803037906049,0,13.15838251223016,13.15838251223016,1.442789732572129,0.2823734423812434,3.141592653589793,3.349055145504436
168,494.7566125134255,0,124.9729554667414,124.9729554667414,0.6507403812700775,2.081678434140901,3.141592653589793,3.45212805559746
169,545.0780992089116,0,216.4028394617968,216.4028394617968,1.44645693743155,1.974561358817129,3.141592653589793,3.185670836884494
170,375.5695084195071,0,111.4347057647364,111.4347057647364,1.436063624007951,1.63465833274471,3.141592653589793,3.147863443580041
171,386.9606759950585,0,113.3880009159028,113.3880009159028,0.6953268706150417,0.2151176063944449,3.141592653589793,3.178082021995757
172,331.8967403780169,0,70.5510302279842,70.5510302279842,-1.012371224421708,-1.106888845479122,3.141592653589793,3.143014155516916
173,392.9899049487659,0,47.64561072369381,47.64561072369381,-0.1851392776045562,1.197140206668457,3.141592653589793,3.432244305659407
174,336.8580719530416,0,76.30898652435586,76.30898652435586,-0.3765052841228482,-0.2965602684738746,3.141592653589793,3.142609680920695
175,488.7150325107316,0,128.476707815119,128.476707815119,2.020850589752371,0.6690420137543738,3.141592653589793,3.420086377159368
176,362.9885563732995,0,101.8612674652279,101.8612674652279,-0.07445079350419744,0.01407698434316112,3.141592653589793,3.142839730011689
177,497.3662796262946,0,164.6498084946707,164.6498084946707,-1.22521087554422,-0.268893321580562,3.141592653589793,3.283922603398014
178,329.1353968060703,0,66.67140605711423,66.67140605711423,2.149747636039366,2.007024081557245,3.141592653589793,3.144832970778157
179,332.0289793610208,0,58.96850844732212,58.96850844732212,0.8945316241799564,1.383441518757964,3.141592653589793,3.179408323274259
180,365.4506743232558,0,70.84089383726021,70.84089383726021,-0.4136227125341081,0.4800614530487264,3.141592653589793,3.266232659946753
181,493.0977275047864,0,104.254884220733,104.254884220733,1.816692246424557,0.1893974292008025,3.141592653589793,3.538035164219351
182,411.5767560555967,0,80.36939499853037,80.36939499853037,0.1399693482567557,1.412331602775673,3.141592653589793,3.38947047602038
183,332.844009926143,0,67.67176554930417,67.67176554930417,-2.739857162922909,-2.439143916987196,3.141592653589793,3.155951973235738
184,333.3997668504796,0,50.77366325766793,50.77366325766793,0.9945069868905959,1.64076797688609,3.141592653589793,3.207375510955852
185,315.5100467073821,0,42.88322958125289,42.88322958125289,1.196549976361537,1.495449533363037,3.141592653589793,3.155779673276487
186,463.7892851717884,0,91.12094917964056,91.12094917964056,1.748900438479192,0.1857973748182685,3.141592653589793,3.508973580509765
187,336.7354986231931,0,28.10600176578998,28.10600176578998,-0.1114421721242301,0.7897674810780553,3.141592653589793,3.268299747592675
188,404.3465383723843,0,33.67590640594985,33.67590640594985,2.569292768725093,1.020605541496326,3.141592653589793,3.502575699234905
189,322.8256124946371,0,58.68510413288548,58.68510413288548,0.5314649426923211,0.4012375036697649,3.141592653589793,3.144290633348598
190,575.1537708349296,0,179.1618135816438,179.1618135816438,0.8933962889384692,2.22715245906253,3.141592653589793,3.412991345203407
191,393.7742880170725,0,106.7710062381169,106.7710062381169,2.103914334213069,2.844489817879107,3.141592653589793,3.227701418671892
192,356.8783432498499,0,96.30894922260032,96.30894922260032,-1.855602184332723,-1.946114482010654,3.141592653589793,3.142896256181597
193,396.0559204871607,0,119.2214002043448,119.2214002043448,0.921679848082445,0.405396004577974,3.141592653589793,3.183732621963268
194,442.6980366398196,0,162.0493092729699,162.0493092729699,0.6967327108154041,0.5578778179856393,3.141592653589793,3.144659772114007
195,311.9490224760286,0,36.43331751388231,36.43331751388231,-0.8701886542494721,-0.5812839695956261,3.141592653589793,3.154848699685026
196,510.8043962702538,0,180.7297127893026,180.7297127893026,-1.653964847007104,-0.8236338549341035,3.141592653589793,3.249469796364676
197,315.5465113896253,0,29.54630428793185,29.54630428793185,-0.4064529445537367,-0.9110145384997901,3.141592653589793,3.181852731220403
198,372.317572659937,0,97.65301137902563,97.65301137902563,2.14404773275871,2.708372225667262,3.141592653589793,3.191875081262713
199,499.4069904824973,0,185.8319066637331,185.8319066637331,0.9765277810676107,0.3749068463350611,3.141592653589793,3.198679751115735
200,405.4490896133257,0,121.9714150918773,121.9714150918773,-1.385122303855176,-2.006072318050796,3.141592653589793,3.202371515177291
201,448.4496561210975,0,93.83098821480425,93.83098821480425,-0.316061648847944,-1.747650697579038,3.141592653589793,3.452397950053869
202,323.3184413553734,0,25.49485786904054,25.49485786904054,-0.189248245629829,-0.8926706790668943,3.141592653589793,3.21937999014591
203,312.5462605270457,0,19.95346821187305,19.95346821187305,0.1131036809148412,0.6233734109795193,3.141592653589793,3.182762887572625
204,332.3996075154927,0,36.68806605535722,36.68806605535722,0.543736128526525,1.319999213593799,3.141592653589793,3.236076139142514
205,331.3302861435194,0,69.76500858204174,69.76500858204174,-1.37111307098858,-1.264538752405601,3.141592653589793,3.143399829240751
206,508.6586758589029,0,194.3002384185199,194.3002384185199,0.7089779863435912,1.244897812639858,3.141592653589793,3.18697575474097
207,484.3214382624079,0,189.6900510847578,189.6900510847578,-0.7759709631940643,-0.6715713998889589,3.141592653589793,3.143326847451224
208,328.2157169684163,0,65.70133367986787,65.70133367986787,-1.724126060923349,-1.854847107981158,3.141592653589793,3.144311115846084
209,538.4594325020178,0,158.7625029633062,158.7625029633062,1.452466450408777,0.1133714370228951,3.141592653589793,3.415081237095875
210,334.0500090234143,0,73.3621935018584,73.3621935018584,-0.7670832960699461,-0.7201748923311656,3.141592653589793,3.141942838345516
211,383.6714224507154,0,114.8384591861718,114.8384591861718,0.2409338398826526,0.5923311594191074,3.141592653589793,3.161184030907844
212,309.5484519546278,0,18.92099773239238,18.92099773239238,-0.1123040075061302,-0.5470254142985492,3.141592653589793,3.17152756611273
213,374.6389683207039,0,104.9993340974819,104.9993340974819,-0.9234674161061011,-0.4948129456090454,3.141592653589793,3.170701666219399
214,416.7886859517329,0,89.25610535953003,89.25610535953003,0.398838951678986,1.625063694855774,3.141592653589793,3.372422203975702
215,307.3971077552006,0,1.48824469121813,1.48824469121813,-0.5863371708378404,-0.1435610245843918,3.141592653589793,3.17264166220839
216,313.6591953256624,0,19.23821803695067,19.23821803695067,0.630772763377998,0.08811409317676754,3.141592653589793,3.188115875157916
217,665.896252864963,0,183.4277453181515,183.4277453181515,0.1845983473370448,-1.559874712719595,3.141592653589793,3.593437164937316
218,699.4282022011874,0,314.2759043438168,314.2759043438168,1.126375117874499,1.310489662696773,3.141592653589793,3.146983089675645
219,354.5521352378076,0,42.87988008831659,42.87988008831659,0.7727489958565446,-0.2600451778531231,3.141592653589793,3.307002903890166
220,390.9255076398428,0,75.96909852623769,75.96909852623769,1.550478928803838,2.675736250301688,3.141592653589793,3.337035876443925
221,358.0336068702886,0,97.66876969218667,97.66876969218667,0.05125365390286412,0.0825129076010417,3.141592653589793,3.141748166551725
222,311.5158654026433,0,40.4316623792319,40.4316623792319,0.04712840445127562,-0.09714863454163668,3.141592653589793,3.144903856252194
223,408.294733889924,0,138.3450387756355,138.3450387756355,0.7817898985945553,0.8412361240862297,3.141592653589793,3.142155033542197
224,400.3286520127386,0,131.8036940059863,131.8036940059863,0.7731093368309354,0.9123395723116611,3.141592653589793,3.144676368016488
225,350.5535569335678,0,69.97740881470513,69.97740881470513,1.104649031316826,0.4212653069626922,3.141592653589793,3.215061074972214
226,370.0095760042864,0,100.8147603828892,100.8147603828892,1.769718251556766,1.335613776061903,3.141592653589793,3.171443062193301
227,358.2717304626453,0,72.186893591185,72.186893591185,-0.01280954778864159,-0.7882533265823055,3.141592653589793,3.235879703443741
228,341.7700104018813,0,81.7828629324849,81.7828629324849,1.005022901160368,1.04762905532421,3.141592653589793,3.141881551787398
229,378.8389018124932,0,96.67760328498839,96.67760328498839,0.153793620337192,-0.543721129773209,3.141592653589793,3.218094347235788
230,310.9229951356181,0,38.04605958264927,38.04605958264927,0.9857912231172058,1.177529736168368,3.141592653589793,3.147438332751959
231,422.9332271747294,0,143.6823699699439,143.6823699699439,0.8483471118246066,1.228007716031333,3.141592653589793,3.164450438144983
232,589.2083061329373,0,223.8183296718815,223.8183296718815,-0.8661746397490381,-0.008272280544796796,3.141592653589793,3.256624150714595
233,472.7723239383976,0,142.6561999970789,142.6561999970789,0.4025177479611207,1.455901212237804,3.141592653589793,3.313490776190708
234,320.2272488496188,0,51.23623573207184,51.23623573207184,1.562856875624284,1.847183835429511,3.141592653589793,3.154432789133641
235,391.4822567530723,0,105.3759253590244,105.3759253590244,-2.137057472594532,-2.869385879493276,3.141592653589793,3.225819166760624
236,396.2696349718377,0,127.8880157354109,127.8880157354109,-0.5649393652111556,-0.7680368773237737,3.141592653589793,3.148150727096099
237,333.0107363922906,0,32.99864112768955,32.99864112768955,-1.413496024715489,-0.5988354746775834,3.141592653589793,3.245500918637587
238,438.7036970916598,0,130.8451283134698,130.8451283134698,0.2478744534987436,-0.6479456632289864,3.141592653589793,3.266817730241992
239,394.9770972984546,0,81.96291595895562,81.96291595895562,-0.9513619961502617,-2.052255624033412,3.141592653589793,3.328899394845552
240,412.7070419243474,0,140.9109119007958,140.9109119007958,-1.179988843430818,-1.034061443546217,3.141592653589793,3.144980001069393
241,583.6987941798832,0,197.6294389866175,197.6294389866175,0.7459398784245207,1.916757615851885,3.141592653589793,3.352673347548772
242,461.4301480330435,0,149.6784536108516,149.6784536108516,1.083733832487422,0.2471475658347556,3.141592653589793,3.25107381993107
243,412.5971725729917,0,125.5292396890639,125.5292396890639,-0.705127307130462,-1.363785001803838,3.141592653589793,3.209896316057857
244,527.9177929275968,0,200.3500129233449,200.3500129233449,1.082065953201793,0.4238061486052896,3.141592653589793,3.209814694252113
245,557.3143730871286,0,159.5123928078583,159.5123928078583,-0.9400494724502022,-2.385237005066371,3.141592653589793,3.45805890717879
246,454.8246160992213,0,162.432560410721,162.432560410721,-0.225580041165293,0.2512749985309712,3.141592653589793,3.177576927467388
247,418.7099771510786,0,144.2060671721851,144.2060671721851,0.405399537240436,0.1837125384160921,3.141592653589793,3.149404630487658
248,301.8570358045479,0,16.24568348075411,16.24568348075411,-0.7937233607663193,-0.8458977036381915,3.141592653589793,3.142025869267067
249,362.4210154194582,0,99.11997772268496,99.11997772268496,0.4058997976061189,0.6570647273365279,3.141592653589793,3.151616763347954
250,330.3977671850545,0,69.04664690077205,69.04664690077205,-1.680234330939345,-1.738603912763672,3.141592653589793,3.142134848979544
251,400.1167519425923,0,131.8164645879509,131.8164645879509,-0.6147979514230935,-0.4931214174285443,3.141592653589793,3.143948087996093
252,406.1745733620183,0,110.0135993731821,110.0135993731821,2.170221134930347,1.319870861619723,3.141592653589793,3.254642835766901
253,436.5677608107542,0,142.3567691520554,142.3567691520554,-0.556931374218856,0.1066012045041361,3.141592653589793,3.210900167260911
254,600.4814347640034,0,259.1783308311803,259.1783308311803,-0.3405727936123615,-0.1957401261608198,3.141592653589793,3.144929395495308
255,352.1675261880238,0,90.98233759416544,90.98233759416544,2.962310881225215,2.790494616648367,3.141592653589793,3.146287531339515
256,436.7514224465004,0,141.8055630159934,141.8055630159934,0.09777413966197138,-0.5797128098365447,3.141592653589793,3.213812839577029
257,320.5435623649907,0,16.93655033131209,16.93655033131209,0.9540891470654872,1.653272731343322,3.141592653589793,3.218456475643714
258,337.3822013391301,0,22.20198876315333,22.20198876315333,0.1388577477057371,-0.8010970652045853,3.141592653589793,3.279194939524431
259,311.8519606810986,0,26.9864255461579,26.9864255461579,-1.17842333899456,-0.7495374469549413,3.141592653589793,3.170732960922439
260,321.8653419233628,0,44.30434332757274,44.30434332757274,0.9265536853407739,1.406574267765165,3.141592653589793,3.178053517585946
261,327.3454626318491,0,62.6351130936646,62.6351130936646,0.8226442073335923,1.057362841413922,3.141592653589793,3.150348748674326
262,358.9018726307989,0,98.4980722873115,98.4980722873115,-0.8242229395435591,-0.8144538785089949,3.141592653589793,3.141607842434007
263,375.441798391907,0,111.1981903296479,111.1981903296479,0.6481606430656841,0.4413588645420692,3.141592653589793,3.148391871525825
264,403.0869637122884,0,118.1979004229604,118.1979004229604,0.3691510259846023,1.031550554096941,3.141592653589793,3.210666213721508
265,396.0651532017924,0,21.4920733116095,21.4920733116095,-1.546755514372883,-0.0174527442264989,3.141592653589793,3.494047991065201
266,436.4326862680974,0,158.1169863902489,158.1169863902489,1.270703054663564,1.370087276207569,3.141592653589793,3.143164269423611
267,378.4404330459235,0,114.0622507007208,114.0622507007208,-1.715667388731104,-1.897427410662355,3.141592653589793,3.146846215921872
268,333.5905036681171,0,72.21652779746363,72.21652779746363,2.010615330927328,1.887340006111282,3.141592653589793,3.144010370020726
269,349.774639347893,0,68.99157703477083,68.99157703477083,0.5222487637542853,1.207345612847461,3.141592653589793,3.215425647364087
270,481.1910794095022,0,172.5564301932158,172.5564301932158,-0.01805582253705362,-0.6620779856129437,3.141592653589793,3.20692515466487
271,370.5111299252048,0,49.63391005858137,49.63391005858137,-0.988714720177519,0.1698042412728457,3.141592653589793,3.348398211851361
272,402.4544341501385,0,116.9337031453715,116.9337031453715,-0.2844293088716506,0.3935784188574458,3.141592653589793,3.213922662409556
273,404.6136308813906,0,122.9580491193003,122.9580491193003,1.625976990706663,2.210806106656419,3.141592653589793,3.195564034087242
274,390.9995956408268,0,51.91249855670825,51.91249855670825,1.51197000045151,0.1756235382853751,3.141592653589793,3.414004432925257
275,465.6371748727043,0,145.308762006576,145.308762006576,-0.4689260614835506,-1.41836646022941,3.141592653589793,3.281926487881783
276,394.5846403756522,0,100.7071731824383,100.7071731824383,0.120875249658715,-0.7305798079349036,3.141592653589793,3.254931660755892
277,515.8676163243947,0,208.8876944191973,208.8876944191973,-1.696966291611756,-1.851531716161786,3.141592653589793,3.145392641874093
278,344.8147809729525,0,66.34798995533743,66.34798995533743,-0.09167711346752593,-0.7286456088201528,3.141592653589793,3.205516068460919
279,340.7451726939511,0,33.36677018323034,33.36677018323034,0.1542355681008543,-0.7701150045651338,3.141592653589793,3.274756232496901
280,333.8272886579132,0,35.11918353991352,35.11918353991352,0.1764305491160147,-0.6350998964730157,3.141592653589793,3.244716638661578
281,497.1471783371107,0,89.97494489013853,89.97494489013853,0.8468268739230672,-0.9296372267962068,3.141592653589793,3.60907593467271
282,325.0514371969228,0,7.839152372979582,7.839152372979582,-2.008191843043805,-1.20355210605172,3.141592653589793,3.243000078235591
283,433.0614994631042,0,71.75725129927854,71.75725129927854,0.3369600714601937,1.855121742545442,3.141592653589793,3.489186045575918
284,429.0588014454852,0,57.36024175505591,57.36024175505591,-0.7672586080598396,-2.363696975854026,3.141592653589793,3.523949469452524
285,330.6541228895955,0,17.91187655165029,17.91187655165029,-0.1413377358784093,0.7210133744875304,3.141592653589793,3.257798925446248
286,363.2764679056684,0,54.928374847742,54.928374847742,1.016764709640097,-0.01883664996292776,3.141592653589793,3.307880677579074
287,349.9518461173417,0,88.90513280232403,88.90513280232403,2.389239001363221,2.222249689868268,3.141592653589793,3.146027627221814
288,388.0097827495672,0,60.33175906841937,60.33175906841937,-0.6243039553978218,0.6202485655917455,3.141592653589793,3.379129381747737
289,357.8811123222041,0,72.25542853824842,72.25542853824842,1.614691201619153,2.383233902401383,3.141592653589793,3.234232874116365
290,676.4727745042218,0,284.81735003453,284.81735003453,0.7174860416917259,0.08301117643235405,3.141592653589793,3.205021490682279
291,334.5969237649776,0,32.82563552386186,32.82563552386186,0.7902388094196199,1.630400778453881,3.141592653589793,3.251995777257542
292,327.1861884505448,0,63.15225383899493,63.15225383899493,0.4140359402374144,0.617282097691072,3.141592653589793,3.148160320188448
293,392.8342388334407,0,99.69776784271555,99.69776784271555,0.4880131362627815,-0.3567592922219559,3.141592653589793,3.253189950958498
294,419.9221905757303,0,110.03771275259,110.03771275259,-0.6787509564785665,0.3250659628775905,3.141592653589793,3.298068041850417
295,388.6739531868097,0,119.984696437709,119.984696437709,-1.03659236944276,-1.342603948960845,3.141592653589793,3.156461228636986
296,415.9422072362213,0,143.9058237696563,143.9058237696563,-0.8927134456198113,-0.8295626505179604,3.141592653589793,3.142227303046575
297,410.3196904603226,0,36.73955677599258,36.73955677599258,-1.67397426809605,-0.09433064616807819,3.141592653589793,3.516372900217933
298,353.2111883077982,0,72.75628028914757,72.75628028914757,-0.3235871708559925,0.3620169042270498,3.141592653589793,3.215533758003457
299,343.1669929050939,0,33.16801741207495,33.16801741207495,-1.785143122685079,-0.8272241685994294,3.141592653589793,3.284389307570877
300,381.5982718433048,0,115.7600228204543,115.7600228204543,1.090720665453131,1.327124003793459,3.141592653589793,3.150474716525719
301,368.8231198512463,0,101.5496549399771,101.5496549399771,-1.433011081934158,-1.812453645739279,3.141592653589793,3.164424285761371
302,397.880038461105,0,117.6873160954301,117.6873160954301,-0.07137687914724984,-0.658782179904612,3.141592653589793,3.196036512377042
303,378.7621576534996,0,115.5792955288934,115.5792955288934,-1.172147395657761,-1.199320009082489,3.141592653589793,3.141710163590793
304,411.7652862434919,0,71.87103237778797,71.87103237778797,0.7469355441078241,-0.6063769412317522,3.141592653589793,3.420681084822924
305,454.6315235585542,0,103.5572675652278,103.5572675652278,0.9004662204760661,2.279014582323588,3.141592653589793,3.430743357793154
306,380.7434689433853,0,117.0328305992595,117.0328305992595,-1.147796451379465,-1.077517178042231,3.141592653589793,3.142378649582219
307,319.1456805028873,0,53.82875417025149,53.82875417025149,-0.9965893895584476,-0.8947125532189583,3.141592653589793,3.143244071158315
308,307.9431566610313,0,34.03290999340186,34.03290999340186,-0.655016239619573,-0.5640202340234098,3.141592653589793,3.142910223681837
309,424.1384484492366,0,148.1972675889816,148.1972675889816,-1.463998185559815,-1.677983522587332,3.141592653589793,3.148871881412792
310,321.4972534929707,0,25.79995153094958,25.79995153094958,1.438687452195414,0.7715673109572518,3.141592653589793,3.211643455294342
311,520.969257821434,0,153.4686606009703,153.4686606009703,-0.5049599887363152,-1.79059891922297,3.141592653589793,3.394476669631451
312,312.7786656798357,0,33.71129221443292,33.71129221443292,1.313003183624858,0.9423457443394659,3.141592653589793,3.163382894685208
313,421.331168584064,0,43.2709013316445,43.2709013316445,0.2371296567228634,-1.389574148315778,3.141592653589793,3.537763371173452
314,419.8151682941804,0,137.1814783452965,137.1814783452965,-0.8628296368969988,-1.372551441701422,3.141592653589793,3.182675088566603
315,460.6602537784981,0,145.5824741720444,145.5824741720444,0.05071876214809529,-0.8446295119078371,3.141592653589793,3.266688374017989
316,343.9432003124094,0,60.87541904767113,60.87541904767113,-0.4227789405195541,-1.125284749248884,3.141592653589793,3.219179835359903
317,509.8333907644256,0,201.9740774873344,201.9740774873344,-0.7589099468819164,-0.4336343808680636,3.141592653589793,3.158387024247501
318,317.57193104145,0,51.8678010597563,51.8678010597563,-0.3068358575968662,-0.3668834682269465,3.141592653589793,3.142166468637799
319,401.4813190638687,0,119.1246388818693,119.1246388818693,1.69641936618368,1.079253056029317,3.141592653589793,3.20163999467131
320,429.9312421109736,0,135.2046814543404,135.2046814543404,0.3357108785003132,-0.3787890060895927,3.141592653589793,3.221818506087571
321,428.8068168450187,0,62.02768167201933,62.02768167201933,1.275207421806552,-0.2869690169395933,3.141592653589793,3.508560905394539
322,355.283768562209,0,62.87893359810483,62.87893359810483,1.35582251539919,2.208187642072367,3.141592653589793,3.255169843534733
323,352.706534728518,0,83.06987402607145,83.06987402607145,2.215261139086915,2.691649192875599,3.141592653589793,3.177506881012522
324,362.9858918230572,0,70.96215761374609,70.96215761374609,-0.2567287862847338,-1.116061197538434,3.141592653589793,3.257001165815029
325,451.1333074338471,0,149.7278038448441,149.7278038448441,0.05775150103200499,0.771161275622758,3.141592653589793,3.221576928706031
326,371.5211769976588,0,70.36838821064379,70.36838821064379,-2.58233390462585,-1.607479439641242,3.141592653589793,3.289368576032456
327,377.6380997531722,0,102.4474952010625,102.4474952010625,-1.760326093324361,-1.20012217207547,3.141592653589793,3.191149140117395
328,331.9495495986799,0,69.72683695748611,69.72683695748611,-2.391534472008441,-2.556154647527891,3.141592653589793,3.145902764434624
329,411.6248205269837,0,139.3393423396852,139.3393423396852,-1.292525065989789,-1.497843153515039,3.141592653589793,3.148294763543335
330,425.3243182755486,0,115.1371501294573,115.1371501294573,-0.8369646672383593,0.1514911052464755,3.141592653589793,3.293425149483126
331,408.6627584230557,0,76.35217456501799,76.35217456501799,2.284329375973849,0.9982067447542617,3.141592653589793,3.394659898078827
332,363.9581689402809,0,95.12778157208783,95.12778157208783,-1.500667909711173,-1.058536993857605,3.141592653589793,3.172551677726128
333,366.3398671596528,0,10.45869126493223,10.45869126493223,0.8981869994397687,-0.4000379105143543,3.141592653589793,3.399263496393704
334,431.9895790089239,0,154.898891490948,154.898891490948,0.95651716434728,1.073805852437329,3.141592653589793,3.143781327866689
335,326.1357998747736,0,59.85370356296974,59.85370356296974,0.1643077060656256,0.4427106717515241,3.141592653589793,3.153904344204506
336,388.3614727601584,0,107.6041618614366,107.6041618614366,-2.058233701931773,-2.699697436025812,3.141592653589793,3.206412344544479
337,353.6004786411627,0,88.22904886495616,88.22904886495616,-1.450989219233333,-1.094217564815024,3.141592653589793,3.161785953300086
338,374.8284641352061,0,111.1099818439345,111.1099818439345,0.4206138063645474,0.5992305483561292,3.141592653589793,3.146666226597452
339,348.1416874287426,0,75.57155329171646,75.57155329171646,-0.6796350957758422,-0.1418232963691212,3.141592653589793,3.187294453399379
340,504.0210490407843,0,178.1647720347286,178.1647720347286,-0.1299689688659344,-0.9347234390672804,3.141592653589793,3.243028547268495
341,364.3371990854406,0,101.5877198682205,101.5877198682205,-1.090072868748143,-1.300694403147207,3.141592653589793,3.148645078734975
342,420.0688510060378,0,81.12709586912051,81.12709586912051,-2.124789175168288,-0.788510840140093,3.141592653589793,3.413977766441235
343,382.7126547045932,0,92.67037565321638,92.67037565321638,0.714898095405574,-0.1053916328850544,3.141592653589793,3.246918483643911
344,365.8669316150297,0,89.16411879129404,89.16411879129404,1.450932484683198,0.8316093813972918,3.141592653589793,3.20205644974492
345,436.2842490095691,0,119.5325971264415,119.5325971264415,0.6097371044538081,1.646255425104339,3.141592653589793,3.308167866075353
346,313.6273508437762,0,21.84750967706642,21.84750967706642,-1.715224435528885,-2.239151213154667,3.141592653589793,3.184980952753516
347,598.0075435945869,0,244.2348923747417,244.2348923747417,0.9705454817642996,1.556383565466925,3.141592653589793,3.195748842040895
348,371.2624431488583,0,71.26482712797969,71.26482712797969,-2.124202808773627,-3.085692223412779,3.141592653589793,3.285432436613558
349,325.1899176657269,0,18.44264646276606,18.44264646276606,0.467912041391342,1.242119742336212,3.141592653589793,3.235583713225745
350,341.5549371296545,0,81.29592502967554,81.29592502967554,-1.159931531160425,-1.247560274791061,3.141592653589793,3.142814534426052
351,314.7555407484179,0,39.04167757274465,39.04167757274465,0.3713439741726601,0.02129134209878242,3.141592653589793,3.16103483788319
352,526.9428467466389,0,95.31121089841614,95.31121089841614,-0.4854125447196473,-2.378643461073667,3.141592653589793,3.667959610427579
353,389.8355036725513,0,53.4444341800288,53.4444341800288,2.054813726729817,0.739749193393259,3.141592653589793,3.405730336936419
354,362.5358064525586,0,41.55443952637839,41.55443952637839,-0.5014232660612878,0.6308787908862304,3.141592653589793,3.339417965642657
355,354.1748196962914,0,53.52545059492944,53.52545059492944,0.1678794627059474,1.105471706593655,3.141592653589793,3.278518509462429
356,303.6905746136508,0,23.23827966571572,23.23827966571572,-0.4898728486145783,-0.4355949869958139,3.141592653589793,3.142061502795778
357,435.2610654008395,0,152.3258915107014,152.3258915107014,-0.1231931954086879,0.255684936601826,3.141592653589793,3.16435665499405
358,363.6005399648481,0,67.61586188512794,67.61586188512794,2.400948659759901,1.49256331739054,3.141592653589793,3.270285665094237
359,352.1383439437647,0,91.53812574747256,91.53812574747256,-1.582731400855785,-1.707909943823945,3.141592653589793,3.144085569558976
360,401.0199102927592,0,111.7889556463462,111.7889556463462,-0.5793024658185965,-1.332836243779797,3.141592653589793,3.230699236329162
361,397.4603353067125,0,66.99525427303246,66.99525427303246,-0.5799846839376523,-1.853560669762631,3.141592653589793,3.389926281316369
362,418.251292848403,0,141.8527895845936,141.8527895845936,-1.141953091843736,-0.8203927582830616,3.141592653589793,3.158006562565856
363,441.9307227456027,0,85.47788951931243,85.47788951931243,-2.457276639430328,-0.9938060265640002,3.141592653589793,3.465739551064491
364,330.2959981163719,0,35.33313063114766,35.33313063114766,-1.022127960260701,-0.2694403078922311,3.141592653589793,3.230501989338084
365,430.5744942477254,0,121.9679022888147,121.9679022888147,0.03606830997601568,0.9804898375594713,3.141592653589793,3.280478078398395
366,474.6781571754719,0,182.2106112408786,182.2106112408786,1.887342644506178,1.675186247439693,3.141592653589793,3.148748122334587
367,431.301647323734,0,91.36123911409723,91.36123911409723,0.8224986826775336,-0.5032103564008727,3.141592653589793,3.409854668073633
368,738.6580209931058,0,326.6389291139263,326.6389291139263,-0.8213788503843168,-1.289594893530859,3.141592653589793,3.17629196771159
369,354.6830370257974,0,61.00299462113556,61.00299462113556,1.377255597665909,0.5114582216268839,3.141592653589793,3.258712859005135
370,387.8979638757187,0,74.75678335140299,74.75678335140299,1.217223899608244,0.1098603500715668,3.141592653589793,3.331044645742808
371,329.3125964476368,0,52.19680330456119,52.19680330456119,1.020272469434773,0.4798245212009558,3.141592653589793,3.187740325973793
372,371.4017374795812,0,59.63625998519246,59.63625998519246,-0.7476023428345347,0.3360666339482613,3.141592653589793,3.323242821752697
373,583.6355679327633,0,241.2008923656215,241.2008923656215,-0.6375912385600642,-0.1705665056252447,3.141592653589793,3.176116575672593
374,375.872864326308,0,112.9106938732773,112.9106938732773,-1.638890299775768,-1.728796234986333,3.141592653589793,3.142878851988324
375,373.9590031079346,0,102.8315507329247,102.8315507329247,-1.120661547170904,-1.593949275833752,3.141592653589793,3.177043543169057
376,342.4280240580112,0,38.32465396484824,38.32465396484824,-0.1704065168319552,-1.082911299001892,3.141592653589793,3.271432313004865
377,338.5862263545769,0,53.37147629169799,53.37147629169799,0.621314180241568,-0.0867002211339874,3.141592653589793,3.220386435452203
378,421.8095921127648,0,117.5977898201217,117.5977898201217,-1.234962932568339,-2.150073739124863,3.141592653589793,3.272160171716215
379,349.8898820275438,0,83.34526958915357,83.34526958915357,0.6367277113196083,0.2424503387499702,3.141592653589793,3.166237364382174
380,314.0152948140009,0,39.15285095979281,39.15285095979281,-0.1285749891893199,0.19089894080837,3.141592653589793,3.157794799070631
381,421.9421972804894,0,147.690679410141,147.690679410141,-1.323988590042071,-1.190982659389932,3.141592653589793,3.144406935922575
382,362.9035242415778,0,91.84061284551741,91.84061284551741,-0.1048825604454556,0.3970993577410651,3.141592653589793,3.181444679273171
383,397.572354328153,0,122.5476341534655,122.5476341534655,2.039038958936628,2.496578984450986,3.141592653589793,3.174735780507889
384,393.495679803744,0,85.68655475404434,85.68655475404434,0.1553249180504132,-0.8870616981102075,3.141592653589793,3.310011217298236
385,325.2373389705772,0,56.6680519458435,56.6680519458435,-0.9599462916308816,-0.6237110268010635,3.141592653589793,3.159534547113631
386,495.926577929195,0,125.5603551488118,125.5603551488118,1.48941131581862,0.05705606596220589,3.141592653589793,3.452715737340766
387,582.1395386697637,0,236.2818292271996,236.2818292271996,-0.8872833354980831,-0.3234301022720886,3.141592653589793,3.191791796109008
388,503.256587489967,0,189.4632609160232,189.4632609160232,-1.086238458864079,-1.658931307370018,3.141592653589793,3.193365231197209
389,327.9090235486574,0,64.00150755396764,64.00150755396764,-0.2851605056813583,-0.4917868832780193,3.141592653589793,3.148380355199809
390,305.0065549567436,0,7.613834055505627,7.613834055505627,0.6202923518327255,0.9706297978295318,3.141592653589793,3.161066390817649
391,370.1960995213899,0,97.78089386266899,97.78089386266899,2.024116365368903,1.506004445099775,3.141592653589793,3.184029579481686
392,367.729766488128,0,74.55272796104384,74.55272796104384,-1.483556372904083,-0.6066762270330762,3.141592653589793,3.261674905828616
393,454.1383607436092,0,70.24692706444441,70.24692706444441,-2.300392939758833,-0.6270516466399757,3.141592653589793,3.559448761303644
394,435.1640625355759,0,112.8619764146837,112.8619764146837,0.5600263992136166,-0.5536893974065531,3.141592653589793,3.333161753760333
395,492.0441874880307,0,190.2073372976929,190.2073372976929,-0.8049370079114976,-0.4518423541751213,3.141592653589793,3.161373156649903
396,353.0727714762658,0,55.44255408903202,55.44255408903202,1.003811568513249,0.09975709926459368,3.141592653589793,3.269085328414941
397,581.1388926638009,0,197.5972795879356,197.5972795879356,0.2505625002095099,-0.9038613224138135,3.141592653589793,3.346983531977653
398,381.9808180895818,0,94.37824810639657,94.37824810639657,1.195026661128316,0.4116444096169307,3.141592653589793,3.237791246061488
399,528.163373875578,0,217.3189135596225,217.3189135596225,0.7729097818098427,0.7987355445259794,3.141592653589793,3.141698803372027
400,338.9862423668696,0,78.31623188327032,78.31623188327032,-1.468457549714628,-1.353632046522705,3.141592653589793,3.143690394627409
401,405.1385826592851,0,38.44264652469772,38.44264652469772,1.223585433416789,2.756004464928515,3.141592653589793,3.495413064178352
402,324.0468415298394,0,60.90703989811088,60.90703989811088,0.2664639044680667,0.3464291464337524,3.141592653589793,3.142610195524095
403,415.8213227219705,0,142.741760859927,142.741760859927,-0.4675767462083113,-0.2867012616696252,3.141592653589793,3.146795249455621
404,481.9587496621066,0,186.1582792874204,186.1582792874204,1.659487485792409,1.406945240843723,3.141592653589793,3.151726826134061
405,326.5147399374221,0,58.73335435578546,58.73335435578546,-0.2035637918126155,-0.53136558675926,3.141592653589793,3.158648194696522
406,346.9426177674854,0,69.45053824034679,69.45053824034679,1.295255755210346,0.6688713175716239,3.141592653589793,3.203429703428083
407,406.7222870906514,0,137.313893435901,137.313893435901,-0.4784185567378913,-0.4704933399298077,3.141592653589793,3.14160264994649
408,404.3440396570365,0,90.13890056710861,90.13890056710861,-1.851588353804414,-2.952165433738613,3.141592653589793,3.328794723314408
409,322.004014452487,0,35.11793678645089,35.11793678645089,1.78679067481103,2.385137401460129,3.141592653589793,3.198065541289148
410,526.8895670644713,0,209.1475831412194,209.1475831412194,-1.358126240193195,-1.791577620907885,3.141592653589793,3.171353733113484
411,370.255727696464,0,21.43997627237567,21.43997627237567,0.1204260354449142,-1.188082690884042,3.141592653589793,3.403204297124753
412,329.7183667684421,0,68.38553159398006,68.38553159398006,-0.3809047465038648,-0.3638794052816752,3.141592653589793,3.141638786259981
413,377.8517428488937,0,112.3783511890114,112.3783511890114,0.7479596788889731,1.000724632272087,3.141592653589793,3.151744679181378
414,328.1346113332124,0,59.54443265878734,59.54443265878734,-1.563596320376496,-1.927646050698384,3.141592653589793,3.162615469391876
415,349.3543419853233,0,32.25604683666899,32.25604683666899,0.02480100174619104,1.065590213974968,3.141592653589793,3.309508511151037
416,431.4700813911711,0,150.4689588118764,150.4689588118764,-1.390491701008927,-1.740998611604273,3.141592653589793,3.161085176875886
417,870.368620876454,0,107.5013707070977,107.5013707070977,-1.370872345448613,1.634519182623153,3.141592653589793,4.347641042921426
418,349.6290339174902,0,89.75724794316844,89.75724794316844,0.6848803425127904,0.7070413295660725,3.141592653589793,3.141670815097681
419,499.1217363284688,0,197.7904904901101,197.7904904901101,-1.60135123080964,-1.807897381157797,3.141592653589793,3.148375090949775
420,380.4924063737236,0,112.5693520708201,112.5693520708201,-1.085333312680566,-1.424587979885177,3.141592653589793,3.159857295877374
421,303.6949567333079,0,15.90248913998176,15.90248913998176,-1.547386934232195,-1.778343999576089,3.141592653589793,3.150070724145987
422,391.161240252997,0,118.2828053665233,118.2828053665233,0.04591089927057802,-0.3899819599852149,3.141592653589793,3.171688349418893
423,384.1177666365169,0,111.4849657174866,111.4849657174866,-0.8567915768768029,-1.325968319070328,3.141592653589793,3.176433726131349
424,445.8402935962004,0,162.9396178096216,162.9396178096216,-0.4376780122971079,-0.6663616349838921,3.141592653589793,3.14990485576541
425,336.2401969369944,0,61.87058505455546,61.87058505455546,0.3871512467811352,0.9231120186556178,3.141592653589793,3.186982640379085
426,359.7816845070075,0,93.60075203091792,93.60075203091792,-0.626050356423586,-0.9989862751351362,3.141592653589793,3.16365067612633
427,395.6641902348258,0,73.48313904352172,73.48313904352172,-1.460244850360077,-0.2636133406236423,3.141592653589793,3.361775032803869
428,334.6670678736281,0,35.06452834707387,35.06452834707387,-1.207661437501385,-0.3827537978017661,3.141592653589793,3.24808820925851
429,372.9456297630852,0,38.85915922293858,38.85915922293858,-2.213977936003431,-0.9589731048670892,3.141592653589793,3.382992983626321
430,467.4631014350193,0,178.6537927757619,178.6537927757619,-1.558539187810641,-1.683661156280689,3.141592653589793,3.144083317611539
431,305.8826652179891,0,28.07470461953783,28.07470461953783,1.800506675978848,1.933328917551834,3.141592653589793,3.144399171375325
432,423.1063514285721,0,19.34254247789915,19.34254247789915,-2.620681932352198,-0.8891594673979664,3.141592653589793,3.587168026135734
433,384.8559596467325,0,88.46765672802202,88.46765672802202,-1.640645812177779,-0.7320247930561902,3.141592653589793,3.270351136725063
434,342.9947600478129,0,50.01826360379888,50.01826360379888,-2.840822905820193,-2.023812514289519,3.141592653589793,3.246091554617408
435,303.8257930742249,0,19.40320550185036,19.40320550185036,-1.402662197531249,-1.215444641471388,3.141592653589793,3.1471661561453
436,352.8543693849095,0,71.34839853496663,71.34839853496663,0.02846031780161193,-0.6730500238505609,3.141592653589793,3.21896274606189
437,370.5792973102821,0,105.7983400652059,105.7983400652059,-0.0003881704197802338,0.2741695431784391,3.141592653589793,3.153567240314632
438,445.6642849497593,0,164.7706177884073,164.7706177884073,0.08212853907443142,0.1018080239346236,3.141592653589793,3.141654290849603
439,406.5771913690973,0,114.9011574422908,114.9011574422908,0.4303306397857502,-0.3439680105644538,3.141592653589793,3.235605476726652
440,338.8283061442722,0,10.46574684626494,10.46574684626494,-2.417559994806204,-3.413955328896619,3.141592653589793,3.295816752018611
441,346.4511613220409,0,78.82864926425643,78.82864926425643,0.5126609657435987,0.09135268779724268,3.141592653589793,3.16971687476271
442,446.132481192258,0,157.2398557844205,157.2398557844205,-0.4049343765477235,-0.8641908252429819,3.141592653589793,3.174983604171451
443,384.5629684933714,0,111.6484123824466,111.6484123824466,-0.3572438425954837,0.1174281036385157,3.141592653589793,3.177250046444398
444,346.810739347966,0,66.12286930187847,66.12286930187847,-1.241652415174518,-0.5647856770041001,3.141592653589793,3.21368215328318
445,367.3228772384464,0,103.254687434744,103.254687434744,0.4455466176981995,0.707010266389582,3.141592653589793,3.152454224993024
446,362.7253095589381,0,80.66595195867343,80.66595195867343,2.448157856097654,1.731608998596007,3.141592653589793,3.222273524435235
447,326.4329605779822,0,58.8936785920314,58.8936785920314,1.91526247481862,2.23542074337275,3.141592653589793,3.157864106957887
448,319.6817493956579,0,53.47433370467586,53.47433370467586,0.07182926260221889,0.2445482460645969,3.141592653589793,3.14633695721511
449,316.7531227839145,0,41.903788081085,41.903788081085,0.4678720526633587,0.1005980673535971,3.141592653589793,3.162988236047468
450,374.6081410220731,0,88.14384395358337,88.14384395358337,-1.065220604953995,-0.2874250462547925,3.141592653589793,3.236444087609357
451,375.4141178975633,0,94.09527135329263,94.09527135329263,-1.213438299391217,-0.5236361278662057,3.141592653589793,3.2164314755533
452,326.636650458868,0,60.05474585865505,60.05474585865505,-1.611467641264338,-1.317958476114957,3.141592653589793,3.155273685612081
453,435.8791717298137,0,104.0669493368292,104.0669493368292,-0.3282253475489985,0.8975387699942216,3.141592653589793,3.372254746152175
454,359.5653989617114,0,86.4032952536958,86.4032952536958,-0.8408707181500239,-1.394601947221579,3.141592653589793,3.190019228020178
455,341.67442874208,0,79.18383448659618,79.18383448659618,-1.61513469047549,-1.375423876784744,3.141592653589793,3.150724627016718
456,352.3239630537566,0,89.11028884070177,89.11028884070177,-1.608131824302959,-1.886238867846936,3.141592653589793,3.153878236197163
457,359.2595650712981,0,98.36909232537903,98.36909232537903,0.07530315772565596,0.181251674606167,3.141592653589793,3.143378674184601
458,412.880128012674,0,93.0385811017303,93.0385811017303,1.021283213082193,2.170098992407485,3.141592653589793,3.345053377140062
459,348.0733092173335,0,46.02121192725975,46.02121192725975,-2.013644999822624,-1.087230098279394,3.141592653589793,3.275339519941515
460,362.6660585273251,0,77.42700769281645,77.42700769281645,0.981312448012396,1.747180108848359,3.141592653589793,3.233598255040923
461,488.0983405839355,0,25.79250730675518,25.79250730675518,-3.262987345042481,-1.163516894360408,3.141592653589793,3.778542122879741
462,476.979675254557,0,139.8635141288333,139.8635141288333,0.8460660055144271,-0.2804085654248221,3.141592653589793,3.337446532914366
463,418.2950406049714,0,63.85214868824482,63.85214868824482,-0.4992877884721456,0.9717688826560391,3.141592653589793,3.468949715801613
464,318.7965289026736,0,46.12636003449191,46.12636003449191,0.07748116051726005,-0.276634559670582,3.141592653589793,3.161487362678129
465,583.4732813049201,0,167.1316144605398,167.1316144605398,-0.6039375508805717,0.9066952365723929,3.141592653589793,3.485916783231819
466,493.3881624447527,0,164.6250669655674,164.6250669655674,-1.923092506144986,-1.003115449455256,3.141592653589793,3.273524428796104
467,332.7036561533505,0,39.72330901915625,39.72330901915625,-1.648036218485878,-0.8932756184408797,3.141592653589793,3.230985602640414
468,337.7476206305414,0,77.57784407348032,77.57784407348032,1.830567234877854,1.828142393793793,3.141592653589793,3.141593589397528
469,367.910978943662,0,89.60786575971119,89.60786575971119,-1.712257362164812,-1.065064270136972,3.141592653589793,3.207563452132773
470,482.9098408510404,0,145.8604701512479,145.8604701512479,0.5638957795776165,1.660224171007251,3.141592653589793,3.327392423947624
471,363.5092951115431,0,89.43883379817376,89.43883379817376,1.965957781732808,1.397012523684098,3.141592653589793,3.192695273236309
472,375.6622521074191,0,37.02732988785748,37.02732988785748,-0.9727023344898053,-2.263833930160777,3.141592653589793,3.396560789744418
473,489.3151412430981,0,193.1715029567015,193.1715029567015,-0.1434030091244913,-0.1964548365658376,3.141592653589793,3.14204056267328
474,425.1658014453131,0,118.3189297645887,118.3189297645887,-1.767501319545424,-0.8265945276265843,3.141592653589793,3.279467943457957
475,320.2270577138606,0,55.85379609006843,55.85379609006843,-0.2888824339610856,-0.339932593122982,3.141592653589793,3.142007402893859
476,521.6681830971703,0,199.8696425477605,199.8696425477605,0.3861827750888683,0.9758000509748724,3.141592653589793,3.196443794768272
477,407.5564907907964,0,100.3304184014989,100.3304184014989,1.414362361709512,0.4083064896413154,3.141592653589793,3.298750190422467
478,324.0662273009088,0,58.22293157920831,58.22293157920831,1.029305834836701,0.7924470946090959,3.141592653589793,3.150508921414375
479,363.8698186459399,0,91.45232435018106,91.45232435018106,-0.003958454818393408,0.5281589736510323,3.141592653589793,3.18633855055772
480,520.8420682770569,0,92.524828065983,92.524828065983,0.8808531126830615,-1.003451689989912,3.141592653589793,3.66336034133496
481,369.9113782261397,0,62.40294299878138,62.40294299878138,1.34900958442115,0.3083620481197233,3.141592653589793,3.309463958996923
482,390.0123095130364,0,97.76219510873644,97.76219510873644,-1.612385279747161,-0.7740696520224706,3.141592653589793,3.251519259173594
483,317.1388723519925,0,46.65573962353324,46.65573962353324,-0.01422982758618651,-0.2886516305407038,3.141592653589793,3.153555410489273
484,386.6197683615888,0,121.9372449721269,121.9372449721269,0.9825942865724432,0.9811454825069901,3.141592653589793,3.141592987661288
485,318.8467475508806,0,49.66761184428456,49.66761184428456,-1.059383633537674,-1.326776152056178,3.141592653589793,3.152951499793332
486,356.7867190158355,0,56.40051895779843,56.40051895779843,-1.577414111231445,-0.63454641113174,3.141592653589793,3.280031082319292
487,430.5983739655468,0,151.7268246234946,151.7268246234946,1.955354879401348,1.685670547103261,3.141592653589793,3.153146688655069
488,400.9999476047875,0,132.9745840027823,132.9745840027823,0.8730172824596943,0.9153436294584407,3.141592653589793,3.141877769859868
489,383.8956941110405,0,88.75529110705182,88.75529110705182,0.09176666737039098,-0.8010416711025901,3.141592653589793,3.26599313078522
490,425.9309653580827,0,134.6576698558025,134.6576698558025,1.182622176681563,1.851833447201663,3.141592653589793,3.212078474396365
491,384.6428262893985,0,99.24774526955989,99.24774526955989,0.5960951124953499,1.336313316764383,3.141592653589793,3.227619461928656
492,353.1826376473712,0,82.96711192619892,82.96711192619892,-0.58384799346167,-0.09363019106655864,3.141592653589793,3.179609707947573
493,355.5658221203553,0,81.6907458247078,81.6907458247078,-0.6757181543473831,-0.1058410719754023,3.141592653589793,3.192861458018835
494,411.3435185744228,0,135.7137923479316,135.7137923479316,-1.399797253337398,-1.765400385558194,3.141592653589793,3.162794658427735
495,432.6047341546558,0,81.57398525032671,81.57398525032671,0.04630268286898668,-1.383995266933298,3.141592653589793,3.451862776284419
496,512.4500791445032,0,37.6111849137671,37.6111849137671,2.489289519256932,0.3068188908544824,3.141592653589793,3.825282008549009
497,410.4302479631385,0,131.0329925650974,131.0329925650974,1.458938248441215,1.950360502784838,3.141592653589793,3.179795627576327
498,453.6948146390617,0,167.7420059355111,167.7420059355111,0.4423394744821022,0.1881495761511988,3.141592653589793,3.151859277553938
499,369.3301746776455,0,81.70562604285924,81.70562604285924,0.3295705495667607,-0.4706545139443227,3.141592653589793,3.241907548552345
500,358.0312919483491,0,74.66242326567739,74.66242326567739,-0.3160493965425799,0.4195440363351039,3.141592653589793,3.226561962768131
501,316.5044937468052,0,39.52856501360697,39.52856501360697,-0.1936125471820601,-0.5947972786272478,3.141592653589793,3.167104922454276
502,337.9078324494436,0,65.33512342222322,65.33512342222322,0.5389522333555461,0.02922494300857305,3.141592653589793,3.182675967109097
503,409.6172247744796,0,136.4739527585684,136.4739527585684,-0.2992542925568352,-0.01752905690957375,3.141592653589793,3.15419934523642
504,429.3690395661906,0,108.9669488691524,108.9669488691524,-0.704599892774034,-1.814380140165052,3.141592653589793,3.331848825890609
505,593.5359830265754,0,239.9872197062218,239.9872197062218,1.320958891245875,0.6998027647381917,3.141592653589793,3.202411487393115
506,314.9281936705258,0,37.84106988236788,37.84106988236788,-0.9723552799911716,-1.349900419088538,3.141592653589793,3.164197328414492
507,394.0785483343409,0,102.3336379068134,102.3336379068134,0.03820704260476529,0.8576806972699571,3.141592653589793,3.246712409773875
508,474.6077440293466,0,160.447088446642,160.447088446642,1.601276148419236,2.398018186269883,3.141592653589793,3.241049563948037
509,456.1154235318705,0,112.3575112888756,112.3575112888756,0.4620376065596539,-0.8324063292644525,3.141592653589793,3.397821287837423
510,360.2150655664694,0,86.09709112560122,86.09709112560122,1.392404087470841,0.8190954120723035,3.141592653589793,3.193475730043456
511,347.4085441222521,0,54.66669994316263,54.66669994316263,-1.286478476868969,-2.119607073836963,3.141592653589793,3.250185788562742
512,453.311022893914,0,159.6199926253506,159.6199926253506,0.09558451679744635,-0.4302887658700227,3.141592653589793,3.185301729901395
513,386.891307930926,0,68.42559765585077,68.42559765585077,0.31581602187925,-0.8453418207603361,3.141592653589793,3.349312158729427
514,321.9497255866635,0,56.33237602862735,56.33237602862735,-1.218588182401947,-1.411487990849285,3.141592653589793,3.147509291040835
515,367.4791767076015,0,82.25733776656703,82.25733776656703,0.6481704868445345,-0.11676393864601,3.141592653589793,3.233377348283047
516,596.1761839840606,0,227.840640241321,227.840640241321,0.2649242258891243,1.119843765808344,3.141592653589793,3.255839649126634
517,375.0639592479899,0,72.70123223303429,72.70123223303429,2.02997574403917,1.039969692730123,3.141592653589793,3.293890766664537
518,363.0624380550303,0,31.67613026955399,31.67613026955399,0.8517120092531779,2.047395829394808,3.141592653589793,3.361437817190412
519,442.2384695458898,0,85.90075675313801,85.90075675313801,0.4326426683396383,1.89445243033021,3.141592653589793,3.465038554091468
520,492.7833195031768,0,64.40672130571798,64.40672130571798,-0.4593390915625375,1.482152661812653,3.141592653589793,3.69310095035503
521,318.7248758719791,0,44.57181299716387,44.57181299716387,0.06930493256233755,0.4524566046708214,3.141592653589793,3.164871182991321
522,402.2651494062068,0,81.42576047411357,81.42576047411357,-1.352998165885593,-2.530728768862521,3.141592653589793,3.355093705737256
523,641.695079372643,0,282.8301853799039,282.8301853799039,0.02286387952907108,0.1553232909877123,3.141592653589793,3.144383866001943
524,349.9273662411442,0,63.15464543736714,63.15464543736714,-1.984931782359151,-2.754901272506143,3.141592653589793,3.234572215432293
525,369.0800945933207,0,107.2354168586634,107.2354168586634,1.522662440098325,1.603514573774647,3.141592653589793,3.142632887979341
526,469.3867190589255,0,179.1653856582408,179.1653856582408,1.173820145954698,0.986427941169809,3.141592653589793,3.147176550418406
527,324.5592803098796,0,60.81143824833376,60.81143824833376,0.8959762109763481,1.04029556896341,3.141592653589793,3.144905797981738
528,349.8207779984218,0,84.61981924788722,84.61981924788722,-0.2191474653120422,-0.5720546241432568,3.141592653589793,3.161352220782062
529,427.695887943114,0,124.3841475542518,124.3841475542518,0.2521917513568479,-0.6236502511937445,3.141592653589793,3.261395961014423
530,433.1771473383203,0,31.72515793752002,31.72515793752002,-0.5863060557076325,-2.345969031691241,3.141592653589793,3.600835762727432
531,372.4602499416878,0,91.03289984653598,91.03289984653598,0.7747271787466382,1.471871128026362,3.141592653589793,3.218013997344743
532,510.5086296110333,0,187.8428171740178,187.8428171740178,-1.356650543461916,-0.6567700739687723,3.141592653589793,3.218607940192049
533,319.7743540553254,0,44.97183612247979,44.97183612247979,1.887947039309187,1.478650078401579,3.141592653589793,3.168142737203859
534,410.9932275264146,0,107.0951786213888,107.0951786213888,-1.091758776306102,-2.041817407690933,3.141592653589793,3.282105391994318
535,326.7848458222168,0,15.48619322287084,15.48619322287084,-1.027366232848003,-1.839209255548589,3.141592653589793,3.244794830894086
536,383.8840919681765,0,119.1046624330184,119.1046624330184,0.4667671700358691,0.5970228345736381,3.141592653589793,3.144291802494408
537,421.4445401115134,0,72.50222168717913,72.50222168717913,2.70145475375744,1.27628201930828,3.141592653589793,3.449742269229203
538,332.1941506109483,0,69.40710638077802,69.40710638077802,0.4296360020691464,0.2308006261476989,3.141592653589793,3.147878636130558
539,380.1408275285378,0,110.1295855383279,110.1295855383279,-0.1190519978679117,-0.5321185479453648,3.141592653589793,3.168631940740712
540,358.7906995117863,0,57.18972483385497,57.18972483385497,-1.058007187181571,-0.09771338407440007,3.141592653589793,3.285082737066967
541,655.5717275060725,0,167.6320085385998,167.6320085385998,-0.7336889048774217,1.112502495176862,3.141592653589793,3.643902727395965
542,353.0245824147079,0,92.92772680599005,92.92772680599005,0.03606582823551906,0.08803390715827973,3.141592653589793,3.142022450956752
543,449.2663819262849,0,167.072753939917,167.072753939917,1.343634661889372,1.282729727955524,3.141592653589793,3.142182969221691
544,335.9707133697224,0,41.43218401667423,41.43218401667423,0.296469164012753,-0.4957375652355824,3.141592653589793,3.239937638744872
545,348.1228207644797,0,73.87745705415715,73.87745705415715,1.880041575492001,1.309273288286781,3.141592653589793,3.19302064490171
546,354.4984750514167,0,48.90977928807593,48.90977928807593,-1.880731485170556,-2.864555291366244,3.141592653589793,3.292037922431442
547,399.4203159013608,0,114.4544737986223,114.4544737986223,-0.5444779027444099,-1.225085498597526,3.141592653589793,3.214472134055966
548,392.0466895580979,0,126.0865779896567,126.0865779896567,0.07920659725583491,0.02585866524878944,3.141592653589793,3.142045576203309
549,367.0594368065811,0,52.16074277649805,52.16074277649805,0.0844275585267284,1.186333919011906,3.141592653589793,3.329234450796016
550,391.7173145177654,0,97.76883132422246,97.76883132422246,0.3479492361381868,1.20793245142976,3.141592653589793,3.25717293548755
551,397.778574556596,0,119.2968519663454,119.2968519663454,0.02468436756965374,-0.5231105458594022,3.141592653589793,3.188994146791133
552,360.0867486759754,0,55.43033060558788,55.43033060558788,-1.141146664413116,-0.1478896709086557,3.141592653589793,3.29486932308929
553,424.0541780917441,0,149.2012899921527,149.2012899921527,-2.167428928741588,-2.299158364121538,3.141592653589793,3.14435319982264
554,401.0076694502665,0,123.1428555833945,123.1428555833945,1.577034172299311,1.063559569660135,3.141592653589793,3.183278273831054
555,725.7237218930384,0,293.7090113624102,293.7090113624102,-0.7134910292239747,0.1747954537006565,3.141592653589793,3.264759911055631
556,389.496052413979,0,39.37351343062956,39.37351343062956,-1.509035351777338,-0.1074294066843416,3.141592653589793,3.440073200734163
557,315.4967642924469,0,46.27356102793688,46.27356102793688,0.212746160340975,0.4111573674316671,3.141592653589793,3.147851872021386
558,358.2783398969988,0,94.4133644055416,94.4133644055416,1.656755837637103,1.949307571369084,3.141592653589793,3.155184767648155
559,363.3328236759967,0,86.25658218541111,86.25658218541111,-0.07160884343513722,-0.7008237993912297,3.141592653589793,3.203984372915727
560,424.0430946373422,0,137.7200771724814,137.7200771724814,-1.104699333173105,-0.5326191847432857,3.141592653589793,3.193255407466938
561,382.4385433510589,0,118.1708374656423,118.1708374656423,1.063938333966908,0.9590083271997689,3.141592653589793,3.143344509819042
562,384.1344410088493,0,119.8288722437834,119.8288722437834,1.425839671065196,1.367978694082432,3.141592653589793,3.142125442076869
563,374.0700591702515,0,98.57420429316602,98.57420429316602,-0.3172257434795956,-0.8950927126045866,3.141592653589793,3.194297205191631
564,386.9252039351892,0,114.022021675386,114.022021675386,-0.9283639344299497,-0.4665462885680646,3.141592653589793,3.17535508866627
565,308.1602644178795,0,31.12246824707966,31.12246824707966,0.1792714433080569,0.3942020782105564,3.141592653589793,3.148936261487195
566,345.6341030911061,0,42.65034135325044,42.65034135325044,1.190993521512225,2.113126722019483,3.141592653589793,3.274131035949404
567,346.7149281792191,0,85.67328575809837,85.67328575809837,-1.379968021946975,-1.211234096185172,3.141592653589793,3.146120712686077
568,391.6195310944184,0,116.0127729354676,116.0127729354676,0.5142453841406276,1.023528868974089,3.141592653589793,3.182604918775416
569,519.6459126732834,0,102.805638443063,102.805638443063,-1.9912003774529,-0.1996048377878135,3.141592653589793,3.616547936753665
570,432.127851361286,0,152.8608682172213,152.8608682172213,-0.4898812907963833,-0.2237115229018565,3.141592653589793,3.152848037319652
571,345.6615125934364,0,61.21316652090687,61.21316652090687,-0.3044346346134071,-1.031422278603783,3.141592653589793,3.224610896775615
572,312.6647940718098,0,41.78154397002857,41.78154397002857,0.4465080115096688,0.2677888882425006,3.141592653589793,3.146672039808207
573,363.9637958950718,0,99.79823707997305,99.79823707997305,0.4845090906320478,0.2007671948909912,3.141592653589793,3.154380107800594
574,352.6704174104353,0,87.57861736844788,87.57861736844788,0.3873844750034659,0.7356473678425106,3.141592653589793,3.160837142849656
575,319.3735340949194,0,54.50449790583289,54.50449790583289,-1.927349136365884,-1.859733579790133,3.141592653589793,3.142320204018108
576,358.1667075018625,0,97.45162779311794,97.45162779311794,-0.5360158429407594,-0.6321785720203702,3.141592653589793,3.143064057818961
577,361.1595686903948,0,90.24604936800513,90.24604936800513,1.027547289303425,1.528698333916355,3.141592653589793,3.181313686294703
578,846.6011993274434,0,227.0535932477005,227.0535932477005,1.67060829314065,-0.3504218502793907,3.141592653589793,3.735527705920783
579,625.9243306826261,0,228.9914565382805,228.9914565382805,0.2091563959622469,1.267307306866684,3.141592653589793,3.315009464743238
580,548.185029366741,0,227.0927433589655,227.0927433589655,1.456855016159401,1.695047213117948,3.141592653589793,3.150609452753752
581,488.1504366883911,0,181.9116843664326,181.9116843664326,1.971402798868371,2.500408231251835,3.141592653589793,3.185820325847108
582,309.7836080045392,0,38.51006471024301,38.51006471024301,-2.034909533544386,-2.072439196912667,3.141592653589793,3.141816811451918
583,423.5932773881013,0,25.47730032136484,25.47730032136484,-2.059420760363206,-0.3417324392712647,3.141592653589793,3.580510797289265
584,373.7528471024816,0,111.1669142376109,111.1669142376109,0.8616696079905896,0.7755214571156948,3.141592653589793,3.142773600657311
585,415.0473867150244,0,83.27064526545139,83.27064526545139,-1.650549886512761,-0.3772397038739826,3.141592653589793,3.389826429524225
586,321.5362100475447,0,22.09905446929175,22.09905446929175,-1.632335719694869,-2.32367862312254,3.141592653589793,3.216762255935175
587,441.7248379709433,0,161.5435777300186,161.5435777300186,-0.8084060517098862,-0.9313544123824345,3.141592653589793,3.143997566869514
588,415.7942092047541,0,97.5384789443887,97.5384789443887,-0.06354836832565329,-1.186899174915083,3.141592653589793,3.336393477357621
589,331.5297765433382,0,69.92795814068417,69.92795814068417,-2.223519797092708,-2.110165510257404,3.141592653589793,3.143637001219018
590,489.5119674811604,0,192.7694210177749,192.7694210177749,-1.585690358048479,-1.457497094092512,3.141592653589793,3.144207040576851
591,409.3973399065109,0,137.2363326791775,137.2363326791775,-1.692709189774521,-1.458846642780351,3.141592653589793,3.150285081064245
592,364.1552190200379,0,103.0070471289727,103.0070471289727,0.9179738618611718,0.8469236035199562,3.141592653589793,3.14239598718871
593,448.7802147775778,0,147.7386933161575,147.7386933161575,0.09530015267918589,0.8168497595867911,3.141592653589793,3.223389246789453
594,343.5775989454567,0,39.51185224389883,39.51185224389883,2.107414716108415,1.188245144095309,3.141592653589793,3.273297588549522
595,352.4780754466263,0,10.54206209755275,10.54206209755275,0.5653438994409665,-0.5916097426492939,3.141592653589793,3.347856946023124
596,377.1867145222022,0,100.4511396386932,100.4511396386932,-0.7244719402661924,-0.1288439752145053,3.141592653589793,3.197557986001344
597,335.2449348250601,0,63.44116878770152,63.44116878770152,-0.5881341086435188,-0.1058533500367784,3.141592653589793,3.178395685123495
598,329.4202626367269,0,54.03424724567117,54.03424724567117,0.5538756119418106,0.04083045009320405,3.141592653589793,3.183209031651177
599,444.2152268356443,0,39.2818033655286,39.2818033655286,1.339672245766385,-0.4590172358068828,3.141592653589793,3.620067437522631
600,330.2924430768912,0,59.86636498919201,59.86636498919201,0.1910241737738446,0.6149023159831314,3.141592653589793,3.170059475866684
601,614.8466256382046,0,258.1664696954251,258.1664696954251,1.209166233141926,1.694745127393202,3.141592653589793,3.178897806415244
602,402.3214669385828,0,59.07284070211823,59.07284070211823,-1.540859877589178,-0.1604586956558205,3.141592653589793,3.431488281223232
603,437.2638008369572,0,158.3805132634021,158.3805132634021,0.7044738789572376,0.838971671207299,3.141592653589793,3.144470393756236
604,653.3967356727221,0,187.040004929287,187.040004929287,-1.254052452997349,0.4014872301261003,3.141592653589793,3.55111476067528
605,319.3387288072947,0,50.77845170074767,50.77845170074767,1.456528638643895,1.713365563950374,3.141592653589793,3.152073858159139
606,336.7340394223822,0,60.86330527254884,60.86330527254884,0.7276822220076502,1.292119768134983,3.141592653589793,3.191895071045977
607,559.03959012087,0,235.8600435590849,235.8600435590849,-1.609939884809157,-1.601608866968559,3.141592653589793,3.141603699855795
608,338.6309702327995,0,65.3475393624943,65.3475393624943,-1.329670466381296,-1.856032504323739,3.141592653589793,3.185382456797972
609,436.6552786570002,0,151.711769194946,151.711769194946,-0.3092340470071365,0.1221391102484581,3.141592653589793,3.171070355871975
610,388.0889496221596,0,73.60887419360068,73.60887419360068,-0.2263327897914212,-1.347664713290242,3.141592653589793,3.335714268900579
611,338.9048818883161,0,74.55878654060183,74.55878654060183,0.6739367481466825,0.3695136648078183,3.141592653589793,3.156307623594205
612,407.4740610075402,0,96.85898249911241,96.85898249911241,1.375433155284703,2.425539716621326,3.141592653589793,3.312450481328225
613,313.8092552512751,0,27.87101037682977,27.87101037682977,-0.7214198023177111,-1.197192780699535,3.141592653589793,3.177414723961553
614,577.2467254500611,0,197.3084324742018,197.3084324742018,0.733264458886081,-0.3987311834193794,3.141592653589793,3.339314081557455
615,371.7908247510381,0,49.15502627289416,49.15502627289416,0.5174855640194221,-0.6577762547780984,3.141592653589793,3.354227890858433
616,380.5633039928819,0,112.2030855551977,112.2030855551977,-0.1987394019440498,-0.5537984758972578,3.141592653589793,3.161593165966467
617,326.0252486645414,0,63.54249169318626,63.54249169318626,1.290043964669608,1.363143902324443,3.141592653589793,3.142442999001652
618,310.6460052180019,0,39.97559115085618,39.97559115085618,-0.2597509727038443,-0.1925864241870575,3.141592653589793,3.142310531705423
619,507.805061375137,0,133.9402481185778,133.9402481185778,-0.3724345793352331,-1.791837530077166,3.141592653589793,3.447362635068186
620,379.2369550381164,0,66.818112297886,66.818112297886,-0.4544078885614493,-1.55314738031388,3.141592653589793,3.328187625694463
621,416.0247515227862,0,144.1052831313485,144.1052831313485,-0.9178809172137042,-0.9017464530212073,3.141592653589793,3.141634084680158
622,319.307904523659,0,37.31718388832066,37.31718388832066,0.8590939616235873,1.370542919585464,3.141592653589793,3.182952157618717
623,331.6806809322235,0,39.83668443409834,39.83668443409834,-1.280019817698947,-0.5435893681737345,3.141592653589793,3.226752889218086
624,553.2259593787211,0,219.6805351581904,219.6805351581904,0.05769266884379205,-0.505229981164623,3.141592653589793,3.191627533247239
625,316.6684362370012,0,48.90375309611517,48.90375309611517,-0.3577353745439693,-0.5267316160845238,3.141592653589793,3.1461347922084
626,323.2865652718856,0,53.99160403146289,53.99160403146289,1.891224807043846,1.557677941422505,3.141592653589793,3.159249580621192
627,350.0147377690901,0,83.3488699850385,83.3488699850385,1.06468045329634,0.666856994034835,3.141592653589793,3.166680897379486
628,400.1037158725467,0,131.0649924712875,131.0649924712875,-0.1104578858361181,-0.2960661830902522,3.141592653589793,3.14707083509395
629,331.6832565309493,0,46.73856585176473,46.73856585176473,0.8436996853463149,1.507322873940359,3.141592653589793,3.21091889301631
630,391.1454607293657,0,120.8317611860182,120.8317611860182,-0.2149144911420602,0.1351662540836966,3.141592653589793,3.161037951253856
631,505.6009298482691,0,199.66319284794,199.66319284794,-0.9856409698066131,-0.6723684632710616,3.141592653589793,3.157173429579127
632,432.580081843092,0,117.912902983703,117.912902983703,-0.2815100511975797,0.741193439675542,3.141592653589793,3.303865437836933
633,615.1570993584911,0,233.1318246136861,233.1318246136861,0.41487870988294,1.342549566986726,3.141592653589793,3.275694982779843
634,370.9009510968709,0,104.8601351527885,104.8601351527885,0.4480722609301594,0.1223647413721393,3.141592653589793,3.158431539448971
635,434.1684404614977,0,118.7840885304319,118.7840885304319,-0.07184289746119268,-1.098111635134638,3.141592653589793,3.304970790039635
636,399.0123323246992,0,115.9811592694502,115.9811592694502,0.701427278752968,1.344849813084221,3.141592653589793,3.206804789626991
637,331.2474700001894,0,26.53670094083216,26.53670094083216,-0.374165029984864,-1.20378673549221,3.141592653589793,3.249288626043903
638,381.0972048786896,0,61.43194810899445,61.43194810899445,0.2989614331042489,-0.8694488501974423,3.141592653589793,3.351833377603143
639,542.7316001399262,0,215.9264305318458,215.9264305318458,-1.092851671667347,-1.598598817067537,3.141592653589793,3.182040945080657
640,473.9548869229135,0,183.4241789342021,183.4241789342021,0.8130540527391865,0.7816097174375719,3.141592653589793,3.14175001349756
641,353.038274192199,0,56.86804559971688,56.86804559971688,-0.186633998600318,0.7021115690487104,3.141592653589793,3.264884850206076
642,516.8041210826773,0,193.1332933352924,193.1332933352924,-0.2594224284782496,0.4108191096994028,3.141592653589793,3.21229328060003
643,379.4040862264131,0,76.68141932922147,76.68141932922147,-0.5674042686711164,0.4266055974898745,3.141592653589793,3.295096359002988
644,355.94648342252,0,50.01200637827258,50.01200637827258,0.3880286196112379,-0.6040642241159337,3.141592653589793,3.29451857054472
645,330.4444431835689,0,61.43739930936014,61.43739930936014,-0.9450465215735414,-1.337325362136696,3.141592653589793,3.165989117139055
646,318.6549960024094,0,51.39196307304854,51.39196307304854,-0.9758549678908545,-1.172615010092812,3.141592653589793,3.14774822933739
647,346.494078187498,0,81.25489889953532,81.25489889953532,-1.775180962532419,-1.422921569521458,3.141592653589793,3.161279975113531
648,396.7606561289178,0,104.5839188813466,104.5839188813466,2.231011629646803,1.412715733033306,3.141592653589793,3.246415342420597
649,470.816655640255,0,175.043990762514,175.043990762514,-2.480481465323349,-2.069411905218285,3.141592653589793,3.168372229447532
650,417.6132076656051,0,138.7420206285676,138.7420206285676,0.9287077749787546,1.346762114123489,3.141592653589793,3.169286012900555
651,372.7474764441504,0,92.85607884265121,92.85607884265121,-0.533353689599261,-1.20224762188203,3.141592653589793,3.212012374467767
652,359.6532530638368,0,96.69679307816888,96.69679307816888,0.255459176784314,0.008690127796431064,3.141592653589793,3.151269484608979
653,319.3950036984483,0,52.25758376633843,52.25758376633843,0.3581700983133848,0.1507176368867797,3.141592653589793,3.148434678509515
654,374.9581598038097,0,81.54219639572067,81.54219639572067,1.733788270489812,0.8550065979935088,3.141592653589793,3.262186633073705
655,511.5726094180226,0,194.5032951779538,194.5032951779538,-0.04494507958975846,-0.6182720452860007,3.141592653589793,3.193479013659525
656,453.0877850801284,0,169.7643786166132,169.7643786166132,1.665251794295648,1.65218391441851,3.141592653589793,3.141619832279813
657,318.0289986501405,0,52.40018220828466,52.40018220828466,-1.654095025875182,-1.574673726607942,3.141592653589793,3.142596401682318
658,357.7966244535282,0,46.14984252313267,46.14984252313267,1.846897188337068,0.8008493885632877,3.141592653589793,3.311166018263193
659,511.2517648717027,0,206.9851062159641,206.9851062159641,-0.4190368990786962,-0.4294094657171887,3.141592653589793,3.141609777045524
660,414.4475684427742,0,140.705811686861,140.705811686861,2.169134724361085,1.923056855339177,3.141592653589793,3.15121543514748
661,332.869172956238,0,52.67174478018411,52.67174478018411,-1.702392667547986,-2.312539141408796,3.141592653589793,3.200294224075989
662,371.5667543113044,0,102.3807460395845,102.3807460395845,-0.04733903261426412,-0.4753407118860501,3.141592653589793,3.170613479840901
663,340.2608516711051,0,67.35687791484131,67.35687791484131,-0.2672341250364311,-0.7923972452409206,3.141592653589793,3.185184563555505
664,312.0508106179916,0,39.38795576578229,39.38795576578229,0.5195678719093585,0.2994485655543325,3.141592653589793,3.149294668670999
665,370.1917568454722,0,22.56704466969588,22.56704466969588,-2.871789756878369,-1.567644105621819,3.141592653589793,3.401529109206729
666,340.2995344814463,0,78.03830836269076,78.03830836269076,-1.288430170329644,-1.064172968160198,3.141592653589793,3.149586590937647
667,347.163881436828,0,85.31161276469928,85.31161276469928,0.1099051947315983,0.3271158193506551,3.141592653589793,3.14909270370638
668,381.9544968596346,0,118.1985145083379,118.1985145083379,1.133232076020883,1.120749967800786,3.141592653589793,3.141617450313608
669,403.2021732058915,0,80.33821466536563,80.33821466536563,-0.5968911491169786,0.6009468607366262,3.141592653589793,3.362204678323347
670,353.4113678385762,0,71.98484098600453,71.98484098600453,-0.2445187556140171,0.4565575284142346,3.141592653589793,3.218868179518419
671,423.8578295684181,0,79.80797751681828,79.80797751681828,1.72080689281148,0.3417260386895022,3.141592653589793,3.430957359585683
672,486.0017763845406,0,188.0394498316435,188.0394498316435,-0.1242871184339868,-0.4102101867798725,3.141592653589793,3.154577055977819
673,365.7162588364791,0,104.5689924389214,104.5689924389214,0.9726808261028056,0.9897005273734046,3.141592653589793,3.141638755700709
674,313.8624511780574,0,41.09892770004814,41.09892770004814,0.9251722813209052,1.193581053310162,3.141592653589793,3.153037847849299
675,381.588298276631,0,106.741503175516,106.741503175516,0.4696515420258948,1.007268946453405,3.141592653589793,3.187261657698146
676,488.9330580682308,0,185.7187848123964,185.7187848123964,1.509324365709428,1.071707165522154,3.141592653589793,3.171925789640909
677,507.3056749667297,0,181.8585722284204,181.8585722284204,1.28839342147235,0.5135389883760072,3.141592653589793,3.235738523672519
678,327.4036289894434,0,60.03776809857239,60.03776809857239,1.871522714802706,1.54690776118354,3.141592653589793,3.158319057537179
679,447.8623352193278,0,153.7854107599816,153.7854107599816,-0.3221678345908863,-0.9024486446077845,3.141592653589793,3.194734765135163
680,357.6864556190611,0,94.67344979468081,94.67344979468081,0.141791655849887,-0.1150728444712013,3.141592653589793,3.152076105143174
681,313.2610196805514,0,33.59946811435842,33.59946811435842,0.6306364331652016,1.01941891660094,3.141592653589793,3.165557805587479
682,358.84801876859,0,97.39001049794099,97.39001049794099,-0.5279858796858731,-0.6891572168800285,3.141592653589793,3.145724177518161
683,324.6386453326708,0,43.98774299896098,43.98774299896098,-0.1009473230321384,-0.6534462740464789,3.141592653589793,3.189805557077313
684,352.7153496422546,0,73.52743445104231,73.52743445104231,1.329668360184977,0.665155039787179,3.141592653589793,3.211102980920336
685,364.2311516997783,0,102.4223373355774,102.4223373355774,-1.347942937228598,-1.202096201987282,3.141592653589793,3.144976259253781
686,372.5653522456498,0,47.33222569605181,47.33222569605181,-2.009642440889617,-0.8132411459107632,3.141592653589793,3.361693094218512
687,408.4898334571459,0,128.8616720009667,128.8616720009667,-0.05146328736250386,0.4597106382570126,3.141592653589793,3.182907975943166
688,438.0015196545209,0,159.5656535078695,159.5656535078695,-1.626696755604958,-1.630052509104974,3.141592653589793,3.141594445846076
689,420.8226756856992,0,120.3659278660303,120.3659278660303,-0.601328750026941,0.2594432290447903,3.141592653589793,3.257381279654628
690,393.1109868626416,0,68.73527814778927,68.73527814778927,-0.3858857794399715,0.8321522915468099,3.141592653589793,3.369454131378339
691,425.0500025855131,0,150.5507899506,150.5507899506,-1.03193613316531,-1.042812858756967,3.141592653589793,3.141611482066004
692,394.8162000652487,0,68.75339763616269,68.75339763616269,-1.421508224609277,-0.1877884312922307,3.141592653589793,3.375154652680616
693,370.6283677416513,0,39.57816908767434,39.57816908767434,-0.4431697276399078,0.7849863287097776,3.141592653589793,3.373124916133076
694,343.9426715818327,0,52.48990653943216,52.48990653943216,-1.820156429049125,-2.62530452587205,3.141592653589793,3.243126247759549
695,332.6162009823793,0,36.14790747339219,36.14790747339219,-0.4572260473877759,0.3269894482940454,3.141592653589793,3.237992950078311
696,469.5343087911498,0,128.4020001763004,128.4020001763004,1.014026102487311,2.225032303262976,3.141592653589793,3.366918534714861
697,364.2985792082249,0,100.4582404722084,100.4582404722084,1.248373074381868,1.515869190865657,3.141592653589793,3.152960287320991
698,337.0001077483684,0,53.41625244256199,53.41625244256199,1.921223927120942,2.60051821471292,3.141592653589793,3.214194320548223
699,675.3332489342999,0,214.5945107712433,214.5945107712433,0.6003689935621989,-0.8874027129928075,3.141592653589793,3.476070921588763
700,356.4026394477638,0,71.22085469319869,71.22085469319869,0.4066431290567073,-0.3539189366333739,3.141592653589793,3.232345751440604
701,415.5458490023432,0,117.7650624483075,117.7650624483075,0.6012427947272031,-0.2387188931912349,3.141592653589793,3.251944039841422
702,312.0324286589063,0,36.35518732906393,36.35518732906393,0.7132964676176934,0.4190494654442099,3.141592653589793,3.155342406043667
703,358.2730989023275,0,66.62791157054896,66.62791157054896,2.489273863076739,1.640470533355262,3.141592653589793,3.254239003766568
704,500.84387493521,0,189.6657182850495,189.6657182850495,1.910521956989253,1.378384834679939,3.141592653589793,3.186341839481288
705,359.5619494641544,0,72.27671618614215,72.27671618614215,0.533096181067048,-0.2603541501862815,3.141592653589793,3.240241939925995
706,314.1911849646227,0,19.29895753685634,19.29895753685634,0.8511485220222741,1.40608504737259,3.141592653589793,3.190228667079719
707,340.652946762608,0,76.01964907496827,76.01964907496827,-2.038284301655081,-2.358714153741144,3.141592653589793,3.157891652859112
708,308.7437526789289,0,24.39027211091062,24.39027211091062,-0.04808871353027482,0.3070268332597417,3.141592653589793,3.16159950858127
709,334.2924140063638,0,51.81069044606581,51.81069044606581,1.218120666674045,0.5683003744557258,3.141592653589793,3.208094576733681
710,338.0168747700501,0,77.61731419566465,77.61731419566465,1.465736465777702,1.540054468160993,3.141592653589793,3.142471569730998
711,306.1752488909614,0,25.3838725179402,25.3838725179402,-1.12799948116232,-0.904021980442733,3.141592653589793,3.149566687961687
712,422.3811214842499,0,144.9696168175057,144.9696168175057,-0.03466495806779671,0.279880348493234,3.141592653589793,3.157299977982601
713,331.4934857322186,0,53.30721356486087,53.30721356486087,-1.845718622423212,-1.273674102485562,3.141592653589793,3.193249024720755
714,356.2750926558219,0,63.20928283886406,63.20928283886406,-0.8049148516409589,-1.667174576443649,3.141592653589793,3.257774736550421
715,663.5017235180843,0,289.2854878197231,289.2854878197231,0.1628903101797609,-0.2167646164794802,3.141592653589793,3.164449756976083
716,349.2338926968698,0,86.84609931595013,86.84609931595013,-0.295748805629335,-0.5396032442920368,3.141592653589793,3.151042587516846
717,341.4961600670385,0,81.5482282511059,81.5482282511059,0.1825212494526054,0.1568754997000958,3.141592653589793,3.141697328765094
718,315.0795562006842,0,47.89821170355224,47.89821170355224,0.1963686756253494,0.259282603548323,3.141592653589793,3.142222551541513
719,350.8501304871953,0,88.21529004089734,88.21529004089734,1.6682093781022,1.413960692174825,3.141592653589793,3.151864019177407
720,319.2432722965393,0,26.28858383369066,26.28858383369066,-1.755433763246248,-2.373733841701959,3.141592653589793,3.201858739561709
721,306.2672276126005,0,17.11433089898835,17.11433089898835,-0.02490680311751399,0.3130407330880754,3.141592653589793,3.159717224423221
722,383.1007593125952,0,106.1556567896691,106.1556567896691,1.680716302733601,1.100519503666127,3.141592653589793,3.194719506738815
723,756.9556397776455,0,234.6819190491386,234.6819190491386,-1.844968660225314,-0.1975487456863059,3.141592653589793,3.547336574940284
724,320.2327822601358,0,38.84901371590492,38.84901371590492,-1.913604462409477,-1.398519084351838,3.141592653589793,3.183538494785031
725,478.4818133425719,0,182.6567037254795,182.6567037254795,1.866530072063765,1.554283750071712,3.141592653589793,3.157071770911603
726,349.2978001529127,0,89.42838755440052,89.42838755440052,-0.6707084810297353,-0.6456133863497917,3.141592653589793,3.141692882009054
727,362.0623707710094,0,41.96119609915438,41.96119609915438,0.4606126174427106,-0.6638340377251724,3.141592653589793,3.336762604892292
728,353.3998095921269,0,90.16727566317169,90.16727566317169,0.4583338488649575,0.7356588535021104,3.141592653589793,3.153809372693023
729,357.5321787380068,0,84.2518905837364,84.2518905837364,-1.89447226668598,-1.337098303372307,3.141592653589793,3.190653559393334
730,444.0389060952427,0,25.90343904747017,25.90343904747017,0.329055225851423,-1.519704963562488,3.141592653589793,3.645204883000559
731,310.3324879132698,0,3.949283741458616,3.949283741458616,-1.038760205587718,-1.559462868511755,3.141592653589793,3.184452176476441
732,336.9898885027799,0,76.70776546940751,76.70776546940751,0.1982960677616408,0.2284788190308926,3.141592653589793,3.141737640154496
733,361.7450798133679,0,90.03029470343434,90.03029470343434,1.11421571528087,0.5950034247213191,3.141592653589793,3.184208819119351
734,393.1448411669834,0,118.4036961509889,118.4036961509889,-0.9975239175554552,-1.474997613609689,3.141592653589793,3.17766982732836
735,318.630057808309,0,38.21549253307009,38.21549253307009,-0.09071486194200987,0.3916277944949756,3.141592653589793,3.178405077913771
736,345.4930664983166,0,48.18060181398596,48.18060181398596,0.4175013215692076,-0.4540807684063346,3.141592653589793,3.26025455151212
737,344.2821734273119,0,17.32233627476071,17.32233627476071,-1.563443037872913,-0.5170040461831352,3.141592653589793,3.311289622551624
738,319.4414012056293,0,43.51243655124112,43.51243655124112,-1.773710640280133,-2.198556796476286,3.141592653589793,3.170189057063317
739,366.1877952608487,0,71.89573724095013,71.89573724095013,-0.7974996648287253,0.09277662492723146,3.141592653589793,3.265301865554085
740,380.6469794499251,0,103.0356914727786,103.0356914727786,1.629846340044389,1.026469395669311,3.141592653589793,3.199010493589035
741,373.6326314029173,0,48.44157406181521,48.44157406181521,0.4069026866406658,-0.7921762886646737,3.141592653589793,3.36264699159883
742,341.5159507211277,0,61.19009040944153,61.19009040944153,0.8845248940386228,1.539211924574215,3.141592653589793,3.209083904954944
743,401.0971328642765,0,95.71899584491605,95.71899584491605,0.9922169585058562,1.990067022274989,3.141592653589793,3.296256839333583
744,338.743104400939,0,74.41799749062264,74.41799749062264,-0.2039393674724816,-0.5069879723671048,3.141592653589793,3.156175352862692
745,410.4364710070288,0,29.23443103179206,29.23443103179206,0.7525856692446764,2.364736774757496,3.141592653589793,3.531095522369164
746,400.5493498944095,0,121.2128918597166,121.2128918597166,-0.2144265691921533,-0.7674930797987246,3.141592653589793,3.1899039117572
747,355.062987519913,0,91.74473941805718,91.74473941805718,1.041912537586691,0.7641129824548081,3.141592653589793,3.153851136930979
748,310.4353761100452,0,37.44147762497425,37.44147762497425,0.4001474999538945,0.5785395587318043,3.141592653589793,3.146653480719537
749,564.7630474118539,0,181.0736326351121,181.0736326351121,2.161942228185636,0.9143794809953001,3.141592653589793,3.380239223674333
750,521.4400251972837,0,84.7721408163368,84.7721408163368,-2.059981616387454,-0.1117067897713084,3.141592653589793,3.696671367746331
751,441.8850173727427,0,80.81090542342744,80.81090542342744,-1.937977499907708,-0.4329861893713981,3.141592653589793,3.483475742111485
752,418.3040147725538,0,116.6839347194862,116.6839347194862,-1.064519095316869,-1.954136405576122,3.141592653589793,3.265122258017648
753,368.0715936455692,0,106.4778890361201,106.4778890361201,1.933915317802156,1.872773595086172,3.141592653589793,3.142187567817369
754,355.27964951028,0,71.94759898669105,71.94759898669105,1.109440133876012,0.377124300371225,3.141592653589793,3.225816312360512
755,349.7761119715637,0,89.36910565315387,89.36910565315387,0.1417575866428572,0.255663392686147,3.141592653589793,3.143656936394258
756,465.1716816448387,0,130.7265247463195,130.7265247463195,-2.733386282737206,-1.586598590437985,3.141592653589793,3.344357399007817
757,407.6830815204674,0,111.6946957326244,111.6946957326244,-0.09044545662704362,0.751646960113169,3.141592653589793,3.25249504833147
758,370.584590283657,0,107.8394446384125,107.8394446384125,-1.285800324241343,-1.131370474341668,3.141592653589793,3.145385982614756
759,342.1444302417136,0,80.31297617102655,80.31297617102655,1.258165919943781,1.049746569205507,3.141592653589793,3.148498535310366
760,382.5425096126286,0,111.0756174777995,111.0756174777995,-0.3597283092355686,-0.8039237867436436,3.141592653589793,3.172840056373467
761,323.5611738920308,0,57.97364364701797,57.97364364701797,-0.516414163364825,-0.7356573245870432,3.141592653589793,3.149233551966584
762,407.3201962857265,0,121.4262493213309,121.4262493213309,0.09052924470629757,0.7526318023546846,3.141592653589793,3.210604958249129
763,323.184643061279,0,58.68799383830186,58.68799383830186,-0.8530534602326553,-0.6923833032956406,3.141592653589793,3.14569853934218
764,376.1729708509255,0,84.10993449192085,84.10993449192085,2.393407365685434,1.534225429244989,3.141592653589793,3.256961467533031
765,398.9702260650039,0,112.1754893125683,112.1754893125683,1.452895481883065,0.735495788255328,3.141592653589793,3.222462834775062
766,403.6806129964673,0,127.5145576969612,127.5145576969612,-0.3530739009802409,0.09514673648289051,3.141592653589793,3.173406078795654
767,513.0645609720312,0,155.7132194775307,155.7132194775307,0.05938761990370707,-1.143851607096522,3.141592653589793,3.364132731995197
768,330.6004027532371,0,60.88703062196559,60.88703062196559,-1.85631725727658,-1.446307789256236,3.141592653589793,3.168234865813405
769,370.0976923850365,0,108.1284772859125,108.1284772859125,0.3830973519813479,0.460552928982159,3.141592653589793,3.142547337351958
770,380.4006506125797,0,95.10765393834158,95.10765393834158,1.346232047129637,2.094899686495326,3.141592653589793,3.229567716478902
771,449.2040749143372,0,166.5963377368948,166.5963377368948,-0.7592859737804372,-0.6358281331195924,3.141592653589793,3.144017531679809
772,437.9789867655116,0,105.9432613910263,105.9432613910263,1.470556850867781,0.2487187372087616,3.141592653589793,3.370829686750606
773,447.2563089045115,0,153.7745003141408,153.7745003141408,1.262127836225177,1.832999683477962,3.141592653589793,3.193039158399903
774,328.0801262469788,0,61.28906979549419,61.28906979549419,1.3529731266717,1.667036217609247,3.141592653589793,3.15725197381815
775,469.3701595323096,0,177.4459750109624,177.4459750109624,-0.03972428322274862,-0.3229613860566946,3.141592653589793,3.154334740878197
776,349.6411960050321,0,47.44114453605891,47.44114453605891,1.090832028237936,0.1561009474157329,3.141592653589793,3.277701419370655
777,330.1807360329639,0,31.24851208936497,31.24851208936497,1.20940523228693,0.4271506816086741,3.141592653589793,3.237518584216344
778,576.8221415153964,0,191.8501105106008,191.8501105106008,-0.4653922922673419,-1.661718530088198,3.141592653589793,3.361666382672136
779,348.6858436896798,0,62.58792392985951,62.58792392985951,-0.7193086147138938,0.03854625282972517,3.141592653589793,3.231709826291481
780,368.6553786209511,0,85.91604299927532,85.91604299927532,2.038637495362343,1.314190860564874,3.141592653589793,3.224038977394463
781,427.5314816461575,0,142.2049849554613,142.2049849554613,-1.072437777629847,-0.5507324252071381,3.141592653589793,3.184616283924307
782,325.0135833611355,0,60.40715937997376,60.40715937997376,0.3464711492690821,0.5453546951016545,3.141592653589793,3.147881679144293
783,330.5371652987458,0,66.55128740052241,66.55128740052241,-1.227277713228827,-0.988819269451799,3.141592653589793,3.150629592716021
784,309.6149261621755,0,35.14688102871386,35.14688102871386,-1.832802423024524,-1.636221131717973,3.141592653589793,3.147737060998124
785,427.0900965653941,0,146.9250626491873,146.9250626491873,1.062905452694777,0.6943051919319206,3.141592653589793,3.163142512332286
786,384.1399430587477,0,84.5193812935169,84.5193812935169,-2.457435563581523,-1.504946458044373,3.141592653589793,3.282809756482443
787,475.6542273021505,0,184.5433030846342,184.5433030846342,0.3833719717261408,0.4031040266709383,3.141592653589793,3.141654620591147
788,453.5224244864601,0,77.6949420440378,77.6949420440378,-0.9607541189881552,0.6502867829244128,3.141592653589793,3.530588787826276
789,348.669875780345,0,88.83289365141546,88.83289365141546,1.429759093049802,1.416245196843228,3.141592653589793,3.141621719188999
790,429.4846563069744,0,25.7770817389868,25.7770817389868,-0.1957645671263367,1.560407476269978,3.141592653589793,3.599131096125305
791,575.9755964833865,0,235.0789217536194,235.0789217536194,1.117918429913188,0.6075399338079921,3.141592653589793,3.182780327068766
792,307.2937227706509,0,29.83529313329489,29.83529313329489,-0.1020967680745528,0.09033946250248749,3.141592653589793,3.147480913989481
793,418.9824880734639,0,143.4436685395055,143.4436685395055,-1.509748907092103,-1.236263274329882,3.141592653589793,3.153474083041861
794,380.2045014526192,0,46.90227209797555,46.90227209797555,-1.441392657518064,-0.1681046205022453,3.141592653589793,3.389818111093419
795,371.2477569214614,0,74.16238897733695,74.16238897733695,-0.4148265332836959,-1.341662765352801,3.141592653589793,3.275458716296912
796,314.671328640307,0,28.0984280842677,28.0984280842677,-0.6419237831066379,-0.1454281857344563,3.141592653589793,3.180583638155003
797,356.415719077169,0,86.92324940704535,86.92324940704535,-1.034895903940615,-0.563290041295601,3.141592653589793,3.176793429036661
798,312.8158472504323,0,18.39317970873556,18.39317970873556,-1.592828475188319,-2.120204967558696,3.141592653589793,3.185550245372727
799,339.4261476042653,0,77.01333151800594,77.01333151800594,1.129488325675176,1.357604776739392,3.141592653589793,3.149863729804115
800,667.801402005555,0,293.3610330644483,293.3610330644483,-1.964447000945959,-1.637393942053176,3.141592653589793,3.15857057930015
801,366.605658538114,0,101.3850591684236,101.3850591684236,-0.6221563908569507,-0.9373714004849738,3.141592653589793,3.157366767321173
802,704.0374146117425,0,224.9021075882525,224.9021075882525,0.7112979018386433,-0.8067528482449975,3.141592653589793,3.489137784742652
803,341.3689521350544,0,60.79913137193333,60.79913137193333,0.3008528781260935,0.9585633949277393,3.141592653589793,3.209702092874173
804,321.9083562818395,0,41.57210197428627,41.57210197428627,-0.3826051577696871,0.1378407785342366,3.141592653589793,3.184410208139747
805,347.0128559891584,0,48.46719220209469,48.46719220209469,-0.2024911948405994,-1.092583974799734,3.141592653589793,3.26525183684578
806,364.0753597188269,0,82.70832116054657,82.70832116054657,1.012093207593264,0.3072926557992338,3.141592653589793,3.219681384686772
807,311.6967992340687,0,32.81984597772261,32.81984597772261,-1.008395102326831,-0.6626660254709364,3.141592653589793,3.160558968864999
808,492.1195592969177,0,82.80357167135934,82.80357167135934,1.899842739035644,0.09395549366738576,3.141592653589793,3.6236491474856
809,464.4978502311627,0,164.7733951478223,164.7733951478223,-0.4631000952770776,0.1165928062853499,3.141592653589793,3.194628031745045
810,339.8798780555135,0,35.70097285723795,35.70097285723795,-2.159548242928159,-1.263096925601438,3.141592653589793,3.266990873177666
811,378.5108479807107,0,115.3278680750313,115.3278680750313,-1.394092139898514,-1.350387458312632,3.141592653589793,3.141896640610872
812,375.1984532318514,0,52.80507194698723,52.80507194698723,0.7595053838628484,1.941230612091876,3.141592653589793,3.356498013722383
813,303.5238656728087,0,7.307517542159522,7.307517542159522,-0.524527847934634,-0.2342967687861815,3.141592653589793,3.154970440494338
814,424.9854002110313,0,141.4413908760137,141.4413908760137,2.430901129611596,1.93680190710209,3.141592653589793,3.180210440013971
815,469.626732616623,0,172.5394418485574,172.5394418485574,0.01962721345263206,-0.4446310016412522,3.141592653589793,3.175710958410969
816,401.5146980917702,0,79.43027670330103,79.43027670330103,0.07182677873289509,1.263376246220212,3.141592653589793,3.359969424646401
817,345.9502062269559,0,50.01724455921376,50.01724455921376,1.225586753351493,2.085900487264221,3.141592653589793,3.257260217091692
818,455.9343718137154,0,151.3185046404253,151.3185046404253,2.39114831265814,1.647456601573268,3.141592653589793,3.228417841950713
819,357.6010435302634,0,28.68711081282246,28.68711081282246,1.282385288146275,0.1295335306300142,3.141592653589793,3.346441628939266
820,373.1820564998895,0,106.925410264261,106.925410264261,1.742479821269041,1.421206836236093,3.141592653589793,3.157977316574858
821,389.3712451388108,0,108.3909173033673,108.3909173033673,-0.2040293207404073,-0.8461995619077566,3.141592653589793,3.206553760617509
822,339.500142966686,0,70.0371411729737,70.0371411729737,-0.2626058170217864,0.1872257994867651,3.141592653589793,3.173634018644881
823,371.8841798119387,0,104.9962980794076,104.9962980794076,-0.6323332431234684,-0.9845034150741533,3.141592653589793,3.161270034511625
824,426.6200174962292,0,144.222938111857,144.222938111857,1.55397138728722,1.10680113915402,3.141592653589793,3.173257889284271
825,460.2276412778955,0,52.33204420324363,52.33204420324363,0.08295554568319335,-1.746709964705993,3.141592653589793,3.635557767523036
826,416.2344667113454,0,105.3795317179705,105.3795317179705,1.702609950369405,0.6736468904071928,3.141592653589793,3.305808430604556
827,348.0769090069701,0,78.97225021514755,78.97225021514755,0.3303585006331123,-0.1304595598945799,3.141592653589793,3.17520986487474
828,452.1949332388286,0,163.098652095315,163.098652095315,-0.9001065463597027,-0.4972888216695366,3.141592653589793,3.16731219181405
829,356.157155467372,0,49.32836257364562,49.32836257364562,0.2345200569855386,1.235086349461412,3.141592653589793,3.297080118336264
830,529.0110637592832,0,213.7233781296552,213.7233781296552,-1.772581394847061,-2.094844368631561,3.141592653589793,3.158078185441549
831,462.5670330205371,0,175.9485074134523,175.9485074134523,0.9563234644300764,0.9057511159107804,3.141592653589793,3.141999675926799
832,369.9839049618464,0,90.12172860496285,90.12172860496285,-0.7808012431839259,-0.1078155176030249,3.141592653589793,3.212866973269358
833,320.3429829506268,0,34.72922213214453,34.72922213214453,-0.1366153781556446,-0.702468097478352,3.141592653589793,3.192145626542476
834,495.4087515793782,0,186.903683857177,186.903683857177,1.299113200131189,1.816140302620612,3.141592653589793,3.183853235593307
835,311.3992672263939,0,39.88635497346837,39.88635497346837,0.8747175490374157,1.033130437013526,3.141592653589793,3.145584054538408
836,365.0888193232601,0,61.50009307215482,61.50009307215482,-1.570100425838717,-0.5763744048845876,3.141592653589793,3.295010744415059
837,459.4646686057044,0,171.839327338222,171.839327338222,-0.2594066965367527,-0.498671646831462,3.141592653589793,3.150690736573313
838,358.4478068426399,0,76.23381764015461,76.23381764015461,-0.1517196124088321,-0.869838271879975,3.141592653589793,3.222622970527267
839,321.3110144120251,0,55.0103063617944,55.0103063617944,0.1676771096970906,-0.04291345942347721,3.141592653589793,3.148643007533862
840,337.1944825685346,0,4.613004964360966,4.613004964360966,1.241784216556596,2.22561715613612,3.141592653589793,3.292040651949949
841,328.7545809667988,0,64.52675122359707,64.52675122359707,-0.8342445126861191,-0.6035965482480258,3.141592653589793,3.150048076551974
842,355.2342162108944,0,92.72212654196032,92.72212654196032,0.08220990992932985,-0.1579196593912818,3.141592653589793,3.15075651410125
843,474.7307747123298,0,137.1472184471542,137.1472184471542,0.2689847957102176,-0.8742366095672929,3.141592653589793,3.343136189653966
844,380.5372021699296,0,28.54732469845351,28.54732469845351,1.30642580016568,-0.06939989330847769,3.141592653589793,3.429650235798543
845,376.8680089975317,0,39.44943627856495,39.44943627856495,0.6416032555418013,-0.647204182076906,3.141592653589793,3.395677990085435
846,387.7204141951445,0,113.8104624850417,113.8104624850417,-0.9811581001696573,-0.4958313226102324,3.141592653589793,3.178859305176241
847,305.152564857127,0,26.79841268410813,26.79841268410813,0.44241769652033,0.5451939065331777,3.141592653589793,3.143273349620418
848,351.5378065934364,0,70.3466852185299,70.3466852185299,2.129554070415279,1.434954371168102,3.141592653589793,3.217463774976127
849,428.4961424471609,0,118.4647466769983,118.4647466769983,0.2588659788739297,1.232702033991289,3.141592653589793,3.289066898580188
850,629.2832019005172,0,264.729884053763,264.729884053763,-2.097338766811388,-1.576680307418118,3.141592653589793,3.184444948876826
851,548.9944338040854,0,196.0009162725593,196.0009162725593,0.3258586241814888,1.264508885487137,3.141592653589793,3.278821238515226
852,323.6255178870259,0,57.89806056798533,57.89806056798533,0.1012164048996755,-0.1246714051427805,3.141592653589793,3.149703113598984
853,420.8323194549777,0,125.4497910084582,125.4497910084582,0.3685358034825212,1.143688255544772,3.141592653589793,3.235809902486158
854,530.3831284622855,0,92.9055155193538,92.9055155193538,1.402188425004154,-0.5280229363220055,3.141592653589793,3.687183247477936
855,456.8918531603629,0,159.9698284428117,159.9698284428117,0.09703901343890989,-0.4787476843458578,3.141592653589793,3.193921527281979
856,600.3723065702882,0,248.1308541737334,248.1308541737334,1.263860700626902,1.793842216575463,3.141592653589793,3.185982549910858
857,389.096795806383,0,120.3666437510511,120.3666437510511,0.6299673203499577,0.3260067677299128,3.141592653589793,3.156263046490017
858,360.838386967538,0,94.90790573852985,94.90790573852985,-2.296749610766826,-2.658755744338577,3.141592653589793,3.162380881840916
859,355.7612738089459,0,92.39123388184954,92.39123388184954,-0.3313688770891133,-0.05294362637093004,3.141592653589793,3.153906311437745
860,315.4190311292151,0,44.55054042085673,44.55054042085673,0.06047602596841762,0.311434414813566,3.141592653589793,3.151600310004603
861,377.0782396823084,0,59.04746261913351,59.04746261913351,1.032518313024158,-0.1163402767240126,3.141592653589793,3.345068080073635
862,407.3646965046366,0,137.7810597419849,137.7810597419849,0.5487198114897903,0.5653798018959775,3.141592653589793,3.141636827574074
863,516.42331348145,0,209.8201506176872,209.8201506176872,0.6161839902345078,0.5216416171718714,3.141592653589793,3.143014899963676
864,381.0132261287551,0,101.7896898236413,101.7896898236413,2.156187419221633,1.520631331889284,3.141592653589793,3.205235707593837
865,465.6145927001525,0,126.6339052248028,126.6339052248028,1.917619404770786,0.7161312534462345,3.141592653589793,3.363506827533229
866,342.5095817989146,0,22.41138825897936,22.41138825897936,-1.235781021527698,-0.2298931592380298,3.141592653589793,3.298698954526017
867,399.816182687254,0,59.45067272320434,59.45067272320434,-0.8704161738451516,0.4860647252374874,3.141592653589793,3.421935830880731
868,462.2897237542913,0,37.06054390564797,37.06054390564797,0.4291004655492399,-1.488541668503648,3.141592653589793,3.680618936454068
869,372.1049670255702,0,110.0102407764384,110.0102407764384,-0.7908225204752757,-0.7516534277637419,3.141592653589793,3.14183682245167
870,407.0130029455825,0,114.9905387830616,114.9905387830616,0.186517323040502,-0.5920193561559414,3.141592653589793,3.236622276686544
871,439.0644242843933,0,154.6830248126246,154.6830248126246,-2.011057076355756,-2.398862381977367,3.141592653589793,3.165437940658074
872,402.4307277810515,0,133.7278718473777,133.7278718473777,-0.9576349677023892,-0.8559498829336295,3.141592653589793,3.143237862070541
873,335.7137009499313,0,55.75906355341301,55.75906355341301,0.5327548783953386,-0.09030674371914549,3.141592653589793,3.202781632587724
874,355.3478559843807,0,93.95139780869576,93.95139780869576,-0.09941193817397605,-0.2746660035234195,3.141592653589793,3.146477139359328
875,349.3817563719443,0,84.18875729675696,84.18875729675696,-1.617198956429574,-1.264608091467132,3.141592653589793,3.161316927981805
876,423.3214754757113,0,84.71832143401987,84.71832143401987,1.508637444474197,0.1806809888290806,3.141592653589793,3.410729064170723
877,358.1961892008105,0,92.32241172126689,92.32241172126689,0.6500830137340757,1.016445722680709,3.141592653589793,3.162882551660127
878,322.0333138235497,0,50.17155508222578,50.17155508222578,1.382661045356866,1.76166110154931,3.141592653589793,3.164371255665686
879,380.243287048553,0,97.24053268558868,97.24053268558868,1.654580658153207,2.363870368165436,3.141592653589793,3.220667057275339
880,407.1299497605199,0,56.59451366042946,56.59451366042946,0.3809996376201044,-1.056799209182841,3.141592653589793,3.454977557808044
881,336.6582445886008,0,68.92305531646866,68.92305531646866,0.2171231190192589,-0.1792284190903501,3.141592653589793,3.166496319728038
882,360.5192742244508,0,98.00506974126955,98.00506974126955,0.2401948821238762,0.02061570176753289,3.141592653589793,3.149256962766824
883,358.2652281050808,0,76.501158400501,76.501158400501,-0.7837997735374381,-0.07285779764927204,3.141592653589793,3.221031340140783
884,390.4450692139871,0,77.97258686749345,77.97258686749345,-2.002444919621164,-0.9035419737047118,3.141592653589793,3.328241590635093
885,332.9701882867069,0,72.00544816452543,72.00544816452543,-1.282939275259806,-1.351453313619685,3.141592653589793,3.142339665685703
886,359.3686526490524,0,98.72166758543116,98.72166758543116,-0.1480283361852244,-0.2188836664281388,3.141592653589793,3.142391585864688
887,336.3885921294307,0,57.01854457021848,57.01854457021848,-0.1493869017955663,0.4686375502570011,3.141592653589793,3.201805525703308
888,429.2748139452092,0,151.931635611706,151.931635611706,-0.3326130176923391,-0.5387588096877469,3.141592653589793,3.14834885116735
889,324.3618364807718,0,43.8686167781069,43.8686167781069,-0.4050497910264281,0.1426876009158816,3.141592653589793,3.188984266443019
890,449.3631982829817,0,101.1560947567779,101.1560947567779,-3.227580663206153,-1.863154340725648,3.141592653589793,3.425093223631589
891,350.6750714607602,0,89.41007363472875,89.41007363472875,-2.244050069579198,-2.063536250418008,3.141592653589793,3.146774481909613
892,337.7376310234154,0,75.47520368931113,75.47520368931113,0.4577828374613999,0.6705009589004113,3.141592653589793,3.148786020084232
893,415.8645534677224,0,143.8976486922884,143.8976486922884,0.5382784787095196,0.5903533544375332,3.141592653589793,3.142024219157364
894,332.5898896008843,0,58.96030672361685,58.96030672361685,0.4725649913692199,-0.03039015084510478,3.141592653589793,3.181598383858212
895,364.4632808578409,0,95.06361984434898,95.06361984434898,-1.749912618034677,-1.293476253446202,3.141592653589793,3.174576909764213
896,390.483766047349,0,64.69999144066414,64.69999144066414,2.590770048079295,1.360698045171178,3.141592653589793,3.373822984898251
897,447.9647769279044,0,164.1501398499869,164.1501398499869,-1.809826892577839,-1.568593868272969,3.141592653589793,3.150840804151272
898,390.2740295440366,0,93.49213480098595,93.49213480098595,-1.294921162613264,-2.199440661412611,3.141592653589793,3.269213961305925
899,379.9153280648044,0,114.3392436823225,114.3392436823225,1.431250955236372,1.192243773725993,3.141592653589793,3.150671171973187
900,375.8071568509187,0,109.8477338713262,109.8477338713262,-1.274170716289414,-1.566006537291271,3.141592653589793,3.155118468062521
901,312.9217459088908,0,24.02545686892971,24.02545686892971,0.6956623510812665,1.183896760114885,3.141592653589793,3.179304521314962
902,467.9264289634053,0,100.1562690984982,100.1562690984982,-2.159597583898664,-0.6535629872480581,3.141592653589793,3.483926607636549
903,388.480463660982,0,27.7001139561155,27.7001139561155,1.314675884945823,-0.132476558670568,3.141592653589793,3.458880540890976
904,359.5709301008131,0,90.70031996614519,90.70031996614519,1.041323828728489,0.5893274159182512,3.141592653589793,3.173941580792356
905,437.1847485647824,0,46.11529293940223,46.11529293940223,-2.521184027532001,-0.8016393115389733,3.141592653589793,3.581401741132779
906,412.3662625908265,0,67.13557646315928,67.13557646315928,-0.8065163637064997,-2.205077653995573,3.141592653589793,3.438833826137051
907,352.1502209041914,0,71.04313564588877,71.04313564588877,-0.2998303510430536,0.3944702517982066,3.141592653589793,3.217399218032337
908,354.128424931107,0,79.33107256578332,79.33107256578332,1.604021022400207,2.191685014647931,3.141592653589793,3.196084067867097
909,426.0550765468473,0,149.0712403331826,149.0712403331826,-0.8843436645091161,-1.126438323015555,3.141592653589793,3.150906889256918
910,478.2428422289987,0,115.6450142843068,115.6450142843068,0.1034229598007669,-1.31574211771197,3.141592653589793,3.44726470093625
911,409.1931462084137,0,120.7976794675026,120.7976794675026,-1.57256590712579,-0.870061712067122,3.141592653589793,3.219179483216863
912,355.7490963875118,0,95.55936924227986,95.55936924227986,-0.8505857316812597,-0.8819138414071137,3.141592653589793,3.141748852398669
913,366.2599444066512,0,82.80571303177713,82.80571303177713,1.172607428679708,1.91042182242815,3.141592653589793,3.227069023233271
914,372.2893190726226,0,103.2531279879845,103.2531279879845,1.531467855029077,1.110827916412269,3.141592653589793,3.169628110527939
915,307.0919506706405,0,19.60318115612549,19.60318115612549,1.880491052832505,1.534412339327738,3.141592653589793,3.160597234231289
916,405.3285057702826,0,79.15533609277783,79.15533609277783,1.235210616768509,2.464526969273455,3.141592653589793,3.373547553485118
917,385.1657287392242,0,112.8595350298094,112.8595350298094,1.095793639886819,1.550245358175688,3.141592653589793,3.174292167609192
918,366.2568174170074,0,100.0479444626967,100.0479444626967,-0.7975138673818052,-0.4439823918126921,3.141592653589793,3.161421975204739
919,316.9055722780168,0,45.87998178007776,45.87998178007776,-1.344637621636941,-1.059838347174268,3.141592653589793,3.154475396610952
920,342.097162298597,0,80.84716470753882,80.84716470753882,-0.5436254372918143,-0.7180277119647497,3.141592653589793,3.146429810833296
921,429.2649511441335,0,141.5996137364858,141.5996137364858,-0.2556144953630545,-0.8229418299623639,3.141592653589793,3.192407352715645
922,400.0170207017852,0,108.3171067952255,108.3171067952255,-0.1888170244096662,-0.9884993102741149,3.141592653589793,3.241773613226986
923,319.7509449631782,0,54.94310912539714,54.94310912539714,0.6934444263334925,0.7740000045542476,3.141592653589793,3.142625272327555
924,382.2469634826568,0,118.3338177531085,118.3338177531085,0.6381696485561961,0.6908095519405767,3.141592653589793,3.142033634529979
925,329.8642779051826,0,51.85626995483845,51.85626995483845,0.7676120568189024,0.2094243756496355,3.141592653589793,3.190795808023208
926,336.9355878726982,0,57.56999813208632,57.56999813208632,1.987153756034163,1.36646842470036,3.141592653589793,3.202320202856409
927,332.008620145763,0,38.56498105288376,38.56498105288376,-2.254352195396584,-1.500727461401526,3.141592653589793,3.23072045227972
928,341.8656530185128,0,59.75882800625965,59.75882800625965,0.4801694536298295,1.161752047811895,3.141592653589793,3.214678713927927
929,592.3907101242468,0,254.9898615064755,254.9898615064755,-0.2461997703470197,-0.3445612492513925,3.141592653589793,3.143132097386556
930,427.5171116687586,0,58.9574065275508,58.9574065275508,-1.444828987792956,0.1298252417993019,3.141592653589793,3.51413436622195
931,449.8153875106649,0,75.14580592166489,75.14580592166489,0.05044776649596494,-1.556590816401258,3.141592653589793,3.528764289097484
932,383.5520485565013,0,118.1042172249668,118.1042172249668,0.2736747948821642,0.0838189838186966,3.141592653589793,3.147324201616974
933,425.5855297331566,0,137.2511021838072,137.2511021838072,1.02365904771543,0.4153992262324887,3.141592653589793,3.199935063641107
934,313.8677371751145,0,36.33797917910417,36.33797917910417,1.339437913873036,1.705689674484347,3.141592653589793,3.162869702223005
935,318.2682333165595,0,52.73138736240301,52.73138736240301,0.1761328911919207,0.2586586990833792,3.141592653589793,3.142676392831037
936,411.8690810047251,0,137.5245089395956,137.5245089395956,0.7614659067794329,1.070406729171173,3.141592653589793,3.156746558219307
937,330.6672629863817,0,52.71816925720255,52.71816925720255,0.4628313889919826,-0.1000817544873398,3.141592653589793,3.191625856548842
938,610.147814101584,0,51.20821698709505,51.20821698709505,1.987393478186476,-0.5573720480695232,3.141592653589793,4.042948921852752
939,390.5979958800694,0,124.7915042952873,124.7915042952873,1.037594442441299,0.9526139337833596,3.141592653589793,3.142741810575778
940,323.3810850230817,0,17.58513513267438,17.58513513267438,1.640339804874624,0.8931349571792201,3.141592653589793,3.229228930489269
941,312.4212778570164,0,15.12939784621217,15.12939784621217,0.8347821544368939,0.2986374113158171,3.141592653589793,3.187013584324002
942,302.8430082637428,0,14.95329371124613,14.95329371124613,-1.577515418887314,-1.767134109246821,3.141592653589793,3.147309906701755
943,522.3936870802586,0,211.40567570103,211.40567570103,1.809671951212911,1.562507894909873,3.141592653589793,3.151300441376152
944,346.2243150586216,0,85.7247397997895,85.7247397997895,0.6216476111542201,0.7478922152309118,3.141592653589793,3.144128194133923
945,355.2404542793105,0,87.22544879474552,87.22544879474552,0.9036596516436701,0.4695849664543666,3.141592653589793,3.171438984658471
946,372.7625929559961,0,110.2342747829655,110.2342747829655,0.2982808118498844,0.1984589427751046,3.141592653589793,3.143178137909931
947,380.9300491445451,0,111.348584853461,111.348584853461,-2.541816119770334,-2.146905647388573,3.141592653589793,3.166316263781328
948,359.7456245047342,0,55.39858412787943,55.39858412787943,0.6941693331385488,-0.2952551770498729,3.141592653589793,3.293716026382808
949,755.7246714241513,0,181.3535122553027,181.3535122553027,0.6077296719779154,-1.495054138209781,3.141592653589793,3.780384127767553
950,453.8012279626316,0,165.6730862562172,165.6730862562172,-1.428111387410025,-1.079122537252313,3.141592653589793,3.160917211605479
951,418.7544734186671,0,111.9668859503583,111.9668859503583,-0.5024634316771507,-1.46708427625028,3.141592653589793,3.286350220970725
952,439.1807162820859,0,101.5493266403392,101.5493266403392,-1.870118249542204,-3.151203399274276,3.141592653589793,3.392754568481693
953,563.4470914128805,0,207.9467390642403,207.9467390642403,-0.8667861156637293,-1.74848598687767,3.141592653589793,3.262973960053625
954,458.2266417155053,0,134.5578192067794,134.5578192067794,-1.450184324034842,-0.414922784947373,3.141592653589793,3.307774305390728
955,399.5513808824906,0,63.28056459476129,63.28056459476129,1.168445320994769,-0.1551821904827132,3.141592653589793,3.409045935482453
956,358.5924147415877,0,98.21777745513646,98.21777745513646,2.211252698607667,2.218291372870258,3.141592653589793,3.141600538582958
957,379.1522100502928,0,63.57298172425539,63.57298172425539,1.361661884078478,2.490793282333359,3.141592653589793,3.338344217664557
958,425.9506515403067,0,144.6356485644157,144.6356485644157,1.7947078161351,1.375144085909863,3.141592653589793,3.169485466887311
959,356.6407242018371,0,84.11366150726151,84.11366150726151,-0.4556760373897972,-0.9973576993238232,3.141592653589793,3.187949721053481
960,320.2459931372131,0,55.33945465786393,55.33945465786393,-0.5118825595639497,-0.62153728947922,3.141592653589793,3.143505775544583
961,341.0707309619877,0,63.553000012048,63.553000012048,-1.79283826598167,-2.402492949429302,3.141592653589793,3.200200499052988
962,464.6595900053778,0,175.0008392322767,175.0008392322767,-1.508428679100668,-1.761011879249367,3.141592653589793,3.151730108065523
963,353.4841258149912,0,92.56883529665089,92.56883529665089,0.3602689369048522,0.5075403595137338,3.141592653589793,3.145042650427272
964,595.5314194762788,0,235.1215772986026,235.1215772986026,1.075100555555944,0.3434468859538951,3.141592653589793,3.225666054217563
965,424.643879751593,0,54.03560630977302,54.03560630977302,-1.745837740638081,-0.1588020536178023,3.141592653589793,3.519699798699498
966,497.5419429323881,0,197.4744998675673,197.4744998675673,-0.5134598997830409,-0.3541897605291979,3.141592653589793,3.145627342573703
967,444.2556177135891,0,138.2387946462503,138.2387946462503,-2.313191249669484,-1.475801166284076,3.141592653589793,3.25128075577019
968,386.2147012945433,0,90.2422383234635,90.2422383234635,-0.9949747640905021,-1.895680856969646,3.141592653589793,3.268160930376436
969,302.0908109415397,0,12.28733456957258,12.28733456957258,-0.2122931356001587,-0.3821318328536917,3.141592653589793,3.146180157615602
970,395.459235073337,0,113.5797634918958,113.5797634918958,1.950883152728287,1.315340038179884,3.141592653589793,3.205233135286612
971,459.3421138404252,0,20.13841210376996,20.13841210376996,-0.9538384741366879,-2.909711333176422,3.141592653589793,3.700681429388055
972,329.8425698903653,0,39.56493856685103,39.56493856685103,-0.9574242839766913,-0.2505314450643673,3.141592653589793,3.220140041488084
973,324.5030480519334,0,41.13669549477802,41.13669549477802,-1.217109471834161,-0.6315984794930276,3.141592653589793,3.195688896504423
974,404.0880505871079,0,102.6707735806717,102.6707735806717,0.2655674375981861,-0.6704126644487143,3.141592653589793,3.278057832393609
975,323.1669870114496,0,57.8119676849123,57.8119676849123,-0.8154038863871246,-0.6124594808952212,3.141592653589793,3.148140853394241
976,499.3804415703668,0,60.78278608745472,60.78278608745472,2.299957901085184,0.3005174772995605,3.141592653589793,3.723891299347685
977,348.8194532110028,0,54.80330149006836,54.80330149006836,-1.071303618511739,-1.923324893027956,3.141592653589793,3.255079822879555
978,350.5990589534335,0,44.83803694838316,44.83803694838316,2.931615659037281,1.962517466107337,3.141592653589793,3.28766721378996
979,333.2105880207123,0,45.25907173227749,45.25907173227749,-0.1419689380842168,0.5662393345329541,3.141592653589793,3.220429064347289
980,636.0872165230265,0,162.5274119945188,162.5274119945188,1.283164470496624,-0.5264158522934462,3.141592653589793,3.625491048908875
981,377.9836649525806,0,101.2864880734045,101.2864880734045,0.2698523787342029,-0.3225310961264811,3.141592653589793,3.196955204937563
982,379.3507641673165,0,99.02986380805876,99.02986380805876,-3.123792970972357,-2.461872239233858,3.141592653589793,3.210567466382631
983,367.9958258524006,0,99.50924362587904,99.50924362587904,0.3161338358524021,0.7365733478165896,3.141592653589793,3.169601518221185
984,431.4806941729364,0,138.5138806008555,138.5138806008555,1.035968110351156,0.3658393454448695,3.141592653589793,3.212269752471635
985,503.3396358798151,0,198.9652171746062,198.9652171746062,-0.6415919544073152,-0.9244904117686906,3.141592653589793,3.154304350925383
986,408.3018172946812,0,35.61884987903101,35.61884987903101,0.8489106822204646,-0.7209082821319922,3.141592653589793,3.511970384546256
987,375.6100200841154,0,109.3003753090715,109.3003753090715,-1.295394762339333,-0.9872581734540706,3.141592653589793,3.156667951891551
988,424.2894165819503,0,146.3945177127972,146.3945177127972,1.59888331150177,1.287428215191899,3.141592653589793,3.156993613884378
989,361.2771341111948,0,81.66339861707945,81.66339861707945,2.786234166263461,2.110219285512409,3.141592653589793,3.213502842707038
990,307.6981083402718,0,31.48606747088938,31.48606747088938,-0.389398762845777,-0.5633519073715176,3.141592653589793,3.146404948124089
991,400.4705340981396,0,114.5853206128092,114.5853206128092,1.225477596843035,1.919420736438969,3.141592653589793,3.217322097969307
992,367.072141941786,0,100.1035206268807,100.1035206268807,-0.6205085433541786,-0.9967891148871537,3.141592653589793,3.164046692070542
993,351.613176776762,0,87.44217371461893,87.44217371461893,-0.2665596778811384,0.05005329270423583,3.141592653589793,3.157506638826314
994,401.3560673760277,0,127.7455941490522,127.7455941490522,0.7624336590191395,1.14696275770449,3.141592653589793,3.165038234970492
995,392.8018149936705,0,117.5031392045262,117.5031392045262,-1.502478951979718,-1.007851598876397,3.141592653589793,3.180292536784526
996,354.5539599590886,0,94.46277981929306,94.46277981929306,-1.393467308852347,-1.371155664490554,3.141592653589793,3.141671881429295
997,367.4135153299017,0,79.16392281676544,79.16392281676544,-0.07078052399605182,-0.8807079187047838,3.141592653589793,3.244316073656978
998,635.8899948334316,0,239.1103879487662,239.1103879487662,1.138198796434378,2.133497930148173,3.141592653589793,3.295485513040649
999,470.7396428923046,0,137.4314628839462,137.4314628839462,0.8383286367298118,-0.2680649036321006,3.141592653589793,3.330722304132232
1000,358.5475031569193,0,83.22965399126517,83.22965399126517,1.895716417075732,2.493903258892038,3.141592653589793,3.198035631260465
