event,index,tau0_mm,tau_generated_mm,L3D_mm,Rxy_mm,n_daughters
1,5,4.326221529733112,3.818496102919095,7.891325687256186,7.800190212240163,1
1,6,4.326221529733112,8.182272446011611,16.95693963721603,16.71424553726051,1
1,9,4.326221529733112,3.818496102919095,7.891325687256186,7.800190212240163,2
1,10,4.326221529733112,8.182272446011611,16.95693963721603,16.71424553726051,2
2,5,4.326221529733112,10.59795313785317,7.209884041049242,7.125837513622522,1
2,6,4.326221529733112,7.912526320684563,12.18663560683938,5.320213832808214,1
2,9,4.326221529733112,10.59795313785317,7.209884041049242,7.125837513622522,2
2,10,4.326221529733112,7.912526320684563,12.18663560683938,5.320213832808214,2
3,5,4.326221529733112,0.8797823121731548,0.7809213087179525,0.5105759486041636,1
3,6,4.326221529733112,0.8564956654314103,0.5493947431396061,0.4970616944694018,1
3,9,4.326221529733112,0.8797823121731548,0.7809213087179526,0.5105759486041636,2
3,10,4.326221529733112,0.8564956654314103,0.5493947431396062,0.4970616944694018,2
4,5,4.326221529733112,13.67073326973357,56.16647419756272,10.02609348963756,1
4,6,4.326221529733112,10.39102667710052,16.10605471332859,7.620762022223121,1
4,9,4.326221529733112,13.67073326973357,56.16647419756272,10.02609348963756,2
4,10,4.326221529733112,10.39102667710052,16.1060547133286,7.620762022223121,2
5,5,4.326221529733112,2.235565778824479,1.475757172029934,1.059687348035044,1
5,6,4.326221529733112,10.94076420026507,13.66802419646847,5.186064982150503,1
5,9,4.326221529733112,2.235565778824479,1.475757172029934,1.059687348035044,2
5,10,4.326221529733112,10.94076420026507,13.66802419646847,5.186064982150503,2
6,5,4.326221529733112,2.137525928403223,0.8679832959023365,0.8274778804237591,1
6,6,4.326221529733112,8.801403644698176,5.834048087606057,3.407194614995535,1
6,9,4.326221529733112,2.137525928403223,0.8679832959023365,0.8274778804237591,2
6,10,4.326221529733112,8.801403644698176,5.834048087606056,3.407194614995535,2
7,5,4.326221529733112,20.04856778902509,10.7172623403197,7.934633894584366,1
7,6,4.326221529733112,0.8332144455571038,0.9789121911393395,0.3297617890088798,1
7,9,4.326221529733112,20.04856778902509,10.7172623403197,7.934633894584366,2
7,10,4.326221529733112,0.8332144455571038,0.9789121911393395,0.3297617890088798,2
8,5,4.326221529733112,4.888437260894695,5.241454888490741,2.788665714888672,1
8,6,4.326221529733112,7.40215545840537,6.427247468018249,4.222645406183062,1
8,9,4.326221529733112,4.888437260894695,5.241454888490741,2.788665714888672,2
8,10,4.326221529733112,7.40215545840537,6.42724746801825,4.222645406183062,2
9,5,4.326221529733112,8.753331757464165,63.6593629777216,5.28244246847457,1
9,6,4.326221529733112,2.346977593093716,17.10102020930796,1.416349163247995,1
9,9,4.326221529733112,8.753331757464165,63.65936297772204,5.28244246847457,2
9,10,4.326221529733112,2.346977593093716,17.10102020930809,1.416349163247995,2
10,5,4.326221529733112,0.1453334913056749,1.260067196317159,0.04158278986871455,1
10,6,4.326221529733112,0.2900382747558213,1.170265430769504,0.08298569396980335,1
10,9,4.326221529733112,0.1453334913056749,1.26006719631715,0.04158278986871455,2
10,10,4.326221529733112,0.2900382747558213,1.170265430769496,0.08298569396980335,2
11,5,4.326221529733112,3.454098618775675,14.56209684214252,3.818777415321971,1
11,6,4.326221529733112,11.67711267661317,51.52738372148935,12.90996554737232,1
11,9,4.326221529733112,3.454098618775675,14.56209684214249,3.818777415321971,2
11,10,4.326221529733112,11.67711267661317,51.52738372148925,12.90996554737232,2
12,5,4.326221529733112,3.771822929199927,16.00446220468242,2.527510055521268,1
12,6,4.326221529733112,3.886351931693548,11.51015597592244,2.604256289606242,1
12,9,4.326221529733112,3.771822929199927,16.00446220468248,2.527510055521268,2
12,10,4.326221529733112,3.886351931693548,11.51015597592249,2.604256289606242,2
13,5,4.326221529733112,12.15739881347696,11.38084206669861,4.688303632162625,1
13,6,4.326221529733112,2.184837970918034,2.502644222383225,0.8425473205161996,1
13,9,4.326221529733112,12.15739881347696,11.38084206669861,4.688303632162625,2
13,10,4.326221529733112,2.184837970918034,2.502644222383223,0.8425473205161996,2
14,5,4.326221529733112,15.49310054043819,55.66473553263478,14.32727365802584,1
14,6,4.326221529733112,0.4063929417408934,1.204389471661958,0.3758126318108341,1
14,9,4.326221529733112,15.49310054043819,55.66473553263478,14.32727365802584,2
14,10,4.326221529733112,0.4063929417408934,1.204389471661958,0.3758126318108341,2
15,5,4.326221529733112,2.071330954606007,2.070663030876069,0.3198698476210946,1
15,6,4.326221529733112,2.355672715256946,0.7770234942491739,0.363779950663527,1
15,9,4.326221529733112,2.071330954606007,2.070663030876069,0.3198698476210946,2
15,10,4.326221529733112,2.355672715256946,0.7770234942491739,0.363779950663527,2
16,5,4.326221529733112,0.002913838394341076,0.002272364859455375,0.001890377467581771,1
16,6,4.326221529733112,13.15585330242438,13.62668717194095,8.534971842643381,1
16,9,4.326221529733112,0.002913838394341076,0.002272364859455375,0.001890377467581771,2
16,10,4.326221529733112,13.15585330242438,13.62668717194095,8.534971842643381,2
17,5,4.326221529733112,0.01326691353700176,0.07116094270646164,0.003832860774358959,1
17,6,4.326221529733112,0.8267797315990176,2.603072676884386,0.2388597463488906,1
17,9,4.326221529733112,0.01326691353700176,0.07116094270646202,0.003832860774358959,2
17,10,4.326221529733112,0.8267797315990176,2.6030726768844,0.2388597463488906,2
18,5,4.326221529733112,3.320570726739668,4.836498459111954,1.817602646746588,1
18,6,4.326221529733112,3.174707114100048,2.272234626433551,1.737760321370762,1
18,9,4.326221529733112,3.320570726739668,4.836498459111954,1.817602646746588,2
18,10,4.326221529733112,3.174707114100048,2.27223462643355,1.737760321370762,2
19,5,4.326221529733112,3.776781742725021,1.565425759522518,1.26090404595989,1
19,6,4.326221529733112,11.07280280269194,5.018504501206379,3.696729862911437,1
19,9,4.326221529733112,3.776781742725021,1.565425759522518,1.26090404595989,2
19,10,4.326221529733112,11.07280280269194,5.018504501206379,3.696729862911437,2
20,5,4.326221529733112,2.966747671603006,13.15497792259674,2.274343979262138,1
20,6,4.326221529733112,0.00326704704635632,0.01209363711559366,0.002504557044391924,1
20,9,4.326221529733112,2.966747671603006,13.15497792259676,2.274343979262138,2
20,10,4.326221529733112,0.00326704704635632,0.01209363711559368,0.002504557044391924,2
21,5,4.326221529733112,0.5189810021640958,1.349923710801785,0.6998210229764925,1
21,6,4.326221529733112,6.694603592958098,15.08354677199405,9.027352283243477,1
21,9,4.326221529733112,0.5189810021640958,1.349923710801785,0.6998210229764925,2
21,10,4.326221529733112,6.694603592958098,15.08354677199405,9.027352283243477,2
22,5,4.326221529733112,1.902848320878921,2.75061643796725,0.1735241013875009,1
22,6,4.326221529733112,1.830104018805262,10.42129386191529,0.1668904199164722,1
22,9,4.326221529733112,1.902848320878921,2.750616437967244,0.1735241013875009,2
22,10,4.326221529733112,1.830104018805262,10.42129386191527,0.1668904199164722,2
23,5,4.326221529733112,1.14955677258617,3.460982889547703,0.5357269329542937,1
23,6,4.326221529733112,2.0408535800215,1.13214055770677,0.9510972012056522,1
23,9,4.326221529733112,1.14955677258617,3.460982889547703,0.5357269329542937,2
23,10,4.326221529733112,2.0408535800215,1.13214055770677,0.9510972012056522,2
24,5,4.326221529733112,4.593778450517028,12.25022009857731,3.447568061537762,1
24,6,4.326221529733112,7.478953634572697,20.80885577021794,5.612852679339072,1
24,9,4.326221529733112,4.593778450517028,12.25022009857731,3.447568061537762,2
24,10,4.326221529733112,7.478953634572697,20.80885577021794,5.612852679339072,2
25,5,4.326221529733112,1.275972705672968,1.589581922094147,1.296825063213891,1
25,6,4.326221529733112,7.063765430352283,14.59538345756446,7.179203763542355,1
25,9,4.326221529733112,1.275972705672968,1.589581922094147,1.296825063213891,2
25,10,4.326221529733112,7.063765430352283,14.59538345756446,7.179203763542355,2
26,5,4.326221529733112,2.101309670819281,2.791353784224079,1.126044761825923,1
26,6,4.326221529733112,7.199847232787947,11.26892356231277,3.858236782047815,1
26,9,4.326221529733112,2.101309670819281,2.791353784224079,1.126044761825923,2
26,10,4.326221529733112,7.199847232787947,11.26892356231278,3.858236782047815,2
27,5,4.326221529733112,6.619474425623666,10.03620673586626,7.759635727569773,1
27,6,4.326221529733112,4.099574782782362,15.78059763078829,4.80569980438061,1
27,9,4.326221529733112,6.619474425623666,10.03620673586626,7.759635727569773,2
27,10,4.326221529733112,4.099574782782362,15.78059763078829,4.80569980438061,2
28,5,4.326221529733112,6.039537977906156,2.446479982663114,1.964995651304146,1
28,6,4.326221529733112,2.094002787532509,5.526507223883133,0.6812948914921245,1
28,9,4.326221529733112,6.039537977906156,2.446479982663113,1.964995651304146,2
28,10,4.326221529733112,2.094002787532509,5.526507223883135,0.6812948914921245,2
29,5,4.326221529733112,9.951112482078841,12.36029705994246,9.114182009247445,1
29,6,4.326221529733112,0.3798020826706919,0.5555388256350836,0.3478591278297747,1
29,9,4.326221529733112,9.951112482078841,12.36029705994246,9.114182009247445,2
29,10,4.326221529733112,0.3798020826706919,0.5555388256350835,0.3478591278297747,2
30,5,4.326221529733112,1.012353725533571,3.147306590071568,0.4986752406598193,1
30,6,4.326221529733112,5.956611437806441,8.76223285437405,2.934166751546821,1
30,9,4.326221529733112,1.012353725533571,3.147306590071567,0.4986752406598193,2
30,10,4.326221529733112,5.956611437806441,8.762232854374048,2.934166751546821,2
31,5,4.326221529733112,1.260510255441533,1.011101440322346,0.5980019879481481,1
31,6,4.326221529733112,0.3936193067433044,0.23982583139685,0.1867379713184618,1
31,9,4.326221529733112,1.260510255441533,1.011101440322346,0.5980019879481481,2
31,10,4.326221529733112,0.3936193067433044,0.23982583139685,0.1867379713184618,2
32,5,4.326221529733112,0.1592984204257617,0.4182337986321826,0.2327097014275184,1
32,6,4.326221529733112,6.428779073255733,25.66613983783391,9.391425568956116,1
32,9,4.326221529733112,0.1592984204257617,0.4182337986321827,0.2327097014275184,2
32,10,4.326221529733112,6.428779073255733,25.66613983783392,9.391425568956116,2
33,5,4.326221529733112,12.91053745386485,10.7522368579235,10.71346521255374,1
33,6,4.326221529733112,0.5905442463780942,0.5726627730486884,0.4900473944368225,1
33,9,4.326221529733112,12.91053745386485,10.7522368579235,10.71346521255374,2
33,10,4.326221529733112,0.5905442463780942,0.5726627730486884,0.4900473944368225,2
34,5,4.326221529733112,0.8535032903918652,4.167679829990409,0.211253319930309,1
34,6,4.326221529733112,2.856813471401374,6.006337329130682,0.7070990083448695,1
34,9,4.326221529733112,0.8535032903918652,4.167679829990409,0.211253319930309,2
34,10,4.326221529733112,2.856813471401374,6.006337329130682,0.7070990083448695,2
35,5,4.326221529733112,2.97369762625013,4.300737917418206,3.141497088045187,1
35,6,4.326221529733112,8.663882943253844,9.603852901127846,9.152767516486874,1
35,9,4.326221529733112,2.97369762625013,4.300737917418206,3.141497088045187,2
35,10,4.326221529733112,8.663882943253844,9.603852901127846,9.152767516486874,2
36,5,4.326221529733112,2.250691780871861,4.969977711684416,2.22101713112885,1
36,6,4.326221529733112,7.277385310558723,7.239168977018105,7.181435317773792,1
36,9,4.326221529733112,2.250691780871861,4.969977711684415,2.22101713112885,2
36,10,4.326221529733112,7.277385310558723,7.239168977018105,7.181435317773792,2
37,5,4.326221529733112,3.140344223501657,2.015580626621646,1.579726791118997,1
37,6,4.326221529733112,4.349734248764543,6.302260642355836,2.188101443019273,1
37,9,4.326221529733112,3.140344223501657,2.015580626621646,1.579726791118997,2
37,10,4.326221529733112,4.349734248764543,6.302260642355836,2.188101443019273,2
38,5,4.326221529733112,2.169092894280053,4.242065068779229,0.5240754813847237,1
38,6,4.326221529733112,2.26364187852129,7.871046559636508,0.5469195027548224,1
38,9,4.326221529733112,2.169092894280053,4.242065068779236,0.5240754813847237,2
38,10,4.326221529733112,2.26364187852129,7.871046559636522,0.5469195027548224,2
39,5,4.326221529733112,1.005203041446181,2.110574817030436,1.209566931430308,1
39,6,4.326221529733112,3.453762898252222,6.675307780043365,4.1559338944265,1
39,9,4.326221529733112,1.005203041446181,2.110574817030436,1.209566931430308,2
39,10,4.326221529733112,3.453762898252222,6.675307780043366,4.1559338944265,2
40,5,4.326221529733112,0.8612191011843322,0.3111959033138403,0.08873265878315945,1
40,6,4.326221529733112,0.2958091992635865,0.2606037411401416,0.03047765279135098,1
40,9,4.326221529733112,0.8612191011843322,0.3111959033138404,0.08873265878315945,2
40,10,4.326221529733112,0.2958091992635865,0.2606037411401416,0.03047765279135098,2
41,5,4.326221529733112,1.569339055271232,3.152419574029205,1.190295451014833,1
41,6,4.326221529733112,2.934683503877267,3.851090495816457,2.225867261188919,1
41,9,4.326221529733112,1.569339055271232,3.152419574029205,1.190295451014833,2
41,10,4.326221529733112,2.934683503877267,3.851090495816456,2.225867261188919,2
42,5,4.326221529733112,1.108875099435994,1.223556688884181,1.005794002695001,1
42,6,4.326221529733112,3.421077086425322,3.10414845470734,3.103053552229657,1
42,9,4.326221529733112,1.108875099435994,1.223556688884181,1.005794002695001,2
42,10,4.326221529733112,3.421077086425322,3.10414845470734,3.103053552229657,2
43,5,4.326221529733112,1.694249504236112,1.340291369764127,0.5446735332479732,1
43,6,4.326221529733112,2.531128047701364,8.694762874632188,0.8137163112030151,1
43,9,4.326221529733112,1.694249504236112,1.340291369764129,0.5446735332479732,2
43,10,4.326221529733112,2.531128047701364,8.694762874632197,0.8137163112030151,2
44,5,4.326221529733112,1.451280269943597,1.746555978156279,0.4271612883817922,1
44,6,4.326221529733112,0.1087637931728593,0.03906030270768814,0.03201289439621129,1
44,9,4.326221529733112,1.451280269943597,1.746555978156279,0.4271612883817922,2
44,10,4.326221529733112,0.1087637931728593,0.03906030270768814,0.03201289439621129,2
45,5,4.326221529733112,10.39197373269478,17.02274113076918,5.863196850133325,1
45,6,4.326221529733112,1.522456482281416,1.314963548873232,0.8589765795205399,1
45,9,4.326221529733112,10.39197373269478,17.02274113076918,5.863196850133325,2
45,10,4.326221529733112,1.522456482281416,1.314963548873232,0.8589765795205399,2
46,5,4.326221529733112,4.182724409977243,2.713606615641099,2.540477808547325,1
46,6,4.326221529733112,4.717290998351794,23.27801489549724,2.865159623996838,1
46,9,4.326221529733112,4.182724409977243,2.7136066156411,2.540477808547325,2
46,10,4.326221529733112,4.717290998351794,23.27801489549724,2.865159623996838,2
47,5,4.326221529733112,3.46550455383799,5.676362224962498,1.192120504789469,1
47,6,4.326221529733112,1.758748407945998,2.617156476482625,0.6050028234867743,1
47,9,4.326221529733112,3.46550455383799,5.676362224962498,1.192120504789469,2
47,10,4.326221529733112,1.758748407945998,2.617156476482625,0.6050028234867743,2
48,5,4.326221529733112,1.241583448738241,3.078498310690717,1.428999259365579,1
48,6,4.326221529733112,4.108030420553908,4.854048255341382,4.728133605830981,1
48,9,4.326221529733112,1.241583448738241,3.078498310690717,1.428999259365579,2
48,10,4.326221529733112,4.108030420553908,4.854048255341382,4.728133605830981,2
49,5,4.326221529733112,2.190025780859007,8.763078524831359,0.6199223159872573,1
49,6,4.326221529733112,5.6396116250498,18.81066767669951,1.596383535950078,1
49,9,4.326221529733112,2.190025780859007,8.763078524831375,0.6199223159872573,2
49,10,4.326221529733112,5.6396116250498,18.81066767669954,1.596383535950078,2
50,5,4.326221529733112,2.554210880234606,6.904104825938716,2.476746679434253,1
50,6,4.326221529733112,3.706580416430469,4.242039972486572,3.59416711027673,1
50,9,4.326221529733112,2.554210880234606,6.904104825938719,2.476746679434253,2
50,10,4.326221529733112,3.706580416430469,4.242039972486574,3.59416711027673,2
51,5,4.326221529733112,9.834989484655489,3.616470377916832,3.18788019673997,1
51,6,4.326221529733112,6.907412009901463,17.0946772283008,2.238945144928139,1
51,9,4.326221529733112,9.834989484655489,3.616470377916832,3.18788019673997,2
51,10,4.326221529733112,6.907412009901463,17.0946772283008,2.238945144928139,2
52,5,4.326221529733112,8.277928599244763,19.35735843808751,5.889775925847905,1
52,6,4.326221529733112,0.1861772623883562,0.8321450082552236,0.1324657907843336,1
52,9,4.326221529733112,8.277928599244763,19.35735843808749,5.889775925847905,2
52,10,4.326221529733112,0.1861772623883562,0.8321450082552229,0.1324657907843336,2
53,5,4.326221529733112,2.367935893084635,1.034414478224483,0.6349092318733943,1
53,6,4.326221529733112,15.86357293905813,30.26510402126807,4.253463507571811,1
53,9,4.326221529733112,2.367935893084635,1.034414478224484,0.6349092318733943,2
53,10,4.326221529733112,15.86357293905813,30.26510402126808,4.253463507571811,2
54,5,4.326221529733112,9.106249093533622,8.812923352359904,0.6289102266884891,1
54,6,4.326221529733112,0.1261773738306562,0.09293154830001753,0.008714262037389899,1
54,9,4.326221529733112,9.106249093533622,8.812923352359897,0.6289102266884891,2
54,10,4.326221529733112,0.1261773738306562,0.09293154830001744,0.008714262037389899,2
55,5,4.326221529733112,4.540022830156249,12.98882602032508,2.479517494890467,1
55,6,4.326221529733112,3.430643890762149,5.502050246293371,1.873634090423967,1
55,9,4.326221529733112,4.540022830156249,12.98882602032508,2.479517494890467,2
55,10,4.326221529733112,3.430643890762149,5.502050246293372,1.873634090423967,2
56,5,4.326221529733112,2.06563508053635,2.043109638685027,0.9529622296161441,1
56,6,4.326221529733112,1.199888821240952,1.420293956965501,0.5535579527843626,1
56,9,4.326221529733112,2.06563508053635,2.043109638685027,0.9529622296161441,2
56,10,4.326221529733112,1.199888821240952,1.420293956965501,0.5535579527843626,2
57,5,4.326221529733112,1.44893292984485,0.9291425285206706,0.8244214557520224,1
57,6,4.326221529733112,0.5772606272167961,0.4292188015584901,0.328452778479785,1
57,9,4.326221529733112,1.44893292984485,0.9291425285206705,0.8244214557520224,2
57,10,4.326221529733112,0.5772606272167961,0.42921880155849,0.328452778479785,2
58,5,4.326221529733112,2.544676797991976,5.022041558412493,1.012424491009754,1
58,6,4.326221529733112,6.060783169632693,14.2335165001055,2.411341715567924,1
58,9,4.326221529733112,2.544676797991976,5.022041558412497,1.012424491009754,2
58,10,4.326221529733112,6.060783169632693,14.23351650010551,2.411341715567924,2
59,5,4.326221529733112,4.380138103652238,2.362605599845286,2.275152485267687,1
59,6,4.326221529733112,2.809623558294573,1.934813173168147,1.459388236181527,1
59,9,4.326221529733112,4.380138103652238,2.362605599845286,2.275152485267687,2
59,10,4.326221529733112,2.809623558294573,1.934813173168146,1.459388236181527,2
60,5,4.326221529733112,1.81427286907342,5.703357915371809,1.001193029421222,1
60,6,4.326221529733112,2.673521218869419,2.010702799403134,1.475362859672168,1
60,9,4.326221529733112,1.81427286907342,5.703357915371807,1.001193029421222,2
60,10,4.326221529733112,2.673521218869419,2.010702799403133,1.475362859672168,2
61,5,4.326221529733112,5.951486974139382,10.30242635847507,6.211524006179684,1
61,6,4.326221529733112,4.021875188584589,9.530571257749273,4.197602110582483,1
61,9,4.326221529733112,5.951486974139382,10.30242635847507,6.211524006179684,2
61,10,4.326221529733112,4.021875188584589,9.530571257749267,4.197602110582483,2
62,5,4.326221529733112,8.95507450350879,3.622812073232312,3.622809646351618,1
62,6,4.326221529733112,0.4141642697537912,0.1716986909840267,0.1675517396365943,1
62,9,4.326221529733112,8.95507450350879,3.622812073232312,3.622809646351618,2
62,10,4.326221529733112,0.4141642697537912,0.1716986909840267,0.1675517396365943,2
63,5,4.326221529733112,2.158001885040677,1.365596192527909,1.354569223386977,1
63,6,4.326221529733112,0.6051916910490506,1.198065507732142,0.3798764239397833,1
63,9,4.326221529733112,2.158001885040677,1.365596192527909,1.354569223386977,2
63,10,4.326221529733112,0.6051916910490506,1.198065507732142,0.3798764239397833,2
64,5,4.326221529733112,3.722703155125307,11.32750559367838,1.99334663128354,1
64,6,4.326221529733112,2.205411246665851,6.05610213629213,1.180902396980999,1
64,9,4.326221529733112,3.722703155125307,11.32750559367838,1.99334663128354,2
64,10,4.326221529733112,2.205411246665851,6.05610213629213,1.180902396980999,2
65,5,4.326221529733112,6.084515690322863,26.64620776790907,4.732356109181291,1
65,6,4.326221529733112,3.482972273493394,17.92796662446188,2.708952685057649,1
65,9,4.326221529733112,6.084515690322863,26.64620776790916,4.732356109181291,2
65,10,4.326221529733112,3.482972273493394,17.92796662446194,2.708952685057649,2
66,5,4.326221529733112,11.92437899918731,81.15300130517217,9.606973211123169,1
66,6,4.326221529733112,0.4429903192058111,1.605841774345154,0.356898764261617,1
66,9,4.326221529733112,11.92437899918731,81.15300130517245,9.606973211123169,2
66,10,4.326221529733112,0.4429903192058111,1.60584177434516,0.356898764261617,2
67,5,4.326221529733112,1.149881846542383,0.460581073623875,0.1687795475144959,1
67,6,4.326221529733112,4.156149679153557,2.676771620619056,0.6100392526061147,1
67,9,4.326221529733112,1.149881846542383,0.4605810736238747,0.1687795475144959,2
67,10,4.326221529733112,4.156149679153557,2.676771620619055,0.6100392526061147,2
68,5,4.326221529733112,1.83243949847987,1.343110422917621,1.172821988169272,1
68,6,4.326221529733112,0.8108932678159595,1.38648173896585,0.5189985564827309,1
68,9,4.326221529733112,1.83243949847987,1.34311042291762,1.172821988169272,2
68,10,4.326221529733112,0.8108932678159595,1.38648173896585,0.5189985564827309,2
69,5,4.326221529733112,5.82219424438089,3.609799406216843,3.295841235581273,1
69,6,4.326221529733112,5.495347743092024,9.865028422240727,3.110819209273412,1
69,9,4.326221529733112,5.82219424438089,3.609799406216843,3.295841235581273,2
69,10,4.326221529733112,5.495347743092024,9.865028422240727,3.110819209273412,2
70,5,4.326221529733112,0.9507091131354658,2.198142515311717,0.8445597262393233,1
70,6,4.326221529733112,10.66353985903995,24.48796133541348,9.472925187800989,1
70,9,4.326221529733112,0.9507091131354658,2.198142515311716,0.8445597262393233,2
70,10,4.326221529733112,10.66353985903995,24.48796133541347,9.472925187800989,2
71,5,4.326221529733112,8.394303126753838,7.730002797828608,6.073844170043015,1
71,6,4.326221529733112,1.333801511046384,2.610414379758159,0.9650953044623373,1
71,9,4.326221529733112,8.394303126753838,7.730002797828608,6.073844170043015,2
71,10,4.326221529733112,1.333801511046384,2.610414379758159,0.9650953044623373,2
72,5,4.326221529733112,6.30340777553315,18.31196866175542,2.017393827195715,1
72,6,4.326221529733112,3.286382821504634,10.89536638808926,1.051800653551201,1
72,9,4.326221529733112,6.30340777553315,18.31196866175535,2.017393827195715,2
72,10,4.326221529733112,3.286382821504634,10.89536638808922,1.051800653551201,2
73,5,4.326221529733112,1.058439809102808,1.5794154542268,0.5406014969166478,1
73,6,4.326221529733112,1.947783265025393,1.145804602320202,0.9948364939471448,1
73,9,4.326221529733112,1.058439809102808,1.5794154542268,0.5406014969166478,2
73,10,4.326221529733112,1.947783265025393,1.145804602320202,0.9948364939471448,2
74,5,4.326221529733112,0.8400317882262437,2.584690688264633,0.6555681655229532,1
74,6,4.326221529733112,1.18100409361498,3.481075822129825,0.921665939286752,1
74,9,4.326221529733112,0.8400317882262437,2.584690688264629,0.6555681655229532,2
74,10,4.326221529733112,1.18100409361498,3.481075822129819,0.921665939286752,2
75,5,4.326221529733112,2.387927574820578,7.277636299200262,4.092959270139361,1
75,6,4.326221529733112,10.51398433739702,20.50985438584131,18.02119549755716,1
75,9,4.326221529733112,2.387927574820578,7.277636299200259,4.092959270139361,2
75,10,4.326221529733112,10.51398433739702,20.50985438584131,18.02119549755716,2
76,5,4.326221529733112,1.564720002793581,2.177510603614468,1.194798519931495,1
76,6,4.326221529733112,4.992785079034101,3.953036175074532,3.812421527248125,1
76,9,4.326221529733112,1.564720002793581,2.177510603614468,1.194798519931495,2
76,10,4.326221529733112,4.992785079034101,3.953036175074531,3.812421527248125,2
77,5,4.326221529733112,4.110364685996727,8.694610528726454,3.956558519609352,1
77,6,4.326221529733112,4.518954703580964,11.2759945502775,4.34985946456145,1
77,9,4.326221529733112,4.110364685996727,8.694610528726457,3.956558519609352,2
77,10,4.326221529733112,4.518954703580964,11.27599455027751,4.34985946456145,2
78,5,4.326221529733112,1.572579986209402,0.9238918248939374,0.5826394701165845,1
78,6,4.326221529733112,1.331217483387737,0.7375939854663678,0.4932148799633037,1
78,9,4.326221529733112,1.572579986209402,0.9238918248939371,0.5826394701165845,2
78,10,4.326221529733112,1.331217483387737,0.7375939854663676,0.4932148799633037,2
79,5,4.326221529733112,1.785616642366112,1.755284280089397,1.185482072590285,1
79,6,4.326221529733112,11.86148648583404,9.686030906203866,7.87491516913466,1
79,9,4.326221529733112,1.785616642366112,1.755284280089397,1.185482072590285,2
79,10,4.326221529733112,11.86148648583404,9.686030906203866,7.87491516913466,2
80,5,4.326221529733112,3.387762043331538,8.05223743371978,2.072735646584516,1
80,6,4.326221529733112,0.2175067668915338,0.1722816951904084,0.1330772419499922,1
80,9,4.326221529733112,3.387762043331538,8.05223743371978,2.072735646584516,2
80,10,4.326221529733112,0.2175067668915338,0.1722816951904084,0.1330772419499922,2
81,5,4.326221529733112,2.889160412040175,3.289300758596055,2.63306532115533,1
81,6,4.326221529733112,6.569209272870711,6.692785597525354,5.986914763100168,1
81,9,4.326221529733112,2.889160412040175,3.289300758596055,2.63306532115533,2
81,10,4.326221529733112,6.569209272870711,6.692785597525354,5.986914763100168,2
82,5,4.326221529733112,2.910617625638328,4.496115009774881,1.412914791397276,1
82,6,4.326221529733112,8.462670492101456,4.826297232659607,4.108073904207569,1
82,9,4.326221529733112,2.910617625638328,4.49611500977488,1.412914791397276,2
82,10,4.326221529733112,8.462670492101456,4.826297232659606,4.108073904207569,2
83,5,4.326221529733112,14.33340868382082,20.11451732941284,8.687941575881378,1
83,6,4.326221529733112,8.700045034004589,65.83477274100296,5.273378065908897,1
83,9,4.326221529733112,14.33340868382082,20.11451732941282,8.687941575881378,2
83,10,4.326221529733112,8.700045034004589,65.83477274100291,5.273378065908897,2
84,5,4.326221529733112,3.766929786615599,22.28047569302981,0.7874416372410442,1
84,6,4.326221529733112,1.950891204219603,8.1886125805676,0.4078156618124938,1
84,9,4.326221529733112,3.766929786615599,22.28047569302989,0.7874416372410442,2
84,10,4.326221529733112,1.950891204219603,8.18861258056763,0.4078156618124938,2
85,5,4.326221529733112,4.524403714679328,26.98960956974702,4.217113687147641,1
85,6,4.326221529733112,0.7592670258357278,1.595405615277609,0.707698863490715,1
85,9,4.326221529733112,4.524403714679328,26.98960956974705,4.217113687147641,2
85,10,4.326221529733112,0.7592670258357278,1.59540561527761,0.707698863490715,2
86,5,4.326221529733112,1.57803384527164,1.385882405342797,1.353905375390098,1
86,6,4.326221529733112,6.532077174890634,6.305635139215696,5.604324917394305,1
86,9,4.326221529733112,1.57803384527164,1.385882405342797,1.353905375390098,2
86,10,4.326221529733112,6.532077174890634,6.305635139215696,5.604324917394305,2
87,5,4.326221529733112,1.948389439513469,0.7689788572613748,0.4575244577266406,1
87,6,4.326221529733112,7.607479665259591,5.74356466457141,1.786402624612603,1
87,9,4.326221529733112,1.948389439513469,0.7689788572613749,0.4575244577266406,2
87,10,4.326221529733112,7.607479665259591,5.743564664571412,1.786402624612603,2
88,5,4.326221529733112,1.137155808579426,0.8652782094583803,0.4315789247115502,1
88,6,4.326221529733112,3.166190837919679,2.488582058528121,1.201648205946349,1
88,9,4.326221529733112,1.137155808579426,0.8652782094583803,0.4315789247115502,2
88,10,4.326221529733112,3.166190837919679,2.488582058528121,1.201648205946349,2
89,5,4.326221529733112,3.297386030316404,4.148553432676964,2.110074432732071,1
89,6,4.326221529733112,4.346111763667621,3.299712926317677,2.781178554769082,1
89,9,4.326221529733112,3.297386030316404,4.148553432676964,2.110074432732071,2
89,10,4.326221529733112,4.346111763667621,3.299712926317677,2.781178554769082,2
90,5,4.326221529733112,0.9031215185681127,0.4936029024918896,0.4758224637962027,1
90,6,4.326221529733112,2.981859633664838,8.558864372122867,1.571035312982455,1
90,9,4.326221529733112,0.9031215185681127,0.4936029024918895,0.4758224637962027,2
90,10,4.326221529733112,2.981859633664838,8.558864372122869,1.571035312982455,2
91,5,4.326221529733112,2.939013884858569,18.49620939215326,2.182523135684713,1
91,6,4.326221529733112,10.3393278623738,37.94716606219551,7.678025062527495,1
91,9,4.326221529733112,2.939013884858569,18.4962093921532,2.182523135684713,2
91,10,4.326221529733112,10.3393278623738,37.94716606219538,7.678025062527495,2
92,5,4.326221529733112,1.132481715179789,3.683617076726119,0.4835984858590097,1
92,6,4.326221529733112,2.564395907914496,5.630312925167786,1.095062252738986,1
92,9,4.326221529733112,1.132481715179789,3.683617076726112,0.4835984858590097,2
92,10,4.326221529733112,2.564395907914496,5.630312925167775,1.095062252738986,2
93,5,4.326221529733112,2.054135510020678,2.132915630207273,0.8297674190476533,1
93,6,4.326221529733112,0.164602797342087,1.011716819247128,0.06649125028620562,1
93,9,4.326221529733112,2.054135510020678,2.132915630207281,0.8297674190476533,2
93,10,4.326221529733112,0.164602797342087,1.01171681924713,0.06649125028620562,2
94,5,4.326221529733112,13.71276894383949,12.46848993478499,6.781503362696242,1
94,6,4.326221529733112,3.154779526649296,3.424187789262339,1.560162506650333,1
94,9,4.326221529733112,13.71276894383949,12.46848993478499,6.781503362696242,2
94,10,4.326221529733112,3.154779526649296,3.424187789262339,1.560162506650333,2
95,5,4.326221529733112,2.645699385897121,9.153946593115133,0.6185398253444758,1
95,6,4.326221529733112,2.68532758716699,7.929930448515235,0.6278045289698535,1
95,9,4.326221529733112,2.645699385897121,9.153946593115119,0.6185398253444758,2
95,10,4.326221529733112,2.68532758716699,7.929930448515221,0.6278045289698535,2
96,5,4.326221529733112,4.776741700995824,10.00076055884956,1.554333464663436,1
96,6,4.326221529733112,1.054798891219079,0.8931623818007025,0.3432275215488224,1
96,9,4.326221529733112,4.776741700995824,10.00076055884956,1.554333464663436,2
96,10,4.326221529733112,1.054798891219079,0.8931623818007027,0.3432275215488224,2
97,5,4.326221529733112,18.4727364594432,26.02090611828998,4.622810036405054,1
97,6,4.326221529733112,5.060598081614,2.373908256645356,1.266416789589305,1
97,9,4.326221529733112,18.4727364594432,26.02090611828998,4.622810036405054,2
97,10,4.326221529733112,5.060598081614,2.373908256645354,1.266416789589305,2
98,5,4.326221529733112,5.942960867581235,41.59012365313117,6.46773898235167,1
98,6,4.326221529733112,9.845213224316183,29.47038659497931,10.71456985487269,1
98,9,4.326221529733112,5.942960867581235,41.59012365313117,6.46773898235167,2
98,10,4.326221529733112,9.845213224316183,29.47038659497931,10.71456985487269,2
99,5,4.326221529733112,16.53013762831572,56.76671260130002,6.859550504516521,1
99,6,4.326221529733112,5.118059156149299,6.896955958720816,2.123853173888334,1
99,9,4.326221529733112,16.53013762831572,56.7667126013,6.859550504516521,2
99,10,4.326221529733112,5.118059156149299,6.896955958720814,2.123853173888334,2
100,5,4.326221529733112,1.107983165645944,2.774761702711249,0.6649735796066651,1
100,6,4.326221529733112,6.248958802652349,10.31807004147922,3.750411227044011,1
100,9,4.326221529733112,1.107983165645944,2.774761702711246,0.6649735796066651,2
100,10,4.326221529733112,6.248958802652349,10.3180700414792,3.750411227044011,2
101,5,4.326221529733112,7.68621068227558,18.92566885010951,4.213101582561049,1
101,6,4.326221529733112,2.939034962202709,17.45688682439887,1.610995764013137,1
101,9,4.326221529733112,7.68621068227558,18.92566885010941,4.213101582561049,2
101,10,4.326221529733112,2.939034962202709,17.45688682439878,1.610995764013137,2
102,5,4.326221529733112,0.4671950166112896,0.4342667555818485,0.2650511652427129,1
102,6,4.326221529733112,0.2770141318680431,0.3608218436798034,0.1571568955783873,1
102,9,4.326221529733112,0.4671950166112896,0.4342667555818485,0.2650511652427129,2
102,10,4.326221529733112,0.2770141318680431,0.3608218436798034,0.1571568955783873,2
103,5,4.326221529733112,1.396982281527481,0.6587995263247376,0.631775739851254,1
103,6,4.326221529733112,6.64457031866818,10.05278886179467,3.004961755477852,1
103,9,4.326221529733112,1.396982281527481,0.6587995263247375,0.631775739851254,2
103,10,4.326221529733112,6.64457031866818,10.05278886179467,3.004961755477852,2
104,5,4.326221529733112,2.84582681469156,12.5174490604331,1.545806309954728,1
104,6,4.326221529733112,3.894384709858623,2.230077905111574,2.11536570911928,1
104,9,4.326221529733112,2.84582681469156,12.51744906043311,1.545806309954728,2
104,10,4.326221529733112,3.894384709858623,2.230077905111575,2.11536570911928,2
105,5,4.326221529733112,6.874540967039366,13.50062045487553,7.396096069464884,1
105,6,4.326221529733112,3.848269054792018,5.023352490620804,4.140228091861715,1
105,9,4.326221529733112,6.874540967039366,13.50062045487553,7.396096069464884,2
105,10,4.326221529733112,3.848269054792018,5.023352490620804,4.140228091861715,2
106,5,4.326221529733112,0.09928035162992772,0.1318868257623777,0.003399892038801582,1
106,6,4.326221529733112,3.303726561878966,13.07979396497614,0.1131373272929029,1
106,9,4.326221529733112,0.09928035162992772,0.1318868257623776,0.003399892038801582,2
106,10,4.326221529733112,3.303726561878966,13.07979396497612,0.1131373272929029,2
107,5,4.326221529733112,1.122069791464985,1.862259366289874,1.356779631412322,1
107,6,4.326221529733112,1.835414939760605,4.344137214451428,2.219339317749356,1
107,9,4.326221529733112,1.122069791464985,1.862259366289874,1.356779631412322,2
107,10,4.326221529733112,1.835414939760605,4.34413721445143,2.219339317749356,2
108,5,4.326221529733112,1.032394656370103,1.328024151002487,0.6376217270142477,1
108,6,4.326221529733112,1.753134132018375,3.228454845039413,1.082760750501645,1
108,9,4.326221529733112,1.032394656370103,1.328024151002487,0.6376217270142477,2
108,10,4.326221529733112,1.753134132018375,3.228454845039413,1.082760750501645,2
109,5,4.326221529733112,13.67423334934162,18.5578823521788,6.906532916641983,1
109,6,4.326221529733112,6.363888836817735,14.52120651867042,3.214250233008372,1
109,9,4.326221529733112,13.67423334934162,18.5578823521788,6.906532916641983,2
109,10,4.326221529733112,6.363888836817735,14.52120651867042,3.214250233008372,2
110,5,4.326221529733112,3.289606137281539,3.127186794363487,2.839202126099694,1
110,6,4.326221529733112,11.39588930617027,13.57792928725062,9.83559483920865,1
110,9,4.326221529733112,3.289606137281539,3.127186794363487,2.839202126099694,2
110,10,4.326221529733112,11.39588930617027,13.57792928725062,9.83559483920865,2
111,5,4.326221529733112,7.920312925558763,13.82438066083441,7.472966605025981,1
111,6,4.326221529733112,0.8636243303379849,0.8199979870700176,0.8148460598163022,1
111,9,4.326221529733112,7.920312925558763,13.82438066083441,7.472966605025981,2
111,10,4.326221529733112,0.8636243303379849,0.8199979870700176,0.8148460598163022,2
112,5,4.326221529733112,2.374998194865003,1.916985222682357,1.112854270742013,1
112,6,4.326221529733112,0.3494746179283856,0.2583941987558209,0.1637535228104219,1
112,9,4.326221529733112,2.374998194865003,1.916985222682357,1.112854270742013,2
112,10,4.326221529733112,0.3494746179283856,0.2583941987558209,0.1637535228104219,2
113,5,4.326221529733112,13.9649893617916,20.32306556056327,19.77127260113644,1
113,6,4.326221529733112,1.882807594420548,3.614534014090603,2.665630545099309,1
113,9,4.326221529733112,13.9649893617916,20.32306556056327,19.77127260113644,2
113,10,4.326221529733112,1.882807594420548,3.614534014090603,2.665630545099309,2
114,5,4.326221529733112,3.470265970240598,5.857419307260004,3.051778960340441,1
114,6,4.326221529733112,1.734581001119919,6.212632160601035,1.525404061135123,1
114,9,4.326221529733112,3.470265970240598,5.857419307260006,3.051778960340441,2
114,10,4.326221529733112,1.734581001119919,6.212632160601035,1.525404061135123,2
115,5,4.326221529733112,5.357148043908273,11.99634807557933,5.545763219878777,1
115,6,4.326221529733112,9.358849649784061,11.89993658428579,9.688357264490131,1
115,9,4.326221529733112,5.357148043908273,11.99634807557933,5.545763219878777,2
115,10,4.326221529733112,9.358849649784061,11.89993658428579,9.688357264490131,2
116,5,4.326221529733112,6.81622657237913,6.354142224900705,2.387816001874847,1
116,6,4.326221529733112,6.213008919897304,20.8353716796872,2.176500731187368,1
116,9,4.326221529733112,6.81622657237913,6.354142224900695,2.387816001874847,2
116,10,4.326221529733112,6.213008919897304,20.83537167968717,2.176500731187368,2
117,5,4.326221529733112,3.021294440297064,5.338030787265425,1.30465429064301,1
117,6,4.326221529733112,7.761098969169894,14.14558916637093,3.351394996522406,1
117,9,4.326221529733112,3.021294440297064,5.338030787265425,1.30465429064301,2
117,10,4.326221529733112,7.761098969169894,14.14558916637093,3.351394996522406,2
118,5,4.326221529733112,3.062971708658818,6.85947429489651,4.219816398188383,1
118,6,4.326221529733112,16.03421114470486,27.31033140757702,22.09012474035138,1
118,9,4.326221529733112,3.062971708658818,6.859474294896507,4.219816398188383,2
118,10,4.326221529733112,16.03421114470486,27.31033140757701,22.09012474035138,2
119,5,4.326221529733112,6.247736034132895,7.649011814678548,3.441586393603152,1
119,6,4.326221529733112,8.831569107739858,8.08706126049036,4.864899526694201,1
119,9,4.326221529733112,6.247736034132895,7.649011814678546,3.441586393603152,2
119,10,4.326221529733112,8.831569107739858,8.087061260490358,4.864899526694201,2
120,5,4.326221529733112,0.8755157395770734,1.025227226287732,1.018776467265372,1
120,6,4.326221529733112,2.232646859340158,4.406749669905303,2.59797508735645,1
120,9,4.326221529733112,0.8755157395770734,1.025227226287732,1.018776467265372,2
120,10,4.326221529733112,2.232646859340158,4.406749669905302,2.59797508735645,2
121,5,4.326221529733112,4.679471625093277,10.18034927300276,6.038639135574534,1
121,6,4.326221529733112,8.239645950784176,18.45143881679736,10.63287748874677,1
121,9,4.326221529733112,4.679471625093277,10.18034927300276,6.038639135574534,2
121,10,4.326221529733112,8.239645950784176,18.45143881679735,10.63287748874677,2
122,5,4.326221529733112,1.391953541579648,0.9389942767566504,0.4751379175507657,1
122,6,4.326221529733112,7.654905343896751,13.88590439764354,2.612972111137958,1
122,9,4.326221529733112,1.391953541579648,0.9389942767566504,0.4751379175507657,2
122,10,4.326221529733112,7.654905343896751,13.88590439764354,2.612972111137958,2
123,5,4.326221529733112,0.9506150002894166,1.200630424399074,0.09248803300078659,1
123,6,4.326221529733112,3.016796176423445,6.083902665880204,0.2935126673119517,1
123,9,4.326221529733112,0.9506150002894166,1.200630424399074,0.09248803300078659,2
123,10,4.326221529733112,3.016796176423445,6.083902665880204,0.2935126673119517,2
124,5,4.326221529733112,3.595804920799808,2.448593851809497,0.7807963250310869,1
124,6,4.326221529733112,3.400790282253751,2.134935644538122,0.7384506704536526,1
124,9,4.326221529733112,3.595804920799808,2.448593851809498,0.7807963250310869,2
124,10,4.326221529733112,3.400790282253751,2.134935644538122,0.7384506704536526,2
125,5,4.326221529733112,7.57945242391249,7.457394769518254,3.018592905193589,1
125,6,4.326221529733112,0.5293598926421634,1.111141433775786,0.2108228836139105,1
125,9,4.326221529733112,7.57945242391249,7.457394769518253,3.018592905193589,2
125,10,4.326221529733112,0.5293598926421634,1.111141433775786,0.2108228836139105,2
126,5,4.326221529733112,0.2668204002059342,0.1668142735041432,0.1615833205018958,1
126,6,4.326221529733112,5.390798570584322,8.780309719920067,3.264604702337582,1
126,9,4.326221529733112,0.2668204002059342,0.1668142735041432,0.1615833205018958,2
126,10,4.326221529733112,5.390798570584322,8.780309719920064,3.264604702337582,2
127,5,4.326221529733112,2.741806535022091,1.920358972571546,0.860845196814108,1
127,6,4.326221529733112,6.706150689946202,6.659116602853645,2.105530618886387,1
127,9,4.326221529733112,2.741806535022091,1.920358972571546,0.860845196814108,2
127,10,4.326221529733112,6.706150689946202,6.659116602853643,2.105530618886387,2
128,5,4.326221529733112,3.241502912397977,1.708130715805512,1.656446639531917,1
128,6,4.326221529733112,6.386679333171684,3.672125910857666,3.263669293258163,1
128,9,4.326221529733112,3.241502912397977,1.708130715805512,1.656446639531917,2
128,10,4.326221529733112,6.386679333171684,3.672125910857667,3.263669293258163,2
129,5,4.326221529733112,1.868072524859913,3.776312308558378,0.6887682570796287,1
129,6,4.326221529733112,4.467271361550326,2.977149242230278,1.647106666711184,1
129,9,4.326221529733112,1.868072524859913,3.776312308558377,0.6887682570796287,2
129,10,4.326221529733112,4.467271361550326,2.977149242230278,1.647106666711184,2
130,5,4.326221529733112,1.961920188898354,1.964115775943208,0.9068181301774983,1
130,6,4.326221529733112,6.965170787389971,16.22811160476511,3.219368038276068,1
130,9,4.326221529733112,1.961920188898354,1.964115775943206,0.9068181301774983,2
130,10,4.326221529733112,6.965170787389971,16.2281116047651,3.219368038276068,2
131,5,4.326221529733112,3.060833850589439,3.974667133118893,1.08787958904878,1
131,6,4.326221529733112,1.674113001609319,0.7048472770631836,0.5950121611015384,1
131,9,4.326221529733112,3.060833850589439,3.974667133118893,1.08787958904878,2
131,10,4.326221529733112,1.674113001609319,0.7048472770631836,0.5950121611015384,2
132,5,4.326221529733112,0.9086967211618848,3.069556623973489,0.2549175865132258,1
132,6,4.326221529733112,0.6145890394896598,1.698525916243405,0.1724112687936891,1
132,9,4.326221529733112,0.9086967211618848,3.069556623973488,0.2549175865132258,2
132,10,4.326221529733112,0.6145890394896598,1.698525916243405,0.1724112687936891,2
133,5,4.326221529733112,0.5585578405080284,0.7887073546389679,0.4089364856872647,1
133,6,4.326221529733112,4.862609541032289,6.296456981091331,3.560058265712458,1
133,9,4.326221529733112,0.5585578405080284,0.7887073546389679,0.4089364856872647,2
133,10,4.326221529733112,4.862609541032289,6.296456981091331,3.560058265712458,2
134,5,4.326221529733112,8.662023766563854,23.04192393492795,3.092575794032648,1
134,6,4.326221529733112,3.703235084949943,19.81389745569392,1.322154671006144,1
134,9,4.326221529733112,8.662023766563854,23.04192393492799,3.092575794032648,2
134,10,4.326221529733112,3.703235084949943,19.81389745569395,1.322154671006144,2
135,5,4.326221529733112,0.01659891819544776,0.01533067717448371,0.007936006581404947,1
135,6,4.326221529733112,2.694238225684401,8.472166049393341,1.288125650066041,1
135,9,4.326221529733112,0.01659891819544776,0.0153306771744837,0.007936006581404947,2
135,10,4.326221529733112,2.694238225684401,8.472166049393341,1.288125650066041,2
136,5,4.326221529733112,16.09232837956212,17.24328839474885,3.592876226885397,1
136,6,4.326221529733112,1.619847496946861,3.490261653494707,0.3616575193899041,1
136,9,4.326221529733112,16.09232837956212,17.24328839474884,3.592876226885397,2
136,10,4.326221529733112,1.619847496946861,3.490261653494705,0.3616575193899041,2
137,5,4.326221529733112,1.637621230093881,3.689006857378993,1.663576289918628,1
137,6,4.326221529733112,0.09809269313954846,0.2136263061042223,0.09964738824976122,1
137,9,4.326221529733112,1.637621230093881,3.689006857378993,1.663576289918628,2
137,10,4.326221529733112,0.09809269313954846,0.2136263061042223,0.09964738824976122,2
138,5,4.326221529733112,0.6773110496579411,0.8580061568628492,0.3871999446548153,1
138,6,4.326221529733112,7.718262043104947,7.930414742934402,4.412316375808234,1
138,9,4.326221529733112,0.6773110496579411,0.8580061568628494,0.3871999446548153,2
138,10,4.326221529733112,7.718262043104947,7.930414742934405,4.412316375808234,2
139,5,4.326221529733112,7.779867194092033,4.617151275778174,4.29773636287219,1
139,6,4.326221529733112,0.4636428336985615,0.2567270003452992,0.2561245090770427,1
139,9,4.326221529733112,7.779867194092033,4.617151275778174,4.29773636287219,2
139,10,4.326221529733112,0.4636428336985615,0.2567270003452992,0.2561245090770427,2
140,5,4.326221529733112,2.198466571026847,8.882520246757938,0.4377882164272744,1
140,6,4.326221529733112,1.60885754023365,1.127977557739974,0.3203773404184551,1
140,9,4.326221529733112,2.198466571026847,8.882520246757938,0.4377882164272744,2
140,10,4.326221529733112,1.60885754023365,1.127977557739974,0.3203773404184551,2
141,5,4.326221529733112,6.484673911416193,8.521201411116962,8.505865338298372,1
141,6,4.326221529733112,3.0516114596943,4.011158716032585,4.002760431063706,1
141,9,4.326221529733112,6.484673911416193,8.521201411116962,8.505865338298372,2
141,10,4.326221529733112,3.0516114596943,4.011158716032585,4.002760431063706,2
142,5,4.326221529733112,6.396149849942015,3.462830996200156,2.365831307156914,1
142,6,4.326221529733112,4.128064492201257,3.913381021432498,1.526903597122741,1
142,9,4.326221529733112,6.396149849942015,3.462830996200156,2.365831307156914,2
142,10,4.326221529733112,4.128064492201257,3.913381021432498,1.526903597122741,2
143,5,4.326221529733112,0.1277697960543306,0.3427117410492539,0.1091244152162211,1
143,6,4.326221529733112,4.170326370092154,8.763831983077301,3.561752780786941,1
143,9,4.326221529733112,0.1277697960543306,0.3427117410492538,0.1091244152162211,2
143,10,4.326221529733112,4.170326370092154,8.763831983077297,3.561752780786941,2
144,5,4.326221529733112,2.675111070654468,10.02980163270771,2.754783285735094,1
144,6,4.326221529733112,1.604829569662223,2.777251076478866,1.65262583802823,1
144,9,4.326221529733112,2.675111070654468,10.0298016327077,2.754783285735094,2
144,10,4.326221529733112,1.604829569662223,2.777251076478865,1.65262583802823,2
145,5,4.326221529733112,3.732470214181594,10.3180325174832,4.963963110622404,1
145,6,4.326221529733112,2.456605917247449,6.266268128640713,3.267139575346055,1
145,9,4.326221529733112,3.732470214181594,10.3180325174832,4.963963110622404,2
145,10,4.326221529733112,2.456605917247449,6.266268128640713,3.267139575346055,2
146,5,4.326221529733112,3.219737236925872,1.462133046279957,0.9389616748627291,1
146,6,4.326221529733112,2.893483973671968,0.9029134714521592,0.8438174789385916,1
146,9,4.326221529733112,3.219737236925872,1.462133046279957,0.9389616748627291,2
146,10,4.326221529733112,2.893483973671968,0.9029134714521593,0.8438174789385916,2
147,5,4.326221529733112,0.2355396505514629,1.545984048686381,0.0816921192167812,1
147,6,4.326221529733112,2.245456754701177,7.200528858990367,0.7787908340345284,1
147,9,4.326221529733112,0.2355396505514629,1.545984048686381,0.0816921192167812,2
147,10,4.326221529733112,2.245456754701177,7.200528858990367,0.7787908340345284,2
148,5,4.326221529733112,0.08490201429048011,0.09101281035578249,0.0421246118728599,1
148,6,4.326221529733112,2.546813939361974,2.624670593325649,1.263616059107351,1
148,9,4.326221529733112,0.08490201429048011,0.09101281035578243,0.0421246118728599,2
148,10,4.326221529733112,2.546813939361974,2.624670593325647,1.263616059107351,2
149,5,4.326221529733112,10.46981542262162,6.060109775488203,5.124326630909081,1
149,6,4.326221529733112,0.488417553713331,1.659529963296013,0.2390501624402075,1
149,9,4.326221529733112,10.46981542262162,6.060109775488201,5.124326630909081,2
149,10,4.326221529733112,0.488417553713331,1.659529963296013,0.2390501624402075,2
150,5,4.326221529733112,0.544887213633486,1.993263992213459,0.5845231639063044,1
150,6,4.326221529733112,3.708793973691396,8.321445765142375,3.978577462522242,1
150,9,4.326221529733112,0.544887213633486,1.993263992213459,0.5845231639063044,2
150,10,4.326221529733112,3.708793973691396,8.321445765142375,3.978577462522242,2
151,5,4.326221529733112,6.561162700214927,13.26170525243495,1.680696689069864,1
151,6,4.326221529733112,5.389240371038957,1.886437196944503,1.380498985021377,1
151,9,4.326221529733112,6.561162700214927,13.26170525243495,1.680696689069864,2
151,10,4.326221529733112,5.389240371038957,1.886437196944503,1.380498985021377,2
152,5,4.326221529733112,2.42128244470868,2.714325150810489,1.484916995515119,1
152,6,4.326221529733112,10.00264269711612,6.598712109647541,6.134391373246005,1
152,9,4.326221529733112,2.42128244470868,2.714325150810489,1.484916995515119,2
152,10,4.326221529733112,10.00264269711612,6.59871210964754,6.134391373246005,2
153,5,4.326221529733112,2.787713115113263,4.109181400923589,1.879613821260261,1
153,6,4.326221529733112,5.448924477362376,5.65832218020628,3.673933914909873,1
153,9,4.326221529733112,2.787713115113263,4.109181400923586,1.879613821260261,2
153,10,4.326221529733112,5.448924477362376,5.658322180206278,3.673933914909873,2
154,5,4.326221529733112,5.854748070252471,7.994242021429611,1.813746209795123,1
154,6,4.326221529733112,2.601902423395544,3.384202794645568,0.8060450427693485,1
154,9,4.326221529733112,5.854748070252471,7.994242021429609,1.813746209795123,2
154,10,4.326221529733112,2.601902423395544,3.384202794645566,0.8060450427693485,2
155,5,4.326221529733112,9.731111406412822,22.6712581688934,6.279615100049924,1
155,6,4.326221529733112,19.5684914207304,25.24866670778218,12.62780674053696,1
155,9,4.326221529733112,9.731111406412822,22.67125816889339,6.279615100049924,2
155,10,4.326221529733112,19.5684914207304,25.24866670778218,12.62780674053696,2
156,5,4.326221529733112,6.056315580528052,5.340307014911837,1.492041743152318,1
156,6,4.326221529733112,0.00993253644008346,0.002509871263303634,0.002446992529853258,1
156,9,4.326221529733112,6.056315580528052,5.340307014911837,1.492041743152318,2
156,10,4.326221529733112,0.00993253644008346,0.002509871263303634,0.002446992529853258,2
157,5,4.326221529733112,1.126538157176377,4.878598443302542,0.5430359322845337,1
157,6,4.326221529733112,2.060259642788705,14.62270392962544,0.9931266053820849,1
157,9,4.326221529733112,1.126538157176377,4.878598443302543,0.5430359322845337,2
157,10,4.326221529733112,2.060259642788705,14.62270392962544,0.9931266053820849,2
158,5,4.326221529733112,1.369007525397463,2.246246970865873,1.479268152599789,1
158,6,4.326221529733112,0.6724359641248761,1.362668647076617,0.7265943305197458,1
158,9,4.326221529733112,1.369007525397463,2.246246970865873,1.479268152599789,2
158,10,4.326221529733112,0.6724359641248761,1.362668647076617,0.7265943305197458,2
159,5,4.326221529733112,2.405355048568258,11.8438198966308,3.276955420541356,1
159,6,4.326221529733112,3.205808895653289,6.258088249348861,4.367460364773931,1
159,9,4.326221529733112,2.405355048568258,11.84381989663079,3.276955420541356,2
159,10,4.326221529733112,3.205808895653289,6.258088249348861,4.367460364773931,2
160,5,4.326221529733112,3.865841303821908,9.50498206482926,3.436706743577632,1
160,6,4.326221529733112,11.00839154412854,11.67387519128064,9.786385545171465,1
160,9,4.326221529733112,3.865841303821908,9.504982064829258,3.436706743577632,2
160,10,4.326221529733112,11.00839154412854,11.67387519128064,9.786385545171465,2
161,5,4.326221529733112,0.5075193670447078,5.300103678009239,0.4155505770475337,1
161,6,4.326221529733112,3.66265324683668,5.633429863717907,2.998935152190812,1
161,9,4.326221529733112,0.5075193670447078,5.300103678009221,0.4155505770475337,2
161,10,4.326221529733112,3.66265324683668,5.633429863717893,2.998935152190812,2
162,5,4.326221529733112,2.49402898356819,3.974164581315991,2.722063494452797,1
162,6,4.326221529733112,8.791613123244806,10.87905211644124,9.595449490686528,1
162,9,4.326221529733112,2.49402898356819,3.974164581315991,2.722063494452797,2
162,10,4.326221529733112,8.791613123244806,10.87905211644124,9.595449490686528,2
163,5,4.326221529733112,5.143562825545192,3.092477709444614,2.701570079530154,1
163,6,4.326221529733112,2.441424896568489,1.445281303984756,1.282317466646346,1
163,9,4.326221529733112,5.143562825545192,3.092477709444614,2.701570079530154,2
163,10,4.326221529733112,2.441424896568489,1.445281303984756,1.282317466646346,2
164,5,4.326221529733112,1.018536604943826,0.5807076176461321,0.5794926349736961,1
164,6,4.326221529733112,7.904095279147191,5.370495478933705,4.497005780807232,1
164,9,4.326221529733112,1.018536604943826,0.5807076176461321,0.5794926349736961,2
164,10,4.326221529733112,7.904095279147191,5.370495478933705,4.497005780807232,2
165,5,4.326221529733112,2.88182980524119,6.204803103832207,3.179180688001865,1
165,6,4.326221529733112,5.012670731668977,7.7070762041076,5.529884504786165,1
165,9,4.326221529733112,2.88182980524119,6.204803103832206,3.179180688001865,2
165,10,4.326221529733112,5.012670731668977,7.707076204107598,5.529884504786165,2
166,5,4.326221529733112,6.012159302750582,21.48022322455538,3.662975289485334,1
166,6,4.326221529733112,5.351172889944433,8.80877023358107,3.260261925638374,1
166,9,4.326221529733112,6.012159302750582,21.48022322455538,3.662975289485334,2
166,10,4.326221529733112,5.351172889944433,8.80877023358107,3.260261925638374,2
167,5,4.326221529733112,7.529754013069962,5.926047595903696,0.7816820580327992,1
167,6,4.326221529733112,2.373409718609741,5.935925447399028,0.2463894292134389,1
167,9,4.326221529733112,7.529754013069962,5.926047595903693,0.7816820580327992,2
167,10,4.326221529733112,2.373409718609741,5.935925447399026,0.2463894292134389,2
168,5,4.326221529733112,11.06163512068579,32.15987022199234,8.338135389757865,1
168,6,4.326221529733112,1.52629571324511,3.723369805061667,1.150504438357913,1
168,9,4.326221529733112,11.06163512068579,32.15987022199234,8.338135389757865,2
168,10,4.326221529733112,1.52629571324511,3.723369805061666,1.150504438357913,2
169,5,4.326221529733112,2.762186546498965,7.581688495735929,0.694243888345931,1
169,6,4.326221529733112,0.7372581446277555,0.4033627676138494,0.1853013735404028,1
169,9,4.326221529733112,2.762186546498965,7.581688495735928,0.694243888345931,2
169,10,4.326221529733112,0.7372581446277555,0.4033627676138492,0.1853013735404028,2
170,5,4.326221529733112,3.466464579075818,0.7752657341192007,0.7745580670373468,1
170,6,4.326221529733112,6.13756952194622,13.87650153405962,1.37139840225727,1
170,9,4.326221529733112,3.466464579075818,0.7752657341192006,0.7745580670373468,2
170,10,4.326221529733112,6.13756952194622,13.87650153405962,1.37139840225727,2
171,5,4.326221529733112,0.5519008566923778,0.9579989357605841,0.3646774660376336,1
171,6,4.326221529733112,1.455258026623223,1.511127049856074,0.9615854064087622,1
171,9,4.326221529733112,0.5519008566923778,0.9579989357605841,0.3646774660376336,2
171,10,4.326221529733112,1.455258026623223,1.511127049856074,0.9615854064087622,2
172,5,4.326221529733112,0.6043074403836852,0.5674729484936323,0.4049853432176072,1
172,6,4.326221529733112,0.7692176622865491,0.6057963396421626,0.5155023058666511,1
172,9,4.326221529733112,0.6043074403836852,0.5674729484936323,0.4049853432176072,2
172,10,4.326221529733112,0.7692176622865491,0.6057963396421626,0.5155023058666511,2
173,5,4.326221529733112,18.9304330323561,50.78820117036903,6.069288595896412,1
173,6,4.326221529733112,4.468993867889164,3.208409434591136,1.432804705056177,1
173,9,4.326221529733112,18.9304330323561,50.78820117036902,6.069288595896412,2
173,10,4.326221529733112,4.468993867889164,3.208409434591136,1.432804705056177,2
174,5,4.326221529733112,0.9243040714654673,1.150731338423466,0.3466377408240884,1
174,6,4.326221529733112,4.96973725061179,9.615389421083414,1.863778972984594,1
174,9,4.326221529733112,0.9243040714654673,1.150731338423466,0.3466377408240884,2
174,10,4.326221529733112,4.96973725061179,9.615389421083414,1.863778972984594,2
175,5,4.326221529733112,10.77002382127771,8.042209209645485,7.816263058328539,1
175,6,4.326221529733112,2.314032322361461,1.680625969824539,1.679391397567615,1
175,9,4.326221529733112,10.77002382127771,8.042209209645485,7.816263058328539,2
175,10,4.326221529733112,2.314032322361461,1.680625969824539,1.679391397567615,2
176,5,4.326221529733112,0.4740169369633457,0.6479603531542415,0.3445156179457283,1
176,6,4.326221529733112,14.8794149336378,25.324595355238,10.81436216893979,1
176,9,4.326221529733112,0.4740169369633457,0.6479603531542415,0.3445156179457283,2
176,10,4.326221529733112,14.8794149336378,25.32459535523801,10.81436216893979,2
177,5,4.326221529733112,8.299881396537794,30.71772267393307,5.348938343684045,1
177,6,4.326221529733112,5.467416066009532,39.27851783819774,3.523528836032735,1
177,9,4.326221529733112,8.299881396537794,30.71772267393307,5.348938343684045,2
177,10,4.326221529733112,5.467416066009532,39.27851783819774,3.523528836032735,2
178,5,4.326221529733112,3.737367145572242,11.57946772123299,1.855548131524923,1
178,6,4.326221529733112,4.650356059824908,5.626609368492337,2.308833775658533,1
178,9,4.326221529733112,3.737367145572242,11.57946772123298,1.855548131524923,2
178,10,4.326221529733112,4.650356059824908,5.626609368492335,2.308833775658533,2
179,5,4.326221529733112,1.038266617503321,2.128002771876502,0.8105516980305209,1
179,6,4.326221529733112,4.833825820303291,9.297823155921282,3.773660503553727,1
179,9,4.326221529733112,1.038266617503321,2.128002771876501,0.8105516980305209,2
179,10,4.326221529733112,4.833825820303291,9.297823155921281,3.773660503553727,2
180,5,4.326221529733112,6.369644065140504,21.83566257732067,3.020390639315442,1
180,6,4.326221529733112,3.778103940066496,7.208873004991094,1.791520791152075,1
180,9,4.326221529733112,6.369644065140504,21.83566257732068,3.020390639315442,2
180,10,4.326221529733112,3.778103940066496,7.208873004991099,1.791520791152075,2
181,5,4.326221529733112,0.9772747314475889,1.665316193381678,0.2714937374711499,1
181,6,4.326221529733112,1.772707777973564,6.943757309144425,0.492470586416703,1
181,9,4.326221529733112,0.9772747314475889,1.665316193381679,0.2714937374711499,2
181,10,4.326221529733112,1.772707777973564,6.943757309144425,0.492470586416703,2
182,5,4.326221529733112,1.829171748155511,1.073684315862727,1.038611208606704,1
182,6,4.326221529733112,4.480213122909289,4.397440094593982,2.543883356547898,1
182,9,4.326221529733112,1.829171748155511,1.073684315862727,1.038611208606704,2
182,10,4.326221529733112,4.480213122909289,4.397440094593981,2.543883356547898,2
183,5,4.326221529733112,0.2130631139592463,0.3147894849909531,0.1690103109636863,1
183,6,4.326221529733112,0.3044172343275799,0.3959306830860354,0.2414761076206307,1
183,9,4.326221529733112,0.2130631139592463,0.314789484990953,0.1690103109636863,2
183,10,4.326221529733112,0.3044172343275799,0.3959306830860353,0.2414761076206307,2
184,5,4.326221529733112,2.336648109731069,1.743629067097495,0.7804411726553412,1
184,6,4.326221529733112,2.394922285942121,5.999603796549239,0.7999047650671709,1
184,9,4.326221529733112,2.336648109731069,1.743629067097494,0.7804411726553412,2
184,10,4.326221529733112,2.394922285942121,5.999603796549239,0.7999047650671709,2
185,5,4.326221529733112,2.029894114850382,1.166658986049325,0.5046210211707105,1
185,6,4.326221529733112,1.063455074317879,0.3488986819615168,0.264369348945581,1
185,9,4.326221529733112,2.029894114850382,1.166658986049325,0.5046210211707105,2
185,10,4.326221529733112,1.063455074317879,0.3488986819615168,0.264369348945581,2
186,5,4.326221529733112,0.2185365778062311,0.635488314057869,0.3019558061486353,1
186,6,4.326221529733112,1.282466902663009,2.327667938885248,1.772006916827956,1
186,9,4.326221529733112,0.2185365778062311,0.635488314057869,0.3019558061486353,2
186,10,4.326221529733112,1.282466902663009,2.327667938885248,1.772006916827956,2
187,5,4.326221529733112,6.786851050794795,8.161981283931006,1.132406675623413,1
187,6,4.326221529733112,0.7811171285784245,0.7268188031842197,0.1303317612580304,1
187,9,4.326221529733112,6.786851050794795,8.161981283931008,1.132406675623413,2
187,10,4.326221529733112,0.7811171285784245,0.7268188031842197,0.1303317612580304,2
188,5,4.326221529733112,3.070575711852515,11.5127870554498,1.094763578963964,1
188,6,4.326221529733112,6.113040426106086,4.897383484082745,2.179504641231508,1
188,9,4.326221529733112,3.070575711852515,11.51278705544979,1.094763578963964,2
188,10,4.326221529733112,6.113040426106086,4.897383484082737,2.179504641231508,2
189,5,4.326221529733112,2.201752694730777,2.56525910722792,1.938505078166719,1
189,6,4.326221529733112,3.634499977110789,3.603584854491435,3.199949149187977,1
189,9,4.326221529733112,2.201752694730777,2.56525910722792,1.938505078166719,2
189,10,4.326221529733112,3.634499977110789,3.603584854491435,3.199949149187977,2
190,5,4.326221529733112,4.382278540627513,3.458165763542056,1.550587912181552,1
190,6,4.326221529733112,3.477032532111598,3.157152282854632,1.230283416394212,1
190,9,4.326221529733112,4.382278540627513,3.458165763542055,1.550587912181552,2
190,10,4.326221529733112,3.477032532111598,3.157152282854631,1.230283416394212,2
191,5,4.326221529733112,1.100021239321423,3.726201354049703,0.1827782543382242,1
191,6,4.326221529733112,0.6680105193338045,0.2253286992215996,0.1109958537516263,1
191,9,4.326221529733112,1.100021239321423,3.726201354049703,0.1827782543382242,2
191,10,4.326221529733112,0.6680105193338045,0.2253286992215996,0.1109958537516263,2
192,5,4.326221529733112,6.820281563049137,6.185362217754212,4.77126548038667,1
192,6,4.326221529733112,2.709485433609046,7.689148228677428,1.895475164695369,1
192,9,4.326221529733112,6.820281563049137,6.185362217754213,4.77126548038667,2
192,10,4.326221529733112,2.709485433609046,7.689148228677428,1.895475164695369,2
193,5,4.326221529733112,0.4185838166721471,1.414365840805939,0.3642160849126653,1
193,6,4.326221529733112,8.212032177279806,33.07684609849677,7.145412912913272,1
193,9,4.326221529733112,0.4185838166721471,1.414365840805937,0.3642160849126653,2
193,10,4.326221529733112,8.212032177279806,33.07684609849671,7.145412912913272,2
194,5,4.326221529733112,7.920038360194123,61.90761286345555,10.4419447942858,1
194,6,4.326221529733112,3.691819007428682,19.6117966315807,4.867371660699939,1
194,9,4.326221529733112,7.920038360194123,61.90761286345555,10.4419447942858,2
194,10,4.326221529733112,3.691819007428682,19.6117966315807,4.867371660699939,2
195,5,4.326221529733112,4.513599895111537,2.075152795804853,1.970974529689665,1
195,6,4.326221529733112,6.982127988954188,10.68831575442012,3.048918102857666,1
195,9,4.326221529733112,4.513599895111537,2.075152795804853,1.970974529689665,2
195,10,4.326221529733112,6.982127988954188,10.68831575442012,3.048918102857666,2
196,5,4.326221529733112,0.340336580764947,1.015215402271119,0.133727300501495,1
196,6,4.326221529733112,1.316580798327227,2.823854095981183,0.5173196359224186,1
196,9,4.326221529733112,0.340336580764947,1.015215402271118,0.133727300501495,2
196,10,4.326221529733112,1.316580798327227,2.823854095981181,0.5173196359224186,2
197,5,4.326221529733112,6.432426714962958,7.255314018443551,7.244893108552401,1
197,6,4.326221529733112,2.18535304618949,4.000706070704525,2.461380428518944,1
197,9,4.326221529733112,6.432426714962958,7.255314018443551,7.244893108552401,2
197,10,4.326221529733112,2.18535304618949,4.000706070704525,2.461380428518944,2
198,5,4.326221529733112,7.539880890516746,6.724036033742788,5.916757685589426,1
198,6,4.326221529733112,0.6926018959256309,0.6588621331273027,0.5435042874385422,1
198,9,4.326221529733112,7.539880890516746,6.724036033742788,5.916757685589426,2
198,10,4.326221529733112,0.6926018959256309,0.6588621331273027,0.5435042874385422,2
199,5,4.326221529733112,11.09779841482943,4.799263563573394,2.191821279599615,1
199,6,4.326221529733112,5.496825391039304,3.913605302023528,1.085626032477236,1
199,9,4.326221529733112,11.09779841482943,4.79926356357339,2.191821279599615,2
199,10,4.326221529733112,5.496825391039304,3.913605302023527,1.085626032477236,2
200,5,4.326221529733112,19.80228758348073,57.6808383987402,12.54129421834243,1
200,6,4.326221529733112,0.791003447722779,0.5374717483631765,0.5009626753370735,1
200,9,4.326221529733112,19.80228758348073,57.6808383987402,12.54129421834243,2
200,10,4.326221529733112,0.791003447722779,0.5374717483631765,0.5009626753370735,2
201,5,4.326221529733112,1.799531679680465,1.072816709460342,0.9671586350802426,1
201,6,4.326221529733112,6.289552941654463,3.600188908141524,3.380321395284125,1
201,9,4.326221529733112,1.799531679680465,1.072816709460342,0.9671586350802426,2
201,10,4.326221529733112,6.289552941654463,3.600188908141523,3.380321395284125,2
202,5,4.326221529733112,5.942496742189769,4.064009284228716,3.766836618835196,1
202,6,4.326221529733112,4.762318709490296,13.26590842087078,3.018744020187997,1
202,9,4.326221529733112,5.942496742189769,4.064009284228716,3.766836618835196,2
202,10,4.326221529733112,4.762318709490296,13.26590842087078,3.018744020187997,2
203,5,4.326221529733112,2.200698325468722,7.377464365476493,1.600546222590572,1
203,6,4.326221529733112,9.904925747639343,45.29850691156263,7.203754965845985,1
203,9,4.326221529733112,2.200698325468722,7.377464365476482,1.600546222590572,2
203,10,4.326221529733112,9.904925747639343,45.29850691156255,7.203754965845985,2
204,5,4.326221529733112,15.18491354474035,33.26296377467195,9.804430312160722,1
204,6,4.326221529733112,0.7710768222643647,0.5384241257095983,0.4978605210321975,1
204,9,4.326221529733112,15.18491354474035,33.26296377467195,9.804430312160722,2
204,10,4.326221529733112,0.7710768222643647,0.5384241257095982,0.4978605210321975,2
205,5,4.326221529733112,1.437570682242529,7.294039230851954,2.429592287985402,1
205,6,4.326221529733112,3.873593370165746,21.4897569252598,6.546636416002208,1
205,9,4.326221529733112,1.437570682242529,7.294039230851948,2.429592287985402,2
205,10,4.326221529733112,3.873593370165746,21.48975692525979,6.546636416002208,2
206,5,4.326221529733112,0.8746958623362566,0.4227983869451331,0.2475627963327859,1
206,6,4.326221529733112,4.4789372545408,1.284116471081103,1.267661457059633,1
206,9,4.326221529733112,0.8746958623362566,0.4227983869451331,0.2475627963327859,2
206,10,4.326221529733112,4.4789372545408,1.284116471081103,1.267661457059633,2
207,5,4.326221529733112,2.524906405322457,3.68989649045011,0.5164132640441937,1
207,6,4.326221529733112,2.342478774707337,3.645696059412523,0.4791017629211368,1
207,9,4.326221529733112,2.524906405322457,3.68989649045011,0.5164132640441937,2
207,10,4.326221529733112,2.342478774707337,3.645696059412523,0.4791017629211368,2
208,5,4.326221529733112,9.323227318368779,14.44861190137212,7.666243926711604,1
208,6,4.326221529733112,1.23456446206867,1.138225249571919,1.015149795910356,1
208,9,4.326221529733112,9.323227318368779,14.44861190137212,7.666243926711604,2
208,10,4.326221529733112,1.23456446206867,1.138225249571919,1.015149795910356,2
209,5,4.326221529733112,4.713293141541519,5.349652270349663,3.264554169900614,1
209,6,4.326221529733112,1.747426644588998,3.754523051354911,1.210314904649179,1
209,9,4.326221529733112,4.713293141541519,5.349652270349663,3.264554169900614,2
209,10,4.326221529733112,1.747426644588998,3.754523051354911,1.210314904649179,2
210,5,4.326221529733112,4.982447792143042,4.866762424680076,2.049319450741439,1
210,6,4.326221529733112,3.190002226051003,7.736368523926372,1.31207267641895,1
210,9,4.326221529733112,4.982447792143042,4.86676242468007,2.049319450741439,2
210,10,4.326221529733112,3.190002226051003,7.736368523926364,1.31207267641895,2
211,5,4.326221529733112,0.1940523473017837,1.004979509077191,0.09463163459819093,1
211,6,4.326221529733112,5.795785308311487,6.372646876412942,2.826374661950068,1
211,9,4.326221529733112,0.1940523473017837,1.00497950907719,0.09463163459819093,2
211,10,4.326221529733112,5.795785308311487,6.372646876412928,2.826374661950068,2
212,5,4.326221529733112,4.181631741890097,55.78914411986714,4.641540922714317,1
212,6,4.326221529733112,7.389640769941916,54.30575467775519,8.202377003753146,1
212,9,4.326221529733112,4.181631741890097,55.78914411986754,4.641540922714317,2
212,10,4.326221529733112,7.389640769941916,54.30575467775557,8.202377003753146,2
213,5,4.326221529733112,5.526360070484081,2.947371859395067,1.508614166562334,1
213,6,4.326221529733112,0.4646617607147066,0.3151390758566872,0.1268457548790519,1
213,9,4.326221529733112,5.526360070484081,2.947371859395067,1.508614166562334,2
213,10,4.326221529733112,0.4646617607147066,0.3151390758566872,0.1268457548790519,2
214,5,4.326221529733112,0.5607241602089466,1.253476383618533,0.4756418113541529,1
214,6,4.326221529733112,2.267327754128968,3.169688192127509,1.923291265897266,1
214,9,4.326221529733112,0.5607241602089466,1.253476383618534,0.4756418113541529,2
214,10,4.326221529733112,2.267327754128968,3.169688192127511,1.923291265897266,2
215,5,4.326221529733112,3.72654522893711,3.658426741868021,0.8452482654487924,1
215,6,4.326221529733112,1.161396216850771,0.3344509232125964,0.2634257945319226,1
215,9,4.326221529733112,3.72654522893711,3.658426741868021,0.8452482654487924,2
215,10,4.326221529733112,1.161396216850771,0.3344509232125965,0.2634257945319226,2
216,5,4.326221529733112,2.782365497780061,4.008146395828095,0.9046606073280344,1
216,6,4.326221529733112,0.519521865576261,0.6267143792065885,0.168917766845298,1
216,9,4.326221529733112,2.782365497780061,4.008146395828096,0.9046606073280344,2
216,10,4.326221529733112,0.519521865576261,0.6267143792065886,0.168917766845298,2
217,5,4.326221529733112,0.1847772026325855,0.2925913304729096,0.1374124450192669,1
217,6,4.326221529733112,6.246050789303658,15.14001512195083,4.644972964437439,1
217,9,4.326221529733112,0.1847772026325855,0.2925913304729096,0.1374124450192669,2
217,10,4.326221529733112,6.246050789303658,15.14001512195083,4.644972964437439,2
218,5,4.326221529733112,2.827872292435416,2.960386354772047,2.712530977102477,1
218,6,4.326221529733112,3.675409709541216,6.96900890129901,3.525499619393247,1
218,9,4.326221529733112,2.827872292435416,2.960386354772046,2.712530977102477,2
218,10,4.326221529733112,3.675409709541216,6.969008901299009,3.525499619393247,2
219,5,4.326221529733112,1.669610335701257,1.74348285526151,0.9662165872787093,1
219,6,4.326221529733112,3.224816065337161,2.596155467474836,1.866226332351328,1
219,9,4.326221529733112,1.669610335701257,1.743482855261511,0.9662165872787093,2
219,10,4.326221529733112,3.224816065337161,2.596155467474835,1.866226332351328,2
220,5,4.326221529733112,11.79239880768551,35.20967636546288,5.061962487988656,1
220,6,4.326221529733112,19.54269888205985,9.540220100456317,8.388828284078414,1
220,9,4.326221529733112,11.79239880768551,35.20967636546287,5.061962487988656,2
220,10,4.326221529733112,19.54269888205985,9.540220100456317,8.388828284078414,2
221,5,4.326221529733112,8.553483586894776,18.79184531717132,5.269647902436401,1
221,6,4.326221529733112,18.54482719010805,113.8309366409612,11.42513558488934,1
221,9,4.326221529733112,8.553483586894776,18.79184531717135,5.269647902436401,2
221,10,4.326221529733112,18.54482719010805,113.8309366409614,11.42513558488934,2
222,5,4.326221529733112,4.233129285399478,4.594044195188124,2.715708380377337,1
222,6,4.326221529733112,3.124973701859387,2.858706820540972,2.004785750312244,1
222,9,4.326221529733112,4.233129285399478,4.594044195188124,2.715708380377337,2
222,10,4.326221529733112,3.124973701859387,2.858706820540971,2.004785750312244,2
223,5,4.326221529733112,3.434127293545913,6.327377036011894,2.650088019865029,1
223,6,4.326221529733112,2.038110107405995,4.639249856721873,1.572792944790776,1
223,9,4.326221529733112,3.434127293545913,6.327377036011893,2.650088019865029,2
223,10,4.326221529733112,2.038110107405995,4.639249856721871,1.572792944790776,2
224,5,4.326221529733112,3.918581197906743,0.8651654490444957,0.7508973082847914,1
224,6,4.326221529733112,2.594791097768009,0.5072963700161852,0.4972263052546058,1
224,9,4.326221529733112,3.918581197906743,0.8651654490444957,0.7508973082847914,2
224,10,4.326221529733112,2.594791097768009,0.5072963700161852,0.4972263052546058,2
225,5,4.326221529733112,12.13615203232907,34.28515727420909,6.877865804108705,1
225,6,4.326221529733112,5.470382503512781,19.32063465034894,3.100204797705104,1
225,9,4.326221529733112,12.13615203232907,34.2851572742091,6.877865804108705,2
225,10,4.326221529733112,5.470382503512781,19.32063465034895,3.100204797705104,2
226,5,4.326221529733112,2.959876223271532,7.471826723696951,2.505625937020103,1
226,6,4.326221529733112,1.017904685526966,1.55048218569983,0.8616875129499904,1
226,9,4.326221529733112,2.959876223271532,7.47182672369695,2.505625937020103,2
226,10,4.326221529733112,1.017904685526966,1.55048218569983,0.8616875129499904,2
227,5,4.326221529733112,2.443738997092353,1.659957019588897,0.338188980972537,1
227,6,4.326221529733112,2.084388804651278,6.135112314276185,0.2884585164922751,1
227,9,4.326221529733112,2.443738997092353,1.659957019588899,0.338188980972537,2
227,10,4.326221529733112,2.084388804651278,6.135112314276189,0.2884585164922751,2
228,5,4.326221529733112,11.65702278924145,60.0589229127544,5.058157383851889,1
228,6,4.326221529733112,7.988632046475002,9.782090845586508,3.466387507627303,1
228,9,4.326221529733112,11.65702278924145,60.05892291275435,5.058157383851889,2
228,10,4.326221529733112,7.988632046475002,9.782090845586501,3.466387507627303,2
229,5,4.326221529733112,1.098730810099862,0.352171480124944,0.1942315134953989,1
229,6,4.326221529733112,3.282868708892617,2.282353963613717,0.5803391987132365,1
229,9,4.326221529733112,1.098730810099862,0.3521714801249441,0.1942315134953989,2
229,10,4.326221529733112,3.282868708892617,2.282353963613717,0.5803391987132365,2
230,5,4.326221529733112,2.317071883231482,6.802181397244239,3.29729480826469,1
230,6,4.326221529733112,7.810868622031347,51.56105601983363,11.11520826861139,1
230,9,4.326221529733112,2.317071883231482,6.802181397244239,3.29729480826469,2
230,10,4.326221529733112,7.810868622031347,51.56105601983363,11.11520826861139,2
231,5,4.326221529733112,1.59701292448181,3.35547559402162,1.165280181228523,1
231,6,4.326221529733112,3.712314407311506,2.747548952944683,2.708736002705079,1
231,9,4.326221529733112,1.59701292448181,3.355475594021619,1.165280181228523,2
231,10,4.326221529733112,3.712314407311506,2.747548952944683,2.708736002705079,2
232,5,4.326221529733112,1.28332763554792,1.503850706258871,1.034594096720836,1
232,6,4.326221529733112,21.54793649875596,19.02668232253269,17.37153263173527,1
232,9,4.326221529733112,1.28332763554792,1.503850706258871,1.034594096720836,2
232,10,4.326221529733112,21.54793649875596,19.02668232253269,17.37153263173527,2
233,5,4.326221529733112,3.77099201741045,73.63957498792966,2.407163407037698,1
233,6,4.326221529733112,1.556571300603228,12.55073259325443,0.9936169204171869,1
233,9,4.326221529733112,3.77099201741045,73.63957498792966,2.407163407037698,2
233,10,4.326221529733112,1.556571300603228,12.55073259325443,0.9936169204171869,2
234,5,4.326221529733112,1.012797155732333,5.292999582751795,0.7326437222398361,1
234,6,4.326221529733112,0.04709309829428678,0.327968716358763,0.03406650841271835,1
234,9,4.326221529733112,1.012797155732333,5.292999582751777,0.7326437222398361,2
234,10,4.326221529733112,0.04709309829428678,0.3279687163587618,0.03406650841271835,2
235,5,4.326221529733112,0.4929803504134188,4.551810147916611,0.4588103926683473,1
235,6,4.326221529733112,6.951610049509228,26.47707527967948,6.469772951027019,1
235,9,4.326221529733112,0.4929803504134188,4.551810147916627,0.4588103926683473,2
235,10,4.326221529733112,6.951610049509228,26.47707527967956,6.469772951027019,2
236,5,4.326221529733112,0.7840126489587907,0.4443936812540584,0.3293124650331603,1
236,6,4.326221529733112,1.369997640079021,0.7224440493505612,0.5754464555427709,1
236,9,4.326221529733112,0.7840126489587907,0.4443936812540584,0.3293124650331603,2
236,10,4.326221529733112,1.369997640079021,0.7224440493505612,0.5754464555427709,2
237,5,4.326221529733112,5.293046249023915,8.834596609769468,4.203809003578827,1
237,6,4.326221529733112,5.853060454349018,5.38163414130988,4.64857986854375,1
237,9,4.326221529733112,5.293046249023915,8.834596609769468,4.203809003578827,2
237,10,4.326221529733112,5.853060454349018,5.38163414130988,4.64857986854375,2
238,5,4.326221529733112,3.903514610979172,3.29979814309743,1.918065813938205,1
238,6,4.326221529733112,0.4503394659122215,0.3702802526047918,0.2212828233827842,1
238,9,4.326221529733112,3.903514610979172,3.29979814309743,1.918065813938205,2
238,10,4.326221529733112,0.4503394659122215,0.3702802526047917,0.2212828233827842,2
239,5,4.326221529733112,2.892586777556681,7.729484106504033,2.771559557887525,1
239,6,4.326221529733112,9.726805054163261,57.26200137170506,9.319830860302204,1
239,9,4.326221529733112,2.892586777556681,7.72948410650404,2.771559557887525,2
239,10,4.326221529733112,9.726805054163261,57.26200137170511,9.319830860302204,2
240,5,4.326221529733112,6.724831883409703,13.75051536965691,3.567468741710951,1
240,6,4.326221529733112,0.07958503896656373,0.04401646227491757,0.04221921733411559,1
240,9,4.326221529733112,6.724831883409703,13.75051536965692,3.567468741710951,2
240,10,4.326221529733112,0.07958503896656373,0.04401646227491758,0.04221921733411559,2
241,5,4.326221529733112,3.50411821102978,0.8458628031618837,0.8114724211679356,1
241,6,4.326221529733112,1.162880220090704,0.5849794475275728,0.2692960599203043,1
241,9,4.326221529733112,3.50411821102978,0.8458628031618837,0.8114724211679356,2
241,10,4.326221529733112,1.162880220090704,0.5849794475275728,0.2692960599203043,2
242,5,4.326221529733112,3.064810284706554,2.067072992698733,1.447780767690754,1
242,6,4.326221529733112,1.18338808401302,1.370280232062917,0.5590187808027737,1
242,9,4.326221529733112,3.064810284706554,2.067072992698733,1.447780767690754,2
242,10,4.326221529733112,1.18338808401302,1.370280232062917,0.5590187808027737,2
243,5,4.326221529733112,10.01618255830089,13.80796260452232,7.234376407595725,1
243,6,4.326221529733112,0.7330956472252443,1.579366338234919,0.5294921317505509,1
243,9,4.326221529733112,10.01618255830089,13.80796260452231,7.234376407595725,2
243,10,4.326221529733112,0.7330956472252443,1.579366338234918,0.5294921317505509,2
244,5,4.326221529733112,2.755727908719303,0.8721582189113125,0.3142735739489863,1
244,6,4.326221529733112,0.9917407224771967,0.2165686730361849,0.1131018415488296,1
244,9,4.326221529733112,2.755727908719303,0.8721582189113124,0.3142735739489863,2
244,10,4.326221529733112,0.9917407224771967,0.2165686730361848,0.1131018415488296,2
245,5,4.326221529733112,0.4958231054726811,0.3965453326728327,0.298495399567104,1
245,6,4.326221529733112,3.13815720660581,1.892572234357514,1.88923323449637,1
245,9,4.326221529733112,0.4958231054726811,0.3965453326728328,0.298495399567104,2
245,10,4.326221529733112,3.13815720660581,1.892572234357514,1.88923323449637,2
246,5,4.326221529733112,2.317623423162973,3.564768189291781,2.141972628109719,1
246,6,4.326221529733112,7.270876473521032,12.24229877341325,6.71982265669129,1
246,9,4.326221529733112,2.317623423162973,3.564768189291781,2.141972628109719,2
246,10,4.326221529733112,7.270876473521032,12.24229877341325,6.71982265669129,2
247,5,4.326221529733112,4.773909257822149,15.89746050923802,3.178689248408075,1
247,6,4.326221529733112,0.4099314683794947,1.278693257138893,0.2729513027477364,1
247,9,4.326221529733112,4.773909257822149,15.89746050923805,3.178689248408075,2
247,10,4.326221529733112,0.4099314683794947,1.278693257138895,0.2729513027477364,2
248,5,4.326221529733112,1.256410867429804,7.303114979912798,0.4747132105146757,1
248,6,4.326221529733112,0.7386643609062973,7.247954406506936,0.2790916087632381,1
248,9,4.326221529733112,1.256410867429804,7.303114979912798,0.4747132105146757,2
248,10,4.326221529733112,0.7386643609062973,7.247954406506936,0.2790916087632381,2
249,5,4.326221529733112,7.939562312363367,8.771075827276439,0.8294049436649716,1
249,6,4.326221529733112,2.814355082760125,1.458893741387923,0.2940010956567524,1
249,9,4.326221529733112,7.939562312363367,8.771075827276439,0.8294049436649716,2
249,10,4.326221529733112,2.814355082760125,1.458893741387923,0.2940010956567524,2
250,5,4.326221529733112,2.094936173983204,3.090481198040676,2.478246878460987,1
250,6,4.326221529733112,0.4045063879649771,0.7280549518863264,0.4785189667070832,1
250,9,4.326221529733112,2.094936173983204,3.090481198040676,2.478246878460987,2
250,10,4.326221529733112,0.4045063879649771,0.7280549518863264,0.4785189667070832,2
251,5,4.326221529733112,2.315121893476082,2.400771289297375,1.24642246484447,1
251,6,4.326221529733112,3.623895479119193,6.802919791240974,1.951044024140123,1
251,9,4.326221529733112,2.315121893476082,2.400771289297375,1.24642246484447,2
251,10,4.326221529733112,3.623895479119193,6.802919791240974,1.951044024140123,2
252,5,4.326221529733112,7.1479392768898,14.39930671875779,7.044575270601581,1
252,6,4.326221529733112,6.930223715432379,8.780938330231253,6.830008022495994,1
252,9,4.326221529733112,7.1479392768898,14.39930671875779,7.044575270601581,2
252,10,4.326221529733112,6.930223715432379,8.780938330231253,6.830008022495994,2
253,5,4.326221529733112,1.695763891051865,8.429877715136332,0.08186666116246988,1
253,6,4.326221529733112,1.213549047219822,4.115774881640497,0.05858669899567097,1
253,9,4.326221529733112,1.695763891051865,8.429877715136332,0.08186666116246988,2
253,10,4.326221529733112,1.213549047219822,4.115774881640497,0.05858669899567097,2
254,5,4.326221529733112,0.5035358965500657,0.2824288532230245,0.2125540532758043,1
254,6,4.326221529733112,0.6103958920887675,0.2576743465622026,0.2576621088094918,1
254,9,4.326221529733112,0.5035358965500657,0.2824288532230245,0.2125540532758043,2
254,10,4.326221529733112,0.6103958920887675,0.2576743465622026,0.2576621088094918,2
255,5,4.326221529733112,3.603396068405334,8.374849657638933,1.207950837808089,1
255,6,4.326221529733112,6.339777609996353,35.98170006706631,2.125256155619088,1
255,9,4.326221529733112,3.603396068405334,8.374849657638901,1.207950837808089,2
255,10,4.326221529733112,6.339777609996353,35.98170006706619,2.125256155619088,2
256,5,4.326221529733112,2.769554789094851,26.50610511856829,2.42808248125657,1
256,6,4.326221529733112,3.180417774674034,10.2680728996344,2.788288107593945,1
256,9,4.326221529733112,2.769554789094851,26.50610511856829,2.42808248125657,2
256,10,4.326221529733112,3.180417774674034,10.2680728996344,2.788288107593945,2
257,5,4.326221529733112,1.277990796602015,1.304817640341113,0.8214763507973021,1
257,6,4.326221529733112,2.255932282546069,1.475190154033783,1.450084792503309,1
257,9,4.326221529733112,1.277990796602015,1.304817640341113,0.8214763507973021,2
257,10,4.326221529733112,2.255932282546069,1.475190154033783,1.450084792503309,2
258,5,4.326221529733112,2.599025319631901,3.748633225015649,2.555895971261684,1
258,6,4.326221529733112,1.056100134661364,1.668565305233619,1.038574753020183,1
258,9,4.326221529733112,2.599025319631901,3.748633225015649,2.555895971261684,2
258,10,4.326221529733112,1.056100134661364,1.668565305233619,1.038574753020183,2
259,5,4.326221529733112,1.736502972789859,3.34634564784,1.315887209172785,1
259,6,4.326221529733112,1.832075250554618,5.761275387009617,1.388309969071724,1
259,9,4.326221529733112,1.736502972789859,3.34634564784,1.315887209172785,2
259,10,4.326221529733112,1.832075250554618,5.761275387009618,1.388309969071724,2
260,5,4.326221529733112,3.125996723921605,17.30066472136191,0.5090675647055659,1
260,6,4.326221529733112,0.4967745422890236,0.3009426301450428,0.08089957501092301,1
260,9,4.326221529733112,3.125996723921605,17.30066472136194,0.5090675647055659,2
260,10,4.326221529733112,0.4967745422890236,0.3009426301450431,0.08089957501092301,2
261,5,4.326221529733112,1.979662812383571,7.577485917145009,0.546995681031673,1
261,6,4.326221529733112,4.498728550805758,24.20595995378335,1.24303243564078,1
261,9,4.326221529733112,1.979662812383571,7.577485917145009,0.546995681031673,2
261,10,4.326221529733112,4.498728550805758,24.20595995378335,1.24303243564078,2
262,5,4.326221529733112,1.49417713770292,1.123341393403181,0.7972928801980709,1
262,6,4.326221529733112,1.253760541341605,0.8377440040517286,0.669006590893033,1
262,9,4.326221529733112,1.49417713770292,1.123341393403181,0.7972928801980709,2
262,10,4.326221529733112,1.253760541341605,0.8377440040517286,0.669006590893033,2
263,5,4.326221529733112,2.046459678194685,2.465104422975584,1.074415123152913,1
263,6,4.326221529733112,2.464056925227639,1.583946038720971,1.293658532822744,1
263,9,4.326221529733112,2.046459678194685,2.465104422975584,1.074415123152913,2
263,10,4.326221529733112,2.464056925227639,1.583946038720971,1.293658532822744,2
264,5,4.326221529733112,2.748783810416397,3.863299494640724,3.68394468395048,1
264,6,4.326221529733112,18.15042110669049,28.81812232567395,24.32535694297691,1
264,9,4.326221529733112,2.748783810416397,3.863299494640724,3.68394468395048,2
264,10,4.326221529733112,18.15042110669049,28.81812232567395,24.32535694297691,2
265,5,4.326221529733112,3.480085848657957,24.52366772139334,3.557536194792149,1
265,6,4.326221529733112,5.938341876038075,64.93258901007007,6.070501441567092,1
265,9,4.326221529733112,3.480085848657957,24.52366772139299,3.557536194792149,2
265,10,4.326221529733112,5.938341876038075,64.93258901006917,6.070501441567092,2
266,5,4.326221529733112,4.209217551306181,7.065426135372266,0.3477878160263937,1
266,6,4.326221529733112,0.115227085956724,0.068137609249141,0.00952067126098979,1
266,9,4.326221529733112,4.209217551306181,7.065426135372266,0.3477878160263937,2
266,10,4.326221529733112,0.115227085956724,0.06813760924914099,0.00952067126098979,2
267,5,4.326221529733112,0.01637527901980527,0.01830633860229924,0.00717223836088051,1
267,6,4.326221529733112,1.449542672416024,0.6410795099429525,0.6348878421101305,1
267,9,4.326221529733112,0.01637527901980527,0.01830633860229924,0.00717223836088051,2
267,10,4.326221529733112,1.449542672416024,0.6410795099429525,0.6348878421101305,2
268,5,4.326221529733112,7.284246318159334,4.436617127159201,2.460838350150407,1
268,6,4.326221529733112,0.7536586012267945,0.555481333955594,0.2546086318080822,1
268,9,4.326221529733112,7.284246318159334,4.436617127159201,2.460838350150407,2
268,10,4.326221529733112,0.7536586012267945,0.555481333955594,0.2546086318080822,2
269,5,4.326221529733112,12.92496039740367,17.39037270981623,17.04640147367364,1
269,6,4.326221529733112,1.786256947662411,2.614843839190222,2.355848848179749,1
269,9,4.326221529733112,12.92496039740367,17.39037270981623,17.04640147367364,2
269,10,4.326221529733112,1.786256947662411,2.614843839190222,2.355848848179749,2
270,5,4.326221529733112,3.289532304800143,7.328081416223635,3.626383608238345,1
270,6,4.326221529733112,0.3311742060248163,1.041372079455637,0.365086766421863,1
270,9,4.326221529733112,3.289532304800143,7.328081416223633,3.626383608238345,2
270,10,4.326221529733112,0.3311742060248163,1.041372079455637,0.365086766421863,2
271,5,4.326221529733112,0.6503715453001243,1.722331422210347,0.02554607894383976,1
271,6,4.326221529733112,2.036492045404072,5.301667993710975,0.07999179382361607,1
271,9,4.326221529733112,0.6503715453001243,1.722331422210347,0.02554607894383976,2
271,10,4.326221529733112,2.036492045404072,5.301667993710974,0.07999179382361607,2
272,5,4.326221529733112,1.414700210727406,0.6529703859142005,0.4369879831001454,1
272,6,4.326221529733112,0.5247124947497983,1.311669853427453,0.1620789005681019,1
272,9,4.326221529733112,1.414700210727406,0.6529703859142009,0.4369879831001454,2
272,10,4.326221529733112,0.5247124947497983,1.311669853427454,0.1620789005681019,2
273,5,4.326221529733112,1.507498607334819,1.467317784791863,1.349337878056866,1
273,6,4.326221529733112,8.705526962218224,8.31119321211712,7.792177864319181,1
273,9,4.326221529733112,1.507498607334819,1.467317784791863,1.349337878056866,2
273,10,4.326221529733112,8.705526962218224,8.31119321211712,7.792177864319181,2
274,5,4.326221529733112,5.408173057455866,3.173553105090765,3.109902707352326,1
274,6,4.326221529733112,0.8849852654645181,1.337490064682301,0.5088997788709319,1
274,9,4.326221529733112,5.408173057455866,3.173553105090765,3.109902707352326,2
274,10,4.326221529733112,0.8849852654645181,1.337490064682301,0.5088997788709319,2
275,5,4.326221529733112,8.43908552144862,6.530916633870244,5.872529009615715,1
275,6,4.326221529733112,1.410356897489582,2.8643148239899,0.9814288258329522,1
275,9,4.326221529733112,8.43908552144862,6.530916633870243,5.872529009615715,2
275,10,4.326221529733112,1.410356897489582,2.864314823989898,0.9814288258329522,2
276,5,4.326221529733112,0.8149870730577332,0.6437826300453042,0.5324075284147861,1
276,6,4.326221529733112,17.24294895579825,20.60399659865838,11.26432079676501,1
276,9,4.326221529733112,0.8149870730577332,0.6437826300453042,0.5324075284147861,2
276,10,4.326221529733112,17.24294895579825,20.60399659865838,11.26432079676501,2
277,5,4.326221529733112,1.966457283553558,1.27417769469187,1.08124484842796,1
277,6,4.326221529733112,0.8645486333823552,0.5287984945916876,0.4753669270510981,1
277,9,4.326221529733112,1.966457283553558,1.27417769469187,1.08124484842796,2
277,10,4.326221529733112,0.8645486333823552,0.5287984945916876,0.4753669270510981,2
278,5,4.326221529733112,1.039872588275093,1.074866119750023,0.450323401617451,1
278,6,4.326221529733112,0.7514024734531,0.6683055114034085,0.32539959380067,1
278,9,4.326221529733112,1.039872588275093,1.074866119750023,0.450323401617451,2
278,10,4.326221529733112,0.7514024734531,0.6683055114034084,0.32539959380067,2
279,5,4.326221529733112,1.493616926407222,1.723060379832047,1.705854168759787,1
279,6,4.326221529733112,20.83733397935598,29.47317332501535,23.79823929822899,1
279,9,4.326221529733112,1.493616926407222,1.723060379832047,1.705854168759787,2
279,10,4.326221529733112,20.83733397935598,29.47317332501535,23.79823929822899,2
280,5,4.326221529733112,4.466779624357413,15.61591369368414,2.787022607443641,1
280,6,4.326221529733112,12.67559391488693,90.46154718637477,7.908867187206951,1
280,9,4.326221529733112,4.466779624357413,15.61591369368408,2.787022607443641,2
280,10,4.326221529733112,12.67559391488693,90.46154718637446,7.908867187206951,2
281,5,4.326221529733112,11.29099333897654,6.77946414880708,5.364495128852032,1
281,6,4.326221529733112,3.982657456047397,24.73307334659466,1.892211418556119,1
281,9,4.326221529733112,11.29099333897654,6.779464148807071,5.364495128852032,2
281,10,4.326221529733112,3.982657456047397,24.73307334659463,1.892211418556119,2
282,5,4.326221529733112,4.74407536773282,1.961946916920833,1.960232466408415,1
282,6,4.326221529733112,20.43046609183629,8.526503084842776,8.441784717305781,1
282,9,4.326221529733112,4.74407536773282,1.961946916920833,1.960232466408415,2
282,10,4.326221529733112,20.43046609183629,8.526503084842776,8.441784717305781,2
283,5,4.326221529733112,0.09636421232768523,0.09628600630071876,0.09587618475618732,1
283,6,4.326221529733112,1.998282067648735,3.030031180741714,1.988161954371346,1
283,9,4.326221529733112,0.09636421232768523,0.09628600630071876,0.09587618475618732,2
283,10,4.326221529733112,1.998282067648735,3.030031180741714,1.988161954371346,2
284,5,4.326221529733112,8.015809524971852,4.102729981656555,2.837889449855329,1
284,6,4.326221529733112,9.300434466831419,7.324589511451744,3.292693616317491,1
284,9,4.326221529733112,8.015809524971852,4.102729981656555,2.837889449855329,2
284,10,4.326221529733112,9.300434466831419,7.324589511451744,3.292693616317491,2
285,5,4.326221529733112,1.485399018154339,3.202405983137344,0.009522191481260937,1
285,6,4.326221529733112,4.582992902931564,8.234040186058277,0.0293794027366456,1
285,9,4.326221529733112,1.485399018154339,3.202405983137344,0.009522191481260937,2
285,10,4.326221529733112,4.582992902931564,8.234040186058278,0.0293794027366456,2
286,5,4.326221529733112,9.082241913279187,20.46061622381345,8.214615185756903,1
286,6,4.326221529733112,4.79699854819957,10.87296825802197,4.338741193678077,1
286,9,4.326221529733112,9.082241913279187,20.46061622381345,8.214615185756903,2
286,10,4.326221529733112,4.79699854819957,10.87296825802197,4.338741193678077,2
287,5,4.326221529733112,6.998482377051078,3.862937466973409,2.739242733816357,1
287,6,4.326221529733112,3.204123288873049,2.10917977786314,1.254110672061954,1
287,9,4.326221529733112,6.998482377051078,3.862937466973409,2.739242733816357,2
287,10,4.326221529733112,3.204123288873049,2.10917977786314,1.254110672061954,2
288,5,4.326221529733112,15.97983423375355,10.54730772920284,3.906889941519277,1
288,6,4.326221529733112,1.527703262709224,7.294833475515583,0.373506284445535,1
288,9,4.326221529733112,15.97983423375355,10.54730772920285,3.906889941519277,2
288,10,4.326221529733112,1.527703262709224,7.294833475515587,0.373506284445535,2
289,5,4.326221529733112,3.752415994212599,3.076053808364769,2.482852144544954,1
289,6,4.326221529733112,4.133990705156115,6.607333970799686,2.735327773801254,1
289,9,4.326221529733112,3.752415994212599,3.076053808364768,2.482852144544954,2
289,10,4.326221529733112,4.133990705156115,6.607333970799683,2.735327773801254,2
290,5,4.326221529733112,0.1445921411898079,0.08299972211856961,0.08296275130411712,1
290,6,4.326221529733112,3.833954810651298,3.171176912070135,2.199811392582848,1
290,9,4.326221529733112,0.1445921411898079,0.08299972211856961,0.08296275130411712,2
290,10,4.326221529733112,3.833954810651298,3.171176912070135,2.199811392582848,2
291,5,4.326221529733112,2.703404519219788,4.248851467591538,3.488434182502385,1
291,6,4.326221529733112,0.6328526473853733,1.08245555514064,0.8166239243631229,1
291,9,4.326221529733112,2.703404519219788,4.248851467591539,3.488434182502385,2
291,10,4.326221529733112,0.6328526473853733,1.08245555514064,0.8166239243631229,2
292,5,4.326221529733112,11.06162881503518,17.80669357964548,7.043403197706124,1
292,6,4.326221529733112,2.481065118445763,2.447747939921212,1.579798263093539,1
292,9,4.326221529733112,11.06162881503518,17.80669357964547,7.043403197706124,2
292,10,4.326221529733112,2.481065118445763,2.447747939921211,1.579798263093539,2
293,5,4.326221529733112,2.24009954598574,1.50548638170866,1.49946574323417,1
293,6,4.326221529733112,8.804476771239903,6.13648048084975,5.893493139281798,1
293,9,4.326221529733112,2.24009954598574,1.50548638170866,1.49946574323417,2
293,10,4.326221529733112,8.804476771239903,6.13648048084975,5.893493139281798,2
294,5,4.326221529733112,4.391594727236553,5.376008818486781,2.956957598125295,1
294,6,4.326221529733112,3.600240200769555,2.599045614711691,2.424121140030743,1
294,9,4.326221529733112,4.391594727236553,5.376008818486781,2.956957598125295,2
294,10,4.326221529733112,3.600240200769555,2.599045614711691,2.424121140030743,2
295,5,4.326221529733112,4.616322883151143,3.094726619077452,0.4340761232341329,1
295,6,4.326221529733112,2.466152719913242,1.028719796125941,0.231894093862109,1
295,9,4.326221529733112,4.616322883151143,3.094726619077452,0.4340761232341329,2
295,10,4.326221529733112,2.466152719913242,1.028719796125941,0.231894093862109,2
296,5,4.326221529733112,7.809511465584909,51.39423185935855,0.5744258567042863,1
296,6,4.326221529733112,6.093163550819702,62.877442529535,0.4481804922296497,1
296,9,4.326221529733112,7.809511465584909,51.39423185935855,0.5744258567042863,2
296,10,4.326221529733112,6.093163550819702,62.877442529535,0.4481804922296497,2
297,5,4.326221529733112,2.08917554219841,16.2235060747426,0.8960523018669262,1
297,6,4.326221529733112,13.72784710601245,47.6192950865943,5.887905899030219,1
297,9,4.326221529733112,2.08917554219841,16.2235060747426,0.8960523018669262,2
297,10,4.326221529733112,13.72784710601245,47.61929508659429,5.887905899030219,2
298,5,4.326221529733112,1.644780576797104,0.8583345764370305,0.7312489836212699,1
298,6,4.326221529733112,0.811744626430993,0.5729811341246535,0.3608915629302902,1
298,9,4.326221529733112,1.644780576797104,0.8583345764370305,0.7312489836212699,2
298,10,4.326221529733112,0.811744626430993,0.5729811341246533,0.3608915629302902,2
299,5,4.326221529733112,1.438530694985257,1.833508082254332,0.8151346276739501,1
299,6,4.326221529733112,0.1207413573479555,0.4957141678151589,0.06841735230938659,1
299,9,4.326221529733112,1.438530694985257,1.833508082254331,0.8151346276739501,2
299,10,4.326221529733112,0.1207413573479555,0.4957141678151585,0.06841735230938659,2
300,5,4.326221529733112,0.2417456939238868,0.687138546909438,0.07381682389738739,1
300,6,4.326221529733112,6.235284872343848,33.05259418282036,1.903938464842994,1
300,9,4.326221529733112,0.2417456939238868,0.6871385469094403,0.07381682389738739,2
300,10,4.326221529733112,6.235284872343848,33.05259418282048,1.903938464842994,2
301,5,4.326221529733112,9.115173593835328,11.8441057242976,9.394226923932546,1
301,6,4.326221529733112,3.522766757780438,3.935838401808492,3.630613282566236,1
301,9,4.326221529733112,9.115173593835328,11.8441057242976,9.394226923932546,2
301,10,4.326221529733112,3.522766757780438,3.935838401808493,3.630613282566236,2
302,5,4.326221529733112,2.108927088795336,1.633810319483043,0.6434262462473949,1
302,6,4.326221529733112,13.74917756789861,4.196123146249875,4.194825775866554,1
302,9,4.326221529733112,2.108927088795336,1.633810319483043,0.6434262462473949,2
302,10,4.326221529733112,13.74917756789861,4.196123146249875,4.194825775866554,2
303,5,4.326221529733112,1.602393395375106,2.264749549314931,0.944784485892845,1
303,6,4.326221529733112,3.487501022940786,3.75745541242098,2.05625963669088,1
303,9,4.326221529733112,1.602393395375106,2.26474954931493,0.944784485892845,2
303,10,4.326221529733112,3.487501022940786,3.75745541242098,2.05625963669088,2
304,5,4.326221529733112,1.177811058699184,2.777522151784181,0.4846894170394918,1
304,6,4.326221529733112,2.693601965229892,10.19199304023544,1.108463328325014,1
304,9,4.326221529733112,1.177811058699184,2.777522151784179,0.4846894170394918,2
304,10,4.326221529733112,2.693601965229892,10.19199304023543,1.108463328325014,2
305,5,4.326221529733112,1.461420736025807,2.589203407904475,0.6188751336251007,1
305,6,4.326221529733112,2.081432529423232,5.196094769238273,0.8814346225040057,1
305,9,4.326221529733112,1.461420736025807,2.589203407904475,0.6188751336251007,2
305,10,4.326221529733112,2.081432529423232,5.196094769238273,0.8814346225040057,2
306,5,4.326221529733112,8.179605680510324,32.93716839522319,1.695686726101541,1
306,6,4.326221529733112,0.9037504710339599,1.211770530300831,0.1873534907791166,1
306,9,4.326221529733112,8.179605680510324,32.93716839522319,1.695686726101541,2
306,10,4.326221529733112,0.9037504710339599,1.211770530300831,0.1873534907791166,2
307,5,4.326221529733112,4.405809088402824,3.062792207193362,1.111887009374548,1
307,6,4.326221529733112,10.15236898295059,4.858598316668947,2.562137160285363,1
307,9,4.326221529733112,4.405809088402824,3.062792207193361,1.111887009374548,2
307,10,4.326221529733112,10.15236898295059,4.858598316668946,2.562137160285363,2
308,5,4.326221529733112,0.1293004190888158,0.3189597528451807,0.1239446049310653,1
308,6,4.326221529733112,0.2283691593760175,1.24918626136376,0.218909771807138,1
308,9,4.326221529733112,0.1293004190888158,0.3189597528451814,0.1239446049310653,2
308,10,4.326221529733112,0.2283691593760175,1.249186261363763,0.218909771807138,2
309,5,4.326221529733112,6.019275460249919,30.87380769439184,7.819476881355514,1
309,6,4.326221529733112,4.72186712483816,8.478038057085346,6.134049033531289,1
309,9,4.326221529733112,6.019275460249919,30.87380769439184,7.819476881355514,2
309,10,4.326221529733112,4.72186712483816,8.478038057085346,6.134049033531289,2
310,5,4.326221529733112,3.380916525475132,3.411415364734891,3.319904396004443,1
310,6,4.326221529733112,3.537546786986594,3.621812513049569,3.473708102727475,1
310,9,4.326221529733112,3.380916525475132,3.411415364734891,3.319904396004443,2
310,10,4.326221529733112,3.537546786986594,3.621812513049569,3.473708102727475,2
311,5,4.326221529733112,0.8235756241369376,0.5319038867209323,0.4164796556156184,1
311,6,4.326221529733112,0.3952325546026304,0.2186513691457877,0.1998678851155692,1
311,9,4.326221529733112,0.8235756241369376,0.5319038867209324,0.4164796556156184,2
311,10,4.326221529733112,0.3952325546026304,0.2186513691457878,0.1998678851155692,2
312,5,4.326221529733112,1.366868974055549,5.146289831159128,3.023455846241303,1
312,6,4.326221529733112,5.630996459029818,24.65318459106459,12.45552389246483,1
312,9,4.326221529733112,1.366868974055549,5.146289831159125,3.023455846241303,2
312,10,4.326221529733112,5.630996459029818,24.65318459106457,12.45552389246483,2
313,5,4.326221529733112,16.81625420603175,24.53656224149006,10.23804525415957,1
313,6,4.326221529733112,0.08360886618971948,0.06938951641209729,0.05090261750397946,1
313,9,4.326221529733112,16.81625420603175,24.53656224149006,10.23804525415957,2
313,10,4.326221529733112,0.08360886618971948,0.06938951641209729,0.05090261750397946,2
314,5,4.326221529733112,1.679952079306225,3.016153257940236,2.817027029493644,1
314,6,4.326221529733112,4.592322318155698,9.013609530018281,7.700633998878121,1
314,9,4.326221529733112,1.679952079306225,3.016153257940236,2.817027029493644,2
314,10,4.326221529733112,4.592322318155698,9.013609530018281,7.700633998878121,2
315,5,4.326221529733112,3.456434987549115,8.043084560055599,4.13909744153547,1
315,6,4.326221529733112,1.144364182590546,6.925607223686512,1.370381586058417,1
315,9,4.326221529733112,3.456434987549115,8.043084560055579,4.13909744153547,2
315,10,4.326221529733112,1.144364182590546,6.925607223686495,1.370381586058417,2
316,5,4.326221529733112,5.605211959917658,20.09600884374041,5.627684825644301,1
316,6,4.326221529733112,1.895260925716218,16.52861416832975,1.902859557954418,1
316,9,4.326221529733112,5.605211959917658,20.09600884374044,5.627684825644301,2
316,10,4.326221529733112,1.895260925716218,16.52861416832978,1.902859557954418,2
317,5,4.326221529733112,2.921611286120352,10.22177193564496,2.228360762224038,1
317,6,4.326221529733112,6.925021226213146,24.46150051474088,5.281827069662509,1
317,9,4.326221529733112,2.921611286120352,10.22177193564496,2.228360762224038,2
317,10,4.326221529733112,6.925021226213146,24.46150051474088,5.281827069662509,2
318,5,4.326221529733112,7.0580303065719,5.592163801291533,2.702210419793486,1
318,6,4.326221529733112,30.97571275520353,13.80028704746169,11.85924261188043,1
318,9,4.326221529733112,7.0580303065719,5.592163801291532,2.702210419793486,2
318,10,4.326221529733112,30.97571275520353,13.80028704746169,11.85924261188043,2
319,5,4.326221529733112,1.483132748365875,0.9795364838288854,0.9793936043694502,1
319,6,4.326221529733112,2.660515644223475,1.822454867723275,1.756883872430373,1
319,9,4.326221529733112,1.483132748365875,0.9795364838288854,0.9793936043694502,2
319,10,4.326221529733112,2.660515644223475,1.822454867723275,1.756883872430373,2
320,5,4.326221529733112,4.373599592463241,3.335463925369681,2.3303114114037,1
320,6,4.326221529733112,6.648560062494221,14.79061501303948,3.542440284138423,1
320,9,4.326221529733112,4.373599592463241,3.33546392536968,2.3303114114037,2
320,10,4.326221529733112,6.648560062494221,14.79061501303948,3.542440284138423,2
321,5,4.326221529733112,9.357610395955437,47.72393442318511,5.883440005364441,1
321,6,4.326221529733112,1.696727034825179,3.987488481892613,1.066788559522476,1
321,9,4.326221529733112,9.357610395955437,47.7239344231852,5.883440005364441,2
321,10,4.326221529733112,1.696727034825179,3.98748848189262,1.066788559522476,2
322,5,4.326221529733112,0.3191014762489096,0.5285911274396919,0.4505708891909688,1
322,6,4.326221529733112,1.729793560701378,2.533846284786191,2.442466365006969,1
322,9,4.326221529733112,0.3191014762489096,0.5285911274396919,0.4505708891909688,2
322,10,4.326221529733112,1.729793560701378,2.533846284786192,2.442466365006969,2
323,5,4.326221529733112,1.27042723539026,1.511886602292751,0.2080219356049203,1
323,6,4.326221529733112,0.09518207015553218,0.08169057023767382,0.01558527550187068,1
323,9,4.326221529733112,1.27042723539026,1.511886602292751,0.2080219356049203,2
323,10,4.326221529733112,0.09518207015553218,0.08169057023767384,0.01558527550187068,2
324,5,4.326221529733112,1.856294732133578,2.311272913168069,2.175841355846489,1
324,6,4.326221529733112,2.467620771622465,3.818767693109493,2.89240239305685,1
324,9,4.326221529733112,1.856294732133578,2.311272913168069,2.175841355846489,2
324,10,4.326221529733112,2.467620771622465,3.818767693109493,2.89240239305685,2
325,5,4.326221529733112,3.17211337779531,6.521568448022234,2.541154156074487,1
325,6,4.326221529733112,5.767988835232133,17.5087195223877,4.620688813786525,1
325,9,4.326221529733112,3.17211337779531,6.521568448022234,2.541154156074487,2
325,10,4.326221529733112,5.767988835232133,17.5087195223877,4.620688813786525,2
326,5,4.326221529733112,16.0121367151026,16.92010535125681,1.064338680934532,1
326,6,4.326221529733112,1.708292216596796,0.9387306070170888,0.1135514589223086,1
326,9,4.326221529733112,16.0121367151026,16.9201053512568,1.064338680934532,2
326,10,4.326221529733112,1.708292216596796,0.9387306070170883,0.1135514589223086,2
327,5,4.326221529733112,4.623050891601237,3.289984194486901,2.985746949545458,1
327,6,4.326221529733112,9.489305557743981,12.4803981911223,6.128564401878251,1
327,9,4.326221529733112,4.623050891601237,3.289984194486901,2.985746949545458,2
327,10,4.326221529733112,9.489305557743981,12.4803981911223,6.128564401878251,2
328,5,4.326221529733112,1.749549101140446,1.707598484804417,1.331747765284514,1
328,6,4.326221529733112,0.3327116053748469,0.3852591068708775,0.2532583604846231,1
328,9,4.326221529733112,1.749549101140446,1.707598484804417,1.331747765284514,2
328,10,4.326221529733112,0.3327116053748469,0.3852591068708776,0.2532583604846231,2
329,5,4.326221529733112,4.676173808840559,28.2985209807083,5.374410217295818,1
329,6,4.326221529733112,0.8196440892218719,2.103240645018563,0.9420316155340647,1
329,9,4.326221529733112,4.676173808840559,28.2985209807083,5.374410217295818,2
329,10,4.326221529733112,0.8196440892218719,2.103240645018562,0.9420316155340647,2
330,5,4.326221529733112,3.548631319860543,15.48242142531359,2.79997824020718,1
330,6,4.326221529733112,1.491029210095906,2.506914482854702,1.176467479283225,1
330,9,4.326221529733112,3.548631319860543,15.48242142531359,2.79997824020718,2
330,10,4.326221529733112,1.491029210095906,2.506914482854702,1.176467479283225,2
331,5,4.326221529733112,4.180617583744047,3.385331812434497,0.7233892113188383,1
331,6,4.326221529733112,4.491930211576994,3.319300192314757,0.7772568975662822,1
331,9,4.326221529733112,4.180617583744047,3.385331812434497,0.7233892113188383,2
331,10,4.326221529733112,4.491930211576994,3.319300192314757,0.7772568975662822,2
332,5,4.326221529733112,1.356202791613773,1.679711609783015,0.4083831284336177,1
332,6,4.326221529733112,6.940867649967831,6.163285781032835,2.090051180004346,1
332,9,4.326221529733112,1.356202791613773,1.679711609783015,0.4083831284336177,2
332,10,4.326221529733112,6.940867649967831,6.163285781032832,2.090051180004346,2
333,5,4.326221529733112,7.536792785074858,16.74834151620651,5.513226455763455,1
333,6,4.326221529733112,1.379982084679692,3.062567338383599,1.009468344784819,1
333,9,4.326221529733112,7.536792785074858,16.74834151620651,5.513226455763455,2
333,10,4.326221529733112,1.379982084679692,3.062567338383601,1.009468344784819,2
334,5,4.326221529733112,2.729569858580668,10.09413416318157,0.5350349770958458,1
334,6,4.326221529733112,6.984335141526299,11.11660247386106,1.369030208451724,1
334,9,4.326221529733112,2.729569858580668,10.09413416318155,0.5350349770958458,2
334,10,4.326221529733112,6.984335141526299,11.11660247386104,1.369030208451724,2
335,5,4.326221529733112,2.115679498976983,3.345177681751221,0.7415496443024816,1
335,6,4.326221529733112,6.256460097623581,9.339380136583005,2.192901033558632,1
335,9,4.326221529733112,2.115679498976983,3.345177681751219,0.7415496443024816,2
335,10,4.326221529733112,6.256460097623581,9.339380136582998,2.192901033558632,2
336,5,4.326221529733112,7.018594368864844,4.054607167222111,1.627909801230182,1
336,6,4.326221529733112,7.548230741736097,1.783348500539714,1.750754946165458,1
336,9,4.326221529733112,7.018594368864844,4.054607167222111,1.627909801230182,2
336,10,4.326221529733112,7.548230741736097,1.783348500539714,1.750754946165458,2
337,5,4.326221529733112,5.385940198861648,9.528131853076802,3.946798267282708,1
337,6,4.326221529733112,0.9861469191541334,2.383206788538444,0.7226450365390874,1
337,9,4.326221529733112,5.385940198861648,9.528131853076793,3.946798267282708,2
337,10,4.326221529733112,0.9861469191541334,2.383206788538441,0.7226450365390874,2
338,5,4.326221529733112,5.253078547885108,6.581204119554302,5.587050348528839,1
338,6,4.326221529733112,2.743708421673825,3.581968446825842,2.918143514101043,1
338,9,4.326221529733112,5.253078547885108,6.581204119554302,5.587050348528839,2
338,10,4.326221529733112,2.743708421673825,3.581968446825841,2.918143514101043,2
339,5,4.326221529733112,1.227817508078774,1.066914290574523,0.8407854627724154,1
339,6,4.326221529733112,0.7497130171823049,4.029151457268501,0.5133888399135668,1
339,9,4.326221529733112,1.227817508078774,1.066914290574523,0.8407854627724154,2
339,10,4.326221529733112,0.7497130171823049,4.029151457268504,0.5133888399135668,2
340,5,4.326221529733112,1.442862476785754,1.386267128094802,1.368786992261456,1
340,6,4.326221529733112,1.407790314632702,1.550485994929251,1.335515408782117,1
340,9,4.326221529733112,1.442862476785754,1.386267128094802,1.368786992261456,2
340,10,4.326221529733112,1.407790314632702,1.550485994929251,1.335515408782117,2
341,5,4.326221529733112,2.221297875851549,3.599399691015188,0.9427176732761886,1
341,6,4.326221529733112,1.826937555947192,3.281548844926367,0.7753513568292473,1
341,9,4.326221529733112,2.221297875851549,3.599399691015188,0.9427176732761886,2
341,10,4.326221529733112,1.826937555947192,3.281548844926367,0.7753513568292473,2
342,5,4.326221529733112,5.548493910517443,6.910507929978627,4.773149747769835,1
342,6,4.326221529733112,7.588288828786601,19.68111264351375,6.527904597763108,1
342,9,4.326221529733112,5.548493910517443,6.910507929978627,4.773149747769835,2
342,10,4.326221529733112,7.588288828786601,19.68111264351375,6.527904597763108,2
343,5,4.326221529733112,12.53447332065844,19.45757136377265,0.9648440188557207,1
343,6,4.326221529733112,0.509872199544719,0.2133502564981651,0.03924753194860928,1
343,9,4.326221529733112,12.53447332065844,19.45757136377266,0.9648440188557207,2
343,10,4.326221529733112,0.509872199544719,0.2133502564981652,0.03924753194860928,2
344,5,4.326221529733112,9.188549038993958,9.287892615964644,5.11657086542998,1
344,6,4.326221529733112,4.061733429129888,6.798769596289305,2.261744138104355,1
344,9,4.326221529733112,9.188549038993958,9.287892615964644,5.11657086542998,2
344,10,4.326221529733112,4.061733429129888,6.798769596289305,2.261744138104355,2
345,5,4.326221529733112,4.655642330129973,16.95791097898142,2.690703821806393,1
345,6,4.326221529733112,5.89604231266566,9.045274337282816,3.407586420793369,1
345,9,4.326221529733112,4.655642330129973,16.95791097898141,2.690703821806393,2
345,10,4.326221529733112,5.89604231266566,9.045274337282809,3.407586420793369,2
346,5,4.326221529733112,2.51740057784412,2.763708298514705,0.2456601877952233,1
346,6,4.326221529733112,2.623546431953062,3.42539708723556,0.2560184163122033,1
346,9,4.326221529733112,2.51740057784412,2.763708298514705,0.2456601877952233,2
346,10,4.326221529733112,2.623546431953062,3.42539708723556,0.2560184163122033,2
347,5,4.326221529733112,11.51517200326591,17.46579397828232,11.90669742792576,1
347,6,4.326221529733112,11.31111513167469,69.12753258438198,11.69570245299733,1
347,9,4.326221529733112,11.51517200326591,17.46579397828232,11.90669742792576,2
347,10,4.326221529733112,11.31111513167469,69.127532584382,11.69570245299733,2
348,5,4.326221529733112,1.328565995948805,1.680346145327139,1.345254308282683,1
348,6,4.326221529733112,0.3569988995682638,0.9725334271554017,0.3614832151062293,1
348,9,4.326221529733112,1.328565995948805,1.680346145327139,1.345254308282683,2
348,10,4.326221529733112,0.3569988995682638,0.9725334271554018,0.3614832151062293,2
349,5,4.326221529733112,2.112775964863134,1.761676935936908,1.559550698835632,1
349,6,4.326221529733112,4.647629360535346,3.842353832272932,3.430658876139497,1
349,9,4.326221529733112,2.112775964863134,1.761676935936908,1.559550698835632,2
349,10,4.326221529733112,4.647629360535346,3.842353832272932,3.430658876139497,2
350,5,4.326221529733112,0.6516246016833986,1.20434517170611,1.057429158259169,1
350,6,4.326221529733112,1.954515741514066,3.175132451184196,3.171706424242223,1
350,9,4.326221529733112,0.6516246016833986,1.20434517170611,1.057429158259169,2
350,10,4.326221529733112,1.954515741514066,3.175132451184196,3.171706424242223,2
351,5,4.326221529733112,7.063975899929135,2.887373056564341,2.78513945360551,1
351,6,4.326221529733112,1.731849848909774,5.523637142472253,0.6828227347105956,1
351,9,4.326221529733112,7.063975899929135,2.887373056564341,2.78513945360551,2
351,10,4.326221529733112,1.731849848909774,5.523637142472253,0.6828227347105956,2
352,5,4.326221529733112,4.181624232596053,2.12407158948407,2.033972777509516,1
352,6,4.326221529733112,0.1761269600267514,0.1799539388221805,0.08566944855719773,1
352,9,4.326221529733112,4.181624232596053,2.12407158948407,2.033972777509516,2
352,10,4.326221529733112,0.1761269600267514,0.1799539388221805,0.08566944855719773,2
353,5,4.326221529733112,0.001972450170866273,0.001441190744055446,0.001043387882441403,1
353,6,4.326221529733112,4.083349286204476,2.902996985750816,2.160012571131439,1
353,9,4.326221529733112,0.001972450170866273,0.001441190744055446,0.001043387882441403,2
353,10,4.326221529733112,4.083349286204476,2.902996985750816,2.160012571131439,2
354,5,4.326221529733112,0.2505681350610027,0.3895489976955322,0.2101389579111196,1
354,6,4.326221529733112,3.794864307410087,9.058046584823721,3.182562821801397,1
354,9,4.326221529733112,0.2505681350610027,0.3895489976955325,0.2101389579111196,2
354,10,4.326221529733112,3.794864307410087,9.058046584823728,3.182562821801397,2
355,5,4.326221529733112,5.148079843453134,7.390158393443663,3.276800010059211,1
355,6,4.326221529733112,0.4491839251028596,0.2862967490532233,0.2859096857573604,1
355,9,4.326221529733112,5.148079843453134,7.390158393443667,3.276800010059211,2
355,10,4.326221529733112,0.4491839251028596,0.2862967490532233,0.2859096857573604,2
356,5,4.326221529733112,3.434634469990255,5.890051158343421,1.268945682861572,1
356,6,4.326221529733112,2.451962375100619,9.25014286320625,0.9058917615858448,1
356,9,4.326221529733112,3.434634469990255,5.890051158343421,1.268945682861572,2
356,10,4.326221529733112,2.451962375100619,9.25014286320625,0.9058917615858448,2
357,5,4.326221529733112,3.75824602774441,7.481074610249233,1.956983328949121,1
357,6,4.326221529733112,1.379102827352035,1.060360287087248,0.7181225556045676,1
357,9,4.326221529733112,3.75824602774441,7.481074610249231,1.956983328949121,2
357,10,4.326221529733112,1.379102827352035,1.060360287087248,0.7181225556045676,2
358,5,4.326221529733112,0.7141065234825172,0.8928453316437004,0.433561658706452,1
358,6,4.326221529733112,12.7464314593104,22.11827480355252,7.738850975812455,1
358,9,4.326221529733112,0.7141065234825172,0.8928453316436998,0.433561658706452,2
358,10,4.326221529733112,12.7464314593104,22.1182748035525,7.738850975812455,2
359,5,4.326221529733112,8.216688761528994,21.79231645957278,12.38760372747294,1
359,6,4.326221529733112,0.4301323401898768,0.7336819327142233,0.6484739942433047,1
359,9,4.326221529733112,8.216688761528994,21.79231645957277,12.38760372747294,2
359,10,4.326221529733112,0.4301323401898768,0.7336819327142232,0.6484739942433047,2
360,5,4.326221529733112,0.476818059623163,1.169528861478508,0.2946902954731045,1
360,6,4.326221529733112,1.073095029048109,5.345447859533435,0.6632103897885685,1
360,9,4.326221529733112,0.476818059623163,1.169528861478506,0.2946902954731045,2
360,10,4.326221529733112,1.073095029048109,5.345447859533425,0.6632103897885685,2
361,5,4.326221529733112,3.185604658017654,5.479700677505408,1.005865810441331,1
361,6,4.326221529733112,7.94560002104948,17.99266431275205,2.508850991443805,1
361,9,4.326221529733112,3.185604658017654,5.47970067750541,1.005865810441331,2
361,10,4.326221529733112,7.94560002104948,17.99266431275206,2.508850991443805,2
362,5,4.326221529733112,3.905469526386464,16.27768774555059,1.670449818064863,1
362,6,4.326221529733112,0.1447712241207576,0.6976399391062158,0.06192163665844886,1
362,9,4.326221529733112,3.905469526386464,16.27768774555054,1.670449818064863,2
362,10,4.326221529733112,0.1447712241207576,0.6976399391062134,0.06192163665844886,2
363,5,4.326221529733112,3.854818481761678,3.500813367145425,3.056433318262213,1
363,6,4.326221529733112,7.376272599062498,23.62078760384534,5.848546551031365,1
363,9,4.326221529733112,3.854818481761678,3.500813367145425,3.056433318262213,2
363,10,4.326221529733112,7.376272599062498,23.62078760384536,5.848546551031365,2
364,5,4.326221529733112,0.3734685986490163,0.3181610546922777,0.218257798829966,1
364,6,4.326221529733112,10.13792557169676,5.925046372623783,5.924678347750532,1
364,9,4.326221529733112,0.3734685986490163,0.3181610546922778,0.218257798829966,2
364,10,4.326221529733112,10.13792557169676,5.925046372623783,5.924678347750532,2
365,5,4.326221529733112,4.039496788312626,10.11654404236168,0.3459134207152441,1
365,6,4.326221529733112,4.113291051068191,1.49497937098046,0.3522326300615151,1
365,9,4.326221529733112,4.039496788312626,10.11654404236168,0.3459134207152441,2
365,10,4.326221529733112,4.113291051068191,1.494979370980461,0.3522326300615151,2
366,5,4.326221529733112,3.067103291318599,4.371041556461038,0.605490157134462,1
366,6,4.326221529733112,1.872198599830735,2.431430668077221,0.3695988418802415,1
366,9,4.326221529733112,3.067103291318599,4.371041556461041,0.605490157134462,2
366,10,4.326221529733112,1.872198599830735,2.431430668077222,0.3695988418802415,2
367,5,4.326221529733112,2.797570719492928,3.564652805761646,2.681288096177302,1
367,6,4.326221529733112,3.841231258553325,19.6135569234924,3.681568289394308,1
367,9,4.326221529733112,2.797570719492928,3.564652805761645,2.681288096177302,2
367,10,4.326221529733112,3.841231258553325,19.61355692349239,3.681568289394308,2
368,5,4.326221529733112,1.168170765105478,0.7268341552755623,0.4969300728913909,1
368,6,4.326221529733112,11.47336876132716,4.890521999086194,4.880675107771004,1
368,9,4.326221529733112,1.168170765105478,0.7268341552755623,0.4969300728913909,2
368,10,4.326221529733112,11.47336876132716,4.890521999086194,4.880675107771004,2
369,5,4.326221529733112,2.809950448686909,3.768759393090541,1.965883817518616,1
369,6,4.326221529733112,8.714649874073492,7.715084099195131,6.096900808620134,1
369,9,4.326221529733112,2.809950448686909,3.768759393090541,1.965883817518616,2
369,10,4.326221529733112,8.714649874073492,7.715084099195131,6.096900808620134,2
370,5,4.326221529733112,8.679660926763711,9.286624333866017,4.395494751399579,1
370,6,4.326221529733112,6.460821319096059,19.39861017885429,3.271845114392719,1
370,9,4.326221529733112,8.679660926763711,9.286624333866019,4.395494751399579,2
370,10,4.326221529733112,6.460821319096059,19.39861017885429,3.271845114392719,2
371,5,4.326221529733112,5.738488007096543,32.66099526472346,3.4573741927626,1
371,6,4.326221529733112,4.799374915225883,9.92367890725124,2.891569164695301,1
371,9,4.326221529733112,5.738488007096543,32.66099526472352,3.4573741927626,2
371,10,4.326221529733112,4.799374915225883,9.923678907251263,2.891569164695301,2
372,5,4.326221529733112,12.93231179997004,34.32833362181907,6.513791026813625,1
372,6,4.326221529733112,10.42927187111317,37.90896206108621,5.253051316812057,1
372,9,4.326221529733112,12.93231179997004,34.32833362181913,6.513791026813625,2
372,10,4.326221529733112,10.42927187111317,37.90896206108628,5.253051316812057,2
373,5,4.326221529733112,2.810330973956179,0.6415032408146514,0.4722334598215464,1
373,6,4.326221529733112,0.8312862250983695,0.6886809728328102,0.1396850313426168,1
373,9,4.326221529733112,2.810330973956179,0.6415032408146513,0.4722334598215464,2
373,10,4.326221529733112,0.8312862250983695,0.6886809728328102,0.1396850313426168,2
374,5,4.326221529733112,10.75147912523674,55.018330462519,8.241361527462702,1
374,6,4.326221529733112,3.421900826415675,12.05851036436033,2.622999262996197,1
374,9,4.326221529733112,10.75147912523674,55.0183304625189,8.241361527462702,2
374,10,4.326221529733112,3.421900826415675,12.05851036436031,2.622999262996197,2
375,5,4.326221529733112,1.38367153204505,1.861852304842322,1.173224621042787,1
375,6,4.326221529733112,7.002320076896436,6.167407621043123,5.937315416538933,1
375,9,4.326221529733112,1.38367153204505,1.861852304842322,1.173224621042787,2
375,10,4.326221529733112,7.002320076896436,6.167407621043123,5.937315416538933,2
376,5,4.326221529733112,2.358581178784821,17.01110929590292,1.713778630455038,1
376,6,4.326221529733112,3.866386590711347,18.02762713350266,2.809371488181258,1
376,9,4.326221529733112,2.358581178784821,17.01110929590298,1.713778630455038,2
376,10,4.326221529733112,3.866386590711347,18.02762713350272,2.809371488181258,2
377,5,4.326221529733112,2.581067016391255,2.049912466073766,1.972003626730588,1
377,6,4.326221529733112,1.676133821213126,1.986991253609504,1.280610675091839,1
377,9,4.326221529733112,2.581067016391255,2.049912466073766,1.972003626730588,2
377,10,4.326221529733112,1.676133821213126,1.986991253609504,1.280610675091839,2
378,5,4.326221529733112,2.712913702782558,6.634242468772927,1.135792312058568,1
378,6,4.326221529733112,9.339729489213026,14.60949053193795,3.910184441058533,1
378,9,4.326221529733112,2.712913702782558,6.634242468772927,1.135792312058568,2
378,10,4.326221529733112,9.339729489213026,14.60949053193795,3.910184441058533,2
379,5,4.326221529733112,3.107470138598049,4.540326528206256,3.024665191787145,1
379,6,4.326221529733112,0.9123028438389508,1.257370761912685,0.887992654170128,1
379,9,4.326221529733112,3.107470138598049,4.540326528206255,3.024665191787145,2
379,10,4.326221529733112,0.9123028438389508,1.257370761912685,0.887992654170128,2
380,5,4.326221529733112,0.6459241703837089,0.6548641614712576,0.6540670645822491,1
380,6,4.326221529733112,1.221170790528733,9.172636707229586,1.236565576792446,1
380,9,4.326221529733112,0.6459241703837089,0.6548641614712576,0.6540670645822491,2
380,10,4.326221529733112,1.221170790528733,9.172636707229582,1.236565576792446,2
381,5,4.326221529733112,3.492247058261764,1.301168634057587,1.196117842506636,1
381,6,4.326221529733112,24.12812972857623,39.35870053718824,8.264044895217028,1
381,9,4.326221529733112,3.492247058261764,1.301168634057587,1.196117842506636,2
381,10,4.326221529733112,24.12812972857623,39.35870053718825,8.264044895217028,2
382,5,4.326221529733112,16.58785158853054,12.20124927930365,12.09165688909808,1
382,6,4.326221529733112,6.647363797950907,6.353596588862173,4.845572787582109,1
382,9,4.326221529733112,16.58785158853054,12.20124927930365,12.09165688909808,2
382,10,4.326221529733112,6.647363797950907,6.353596588862173,4.845572787582109,2
383,5,4.326221529733112,5.598950261301797,7.513421146039388,1.641694980900651,1
383,6,4.326221529733112,4.600901712862359,2.920701606635116,1.349052393236862,1
383,9,4.326221529733112,5.598950261301797,7.51342114603939,1.641694980900651,2
383,10,4.326221529733112,4.600901712862359,2.920701606635116,1.349052393236862,2
384,5,4.326221529733112,0.2028555150034395,0.2946503481802469,0.0821187285509833,1
384,6,4.326221529733112,1.061300312040359,5.007242870987992,0.4296290994801812,1
384,9,4.326221529733112,0.2028555150034395,0.2946503481802468,0.0821187285509833,2
384,10,4.326221529733112,1.061300312040359,5.007242870987987,0.4296290994801812,2
385,5,4.326221529733112,1.672835271264548,1.697333629981499,0.6867829831456619,1
385,6,4.326221529733112,0.2582577825379462,0.8838816100610792,0.10602780402754,1
385,9,4.326221529733112,1.672835271264548,1.697333629981499,0.6867829831456619,2
385,10,4.326221529733112,0.2582577825379462,0.8838816100610789,0.10602780402754,2
386,5,4.326221529733112,24.27783142748039,28.702980357313,13.86256450629862,1
386,6,4.326221529733112,5.097426673369578,3.473923669484857,2.910614413267906,1
386,9,4.326221529733112,24.27783142748039,28.70298035731299,13.86256450629862,2
386,10,4.326221529733112,5.097426673369578,3.473923669484857,2.910614413267906,2
387,5,4.326221529733112,3.620878114741062,6.32799472775624,5.591846543089203,1
387,6,4.326221529733112,2.60387033065897,4.113573477150705,4.021246461699569,1
387,9,4.326221529733112,3.620878114741062,6.32799472775624,5.591846543089203,2
387,10,4.326221529733112,2.60387033065897,4.113573477150705,4.021246461699569,2
388,5,4.326221529733112,6.565271523673794,6.070333794200604,4.824389399068121,1
388,6,4.326221529733112,1.377254820889006,1.302668329906125,1.01205464751202,1
388,9,4.326221529733112,6.565271523673794,6.070333794200604,4.824389399068121,2
388,10,4.326221529733112,1.377254820889006,1.302668329906125,1.01205464751202,2
389,5,4.326221529733112,4.627691671840982,4.830447472834514,4.82983747527889,1
389,6,4.326221529733112,0.4510075977233172,0.8921214688076354,0.4707084117929184,1
389,9,4.326221529733112,4.627691671840982,4.830447472834514,4.82983747527889,2
389,10,4.326221529733112,0.4510075977233172,0.8921214688076354,0.4707084117929184,2
390,5,4.326221529733112,2.88364274572971,1.85822954894526,0.261240497798776,1
390,6,4.326221529733112,1.543126754073288,3.102531244226399,0.1397979004152622,1
390,9,4.326221529733112,2.88364274572971,1.858229548945259,0.261240497798776,2
390,10,4.326221529733112,1.543126754073288,3.102531244226399,0.1397979004152622,2
391,5,4.326221529733112,0.1069744269982864,0.7044216944444875,0.06810232087115548,1
391,6,4.326221529733112,1.180742948105752,8.434987500019389,0.7516874581580142,1
391,9,4.326221529733112,0.1069744269982864,0.7044216944444925,0.06810232087115548,2
391,10,4.326221529733112,1.180742948105752,8.434987500019449,0.7516874581580142,2
392,5,4.326221529733112,1.361970068403407,1.629806127717915,1.51889529115577,1
392,6,4.326221529733112,1.41383993858482,1.621083015060155,1.576741570893597,1
392,9,4.326221529733112,1.361970068403407,1.629806127717915,1.51889529115577,2
392,10,4.326221529733112,1.41383993858482,1.621083015060155,1.576741570893597,2
393,5,4.326221529733112,3.354436315561441,2.870637916015141,1.948398843899409,1
393,6,4.326221529733112,3.33893090529665,6.153626656247681,1.939392644171021,1
393,9,4.326221529733112,3.354436315561441,2.870637916015141,1.948398843899409,2
393,10,4.326221529733112,3.33893090529665,6.153626656247681,1.939392644171021,2
394,5,4.326221529733112,4.335905364139665,3.15584736402294,3.145137926879624,1
394,6,4.326221529733112,2.953891420993215,2.299669319911281,2.142665754858677,1
394,9,4.326221529733112,4.335905364139665,3.15584736402294,3.145137926879624,2
394,10,4.326221529733112,2.953891420993215,2.299669319911281,2.142665754858677,2
395,5,4.326221529733112,4.399344292139558,3.369348536917351,3.347730491917995,1
395,6,4.326221529733112,0.8842039817737017,1.763173609409188,0.6728449592244878,1
395,9,4.326221529733112,4.399344292139558,3.369348536917351,3.347730491917995,2
395,10,4.326221529733112,0.8842039817737017,1.763173609409188,0.6728449592244878,2
396,5,4.326221529733112,5.163138134136622,9.409041541004648,2.031665535601629,1
396,6,4.326221529733112,0.150336463776609,0.4109176861781966,0.0591565447725976,1
396,9,4.326221529733112,5.163138134136622,9.409041541004642,2.031665535601629,2
396,10,4.326221529733112,0.150336463776609,0.4109176861781963,0.0591565447725976,2
397,5,4.326221529733112,5.930551953235928,3.002731266932378,1.864041210258043,1
397,6,4.326221529733112,2.402885600980361,2.875413286162093,0.7552547923164399,1
397,9,4.326221529733112,5.930551953235928,3.002731266932378,1.864041210258043,2
397,10,4.326221529733112,2.402885600980361,2.875413286162092,0.7552547923164399,2
398,5,4.326221529733112,30.06389232535752,21.68972556928213,18.5542041805728,1
398,6,4.326221529733112,1.341587892437261,1.071785305224639,0.8279731517488813,1
398,9,4.326221529733112,30.06389232535752,21.68972556928213,18.5542041805728,2
398,10,4.326221529733112,1.341587892437261,1.071785305224639,0.8279731517488813,2
399,5,4.326221529733112,11.47908060059821,16.00386305095411,12.50457717654371,1
399,6,4.326221529733112,12.49137127894743,14.09879836186722,13.60730198116386,1
399,9,4.326221529733112,11.47908060059821,16.00386305095411,12.50457717654371,2
399,10,4.326221529733112,12.49137127894743,14.09879836186722,13.60730198116386,2
400,5,4.326221529733112,1.515039921360521,19.14613647851305,0.5129541067958969,1
400,6,4.326221529733112,0.1861308822502467,1.071704589088799,0.06301919778197571,1
400,9,4.326221529733112,1.515039921360521,19.14613647851332,0.5129541067958969,2
400,10,4.326221529733112,0.1861308822502467,1.071704589088814,0.06301919778197571,2
401,5,4.326221529733112,8.131901284047439,21.88570009631786,13.50585502004917,1
401,6,4.326221529733112,1.727560949294986,11.95840761101166,2.869216792541242,1
401,9,4.326221529733112,8.131901284047439,21.88570009631784,13.50585502004917,2
401,10,4.326221529733112,1.727560949294986,11.95840761101165,2.869216792541242,2
402,5,4.326221529733112,6.459492661473415,11.43723023024446,5.999246432457594,1
402,6,4.326221529733112,6.372083800533584,24.14325383934149,5.918065552682612,1
402,9,4.326221529733112,6.459492661473415,11.43723023024447,5.999246432457594,2
402,10,4.326221529733112,6.372083800533584,24.1432538393415,5.918065552682612,2
403,5,4.326221529733112,1.998087749840975,1.679544441687787,1.678189702709686,1
403,6,4.326221529733112,1.94919182232289,1.870975519484028,1.637122115927364,1
403,9,4.326221529733112,1.998087749840975,1.679544441687787,1.678189702709686,2
403,10,4.326221529733112,1.94919182232289,1.870975519484028,1.637122115927364,2
404,5,4.326221529733112,0.9082644836944243,1.375243406038767,1.365810127189079,1
404,6,4.326221529733112,8.207840554948877,12.69264771186421,12.34260719598281,1
404,9,4.326221529733112,0.9082644836944243,1.375243406038767,1.365810127189079,2
404,10,4.326221529733112,8.207840554948877,12.69264771186421,12.34260719598281,2
405,5,4.326221529733112,7.302287168440516,5.955523392851366,2.849688017073328,1
405,6,4.326221529733112,2.576013828427207,2.368577967628501,1.005278972102095,1
405,9,4.326221529733112,7.302287168440516,5.955523392851366,2.849688017073328,2
405,10,4.326221529733112,2.576013828427207,2.368577967628501,1.005278972102095,2
406,5,4.326221529733112,2.317781029959977,4.564249328497073,1.427998139769583,1
406,6,4.326221529733112,0.786151788632895,1.038382796855856,0.4843526102048086,1
406,9,4.326221529733112,2.317781029959977,4.564249328497075,1.427998139769583,2
406,10,4.326221529733112,0.786151788632895,1.038382796855857,0.4843526102048086,2
407,5,4.326221529733112,4.897845764064535,6.64304747281579,2.348233095614801,1
407,6,4.326221529733112,1.424437864961884,0.7116211971086125,0.6829353757302818,1
407,9,4.326221529733112,4.897845764064535,6.64304747281579,2.348233095614801,2
407,10,4.326221529733112,1.424437864961884,0.7116211971086124,0.6829353757302818,2
408,5,4.326221529733112,4.403568032431848,3.729696008048697,1.823667456823446,1
408,6,4.326221529733112,3.296439619029262,2.686199228515165,1.365167884845249,1
408,9,4.326221529733112,4.403568032431848,3.729696008048697,1.823667456823446,2
408,10,4.326221529733112,3.296439619029262,2.686199228515165,1.365167884845249,2
409,5,4.326221529733112,1.091039479297415,0.7888208857771145,0.7092860807657222,1
409,6,4.326221529733112,12.3007070198468,10.46012181013609,7.996704462402136,1
409,9,4.326221529733112,1.091039479297415,0.7888208857771145,0.7092860807657222,2
409,10,4.326221529733112,12.3007070198468,10.46012181013609,7.996704462402136,2
410,5,4.326221529733112,3.744006851211039,5.022240846985856,1.441432160738712,1
410,6,4.326221529733112,8.899850259702736,3.566086899125357,3.426417445241796,1
410,9,4.326221529733112,3.744006851211039,5.022240846985856,1.441432160738712,2
410,10,4.326221529733112,8.899850259702736,3.566086899125358,3.426417445241796,2
411,5,4.326221529733112,1.134617789667474,0.9180240655402705,0.4395622387418788,1
411,6,4.326221529733112,9.115995402463513,18.69217275168659,3.531627464295175,1
411,9,4.326221529733112,1.134617789667474,0.9180240655402707,0.4395622387418788,2
411,10,4.326221529733112,9.115995402463513,18.69217275168659,3.531627464295175,2
412,5,4.326221529733112,6.881281770690239,7.36448394094751,1.854189926051578,1
412,6,4.326221529733112,2.651121837925258,1.357695729943042,0.7143557796970257,1
412,9,4.326221529733112,6.881281770690239,7.364483940947512,1.854189926051578,2
412,10,4.326221529733112,2.651121837925258,1.357695729943042,0.7143557796970257,2
413,5,4.326221529733112,1.698196173119379,1.476769837942778,0.569091659877239,1
413,6,4.326221529733112,0.1708938649692663,0.1514625034698207,0.05726916290215887,1
413,9,4.326221529733112,1.698196173119379,1.476769837942778,0.569091659877239,2
413,10,4.326221529733112,0.1708938649692663,0.1514625034698207,0.05726916290215887,2
414,5,4.326221529733112,5.682673426284293,16.29012361290271,5.750446416815907,1
414,6,4.326221529733112,0.5371621996088284,2.360560181323078,0.5435685309140279,1
414,9,4.326221529733112,5.682673426284293,16.29012361290269,5.750446416815907,2
414,10,4.326221529733112,0.5371621996088284,2.360560181323073,0.5435685309140279,2
415,5,4.326221529733112,8.050483327580794,6.468426902980632,4.707373006124765,1
415,6,4.326221529733112,5.027258621048029,3.323018367935482,2.939597607320428,1
415,9,4.326221529733112,8.050483327580794,6.468426902980632,4.707373006124765,2
415,10,4.326221529733112,5.027258621048029,3.323018367935481,2.939597607320428,2
416,5,4.326221529733112,2.249842046238852,1.281511864056052,1.266989121950208,1
416,6,4.326221529733112,2.709462744663882,3.151562351798914,1.525822592549258,1
416,9,4.326221529733112,2.249842046238852,1.281511864056052,1.266989121950208,2
416,10,4.326221529733112,2.709462744663882,3.151562351798914,1.525822592549258,2
417,5,4.326221529733112,0.1720503581157788,0.3379370892819537,0.1202106247224892,1
417,6,4.326221529733112,4.524181766417637,3.726884393638032,3.161020543375908,1
417,9,4.326221529733112,0.1720503581157788,0.3379370892819537,0.1202106247224892,2
417,10,4.326221529733112,4.524181766417637,3.726884393638032,3.161020543375908,2
418,5,4.326221529733112,3.146616654153531,0.9826692286412089,0.3455649748766735,1
418,6,4.326221529733112,1.948908088888525,1.92213259793673,0.2140312751109111,1
418,9,4.326221529733112,3.146616654153531,0.9826692286412086,0.3455649748766735,2
418,10,4.326221529733112,1.948908088888525,1.92213259793673,0.2140312751109111,2
419,5,4.326221529733112,2.404115082262431,3.381716365419537,2.535633396616059,1
419,6,4.326221529733112,5.677177858975077,7.364550692478874,5.987750704595884,1
419,9,4.326221529733112,2.404115082262431,3.381716365419536,2.535633396616059,2
419,10,4.326221529733112,5.677177858975077,7.364550692478873,5.987750704595884,2
420,5,4.326221529733112,0.8533372327073155,2.190568431838009,0.4119115970350504,1
420,6,4.326221529733112,7.922326846130194,11.76981346209275,3.824160224522179,1
420,9,4.326221529733112,0.8533372327073155,2.190568431838011,0.4119115970350504,2
420,10,4.326221529733112,7.922326846130194,11.76981346209276,3.824160224522179,2
421,5,4.326221529733112,8.952843607396726,8.190263002260455,8.173333257130123,1
421,6,4.326221529733112,2.5609372019176,4.486100585167442,2.337960330789385,1
421,9,4.326221529733112,8.952843607396726,8.190263002260455,8.173333257130123,2
421,10,4.326221529733112,2.5609372019176,4.486100585167443,2.337960330789385,2
422,5,4.326221529733112,1.871887624665989,3.131454135819558,0.6268610103982155,1
422,6,4.326221529733112,1.128004495334958,0.7878929749527291,0.3777481235314928,1
422,9,4.326221529733112,1.871887624665989,3.131454135819558,0.6268610103982155,2
422,10,4.326221529733112,1.128004495334958,0.7878929749527289,0.3777481235314928,2
423,5,4.326221529733112,3.061927032604587,5.517441540595952,1.484832665017357,1
423,6,4.326221529733112,12.20613117771241,9.675254806878424,5.919168580166057,1
423,9,4.326221529733112,3.061927032604587,5.517441540595954,1.484832665017357,2
423,10,4.326221529733112,12.20613117771241,9.67525480687843,5.919168580166057,2
424,5,4.326221529733112,9.398276743543867,49.70304255919564,8.942995218127045,1
424,6,4.326221529733112,4.841449235194655,19.78882585502613,4.606914495138004,1
424,9,4.326221529733112,9.398276743543867,49.70304255919556,8.942995218127045,2
424,10,4.326221529733112,4.841449235194655,19.78882585502609,4.606914495138004,2
425,5,4.326221529733112,4.489186648986002,16.69063485193335,4.216671176019918,1
425,6,4.326221529733112,1.657688737329252,9.640152238010636,1.557058965032778,1
425,9,4.326221529733112,4.489186648986002,16.69063485193335,4.216671176019918,2
425,10,4.326221529733112,1.657688737329252,9.640152238010636,1.557058965032778,2
426,5,4.326221529733112,0.418030106234851,0.269520982972386,0.244102767735071,1
426,6,4.326221529733112,1.276706874346081,0.74605583850927,0.7455149209736224,1
426,9,4.326221529733112,0.418030106234851,0.269520982972386,0.244102767735071,2
426,10,4.326221529733112,1.276706874346081,0.74605583850927,0.7455149209736224,2
427,5,4.326221529733112,1.511719301014099,1.65351691130094,0.6646200950863995,1
427,6,4.326221529733112,2.374615225483477,3.581646936162966,1.043988123916744,1
427,9,4.326221529733112,1.511719301014099,1.65351691130094,0.6646200950863995,2
427,10,4.326221529733112,2.374615225483477,3.581646936162967,1.043988123916744,2
428,5,4.326221529733112,6.940430498123723,28.91993044577991,3.873632224945809,1
428,6,4.326221529733112,3.485754653070205,49.30682499700436,1.945489052305591,1
428,9,4.326221529733112,6.940430498123723,28.9199304457797,3.873632224945809,2
428,10,4.326221529733112,3.485754653070205,49.30682499700401,1.945489052305591,2
429,5,4.326221529733112,7.229201563737758,11.95648093830632,7.70030560028843,1
429,6,4.326221529733112,5.113087331780559,11.42968322079072,5.446290944932063,1
429,9,4.326221529733112,7.229201563737758,11.95648093830632,7.70030560028843,2
429,10,4.326221529733112,5.113087331780559,11.42968322079072,5.446290944932063,2
430,5,4.326221529733112,2.40270075913016,30.18041656041428,0.392002429979537,1
430,6,4.326221529733112,8.102047097421535,38.00912893470405,1.321855057451141,1
430,9,4.326221529733112,2.40270075913016,30.1804165604145,0.392002429979537,2
430,10,4.326221529733112,8.102047097421535,38.00912893470431,1.321855057451141,2
431,5,4.326221529733112,6.492957052873777,1.689513902343771,0.7809502193304101,1
431,6,4.326221529733112,0.4797965602423037,0.0680585889952717,0.05770825617726252,1
431,9,4.326221529733112,6.492957052873777,1.689513902343771,0.7809502193304101,2
431,10,4.326221529733112,0.4797965602423037,0.0680585889952717,0.05770825617726252,2
432,5,4.326221529733112,6.22285012959579,5.308718690225628,5.24765562282505,1
432,6,4.326221529733112,0.09020443050488869,0.1032601627159651,0.07606832513793131,1
432,9,4.326221529733112,6.22285012959579,5.308718690225629,5.24765562282505,2
432,10,4.326221529733112,0.09020443050488869,0.1032601627159651,0.07606832513793131,2
433,5,4.326221529733112,2.829409397460164,5.055473893560255,4.083766566693045,1
433,6,4.326221529733112,4.618795489483606,7.438460640531573,6.666438096684576,1
433,9,4.326221529733112,2.829409397460164,5.055473893560255,4.083766566693045,2
433,10,4.326221529733112,4.618795489483606,7.438460640531573,6.666438096684576,2
434,5,4.326221529733112,0.8138781718513304,2.217566850776165,0.8819700072816234,1
434,6,4.326221529733112,4.156049013176918,6.004955806771231,4.503758308293839,1
434,9,4.326221529733112,0.8138781718513304,2.217566850776167,0.8819700072816234,2
434,10,4.326221529733112,4.156049013176918,6.004955806771235,4.503758308293839,2
435,5,4.326221529733112,11.78795180065932,12.52988723405091,4.786689149986087,1
435,6,4.326221529733112,2.116759453092552,1.235990834356846,0.8595445314496353,1
435,9,4.326221529733112,11.78795180065932,12.52988723405091,4.786689149986087,2
435,10,4.326221529733112,2.116759453092552,1.235990834356846,0.8595445314496353,2
436,5,4.326221529733112,0.2564115842859686,0.2323927579098496,0.2300116240337691,1
436,6,4.326221529733112,3.492760399491522,3.460880139356667,3.133148192524326,1
436,9,4.326221529733112,0.2564115842859686,0.2323927579098496,0.2300116240337691,2
436,10,4.326221529733112,3.492760399491522,3.460880139356667,3.133148192524326,2
437,5,4.326221529733112,1.249600712908873,4.048231836977346,0.7893013603861545,1
437,6,4.326221529733112,2.783674580262196,2.423264952266817,1.758288155869143,1
437,9,4.326221529733112,1.249600712908873,4.048231836977346,0.7893013603861545,2
437,10,4.326221529733112,2.783674580262196,2.423264952266817,1.758288155869143,2
438,5,4.326221529733112,0.5916948092543808,0.9263831048277376,0.3593983946860277,1
438,6,4.326221529733112,2.923380188214894,4.236626932555208,1.775675788039021,1
438,9,4.326221529733112,0.5916948092543808,0.9263831048277377,0.3593983946860277,2
438,10,4.326221529733112,2.923380188214894,4.236626932555208,1.775675788039021,2
439,5,4.326221529733112,2.390222123821376,3.892383141257729,1.801732861015859,1
439,6,4.326221529733112,0.8581366341729878,1.135233608472809,0.6468574437588803,1
439,9,4.326221529733112,2.390222123821376,3.892383141257731,1.801732861015859,2
439,10,4.326221529733112,0.8581366341729878,1.13523360847281,0.6468574437588803,2
440,5,4.326221529733112,5.841679232851894,10.2509462802563,0.9683114247776817,1
440,6,4.326221529733112,6.162702214319303,26.13982803249164,1.021523901563972,1
440,9,4.326221529733112,5.841679232851894,10.2509462802563,0.9683114247776817,2
440,10,4.326221529733112,6.162702214319303,26.13982803249161,1.021523901563972,2
441,5,4.326221529733112,1.192653623967668,3.222787182047917,1.088657844653539,1
441,6,4.326221529733112,3.195424047862379,19.82950908256804,2.916792760941839,1
441,9,4.326221529733112,1.192653623967668,3.222787182047917,1.088657844653539,2
441,10,4.326221529733112,3.195424047862379,19.82950908256804,2.916792760941839,2
442,5,4.326221529733112,0.3039580659247766,0.9635107926882848,0.1319845200784346,1
442,6,4.326221529733112,6.130586923808275,16.45119276998133,2.662020402308417,1
442,9,4.326221529733112,0.3039580659247766,0.9635107926882832,0.1319845200784346,2
442,10,4.326221529733112,6.130586923808275,16.4511927699813,2.662020402308417,2
443,5,4.326221529733112,2.967350889875283,2.907905045063874,1.660642961349007,1
443,6,4.326221529733112,0.2440331519096052,0.9003992945469633,0.1365702780339307,1
443,9,4.326221529733112,2.967350889875283,2.907905045063873,1.660642961349007,2
443,10,4.326221529733112,0.2440331519096052,0.9003992945469625,0.1365702780339307,2
444,5,4.326221529733112,4.914109332033327,3.675330867051771,3.626437864604239,1
444,6,4.326221529733112,4.280360475857834,7.536888329953531,3.158753754748775,1
444,9,4.326221529733112,4.914109332033327,3.675330867051771,3.626437864604239,2
444,10,4.326221529733112,4.280360475857834,7.536888329953529,3.158753754748775,2
445,5,4.326221529733112,0.5138694153369012,0.7244185857942609,0.1005760864592277,1
445,6,4.326221529733112,0.1194897953497649,0.3254270039245912,0.02338690653580599,1
445,9,4.326221529733112,0.5138694153369012,0.7244185857942601,0.1005760864592277,2
445,10,4.326221529733112,0.1194897953497649,0.325427003924591,0.02338690653580599,2
446,5,4.326221529733112,3.348290405859468,5.911598976521979,0.161929910145037,1
446,6,4.326221529733112,3.224238960765911,0.4642804198814732,0.1559305382499921,1
446,9,4.326221529733112,3.348290405859468,5.911598976521978,0.161929910145037,2
446,10,4.326221529733112,3.224238960765911,0.4642804198814731,0.1559305382499921,2
447,5,4.326221529733112,9.125058009064206,11.35775182285506,11.32082741523737,1
447,6,4.326221529733112,2.827916955306331,4.872454401406235,3.508400687847205,1
447,9,4.326221529733112,9.125058009064206,11.35775182285506,11.32082741523737,2
447,10,4.326221529733112,2.827916955306331,4.872454401406235,3.508400687847205,2
448,5,4.326221529733112,1.237361090927178,2.782048923335636,0.3258395513905098,1
448,6,4.326221529733112,0.6230752133982632,1.579824823035684,0.1640770422675144,1
448,9,4.326221529733112,1.237361090927178,2.782048923335638,0.3258395513905098,2
448,10,4.326221529733112,0.6230752133982632,1.579824823035685,0.1640770422675144,2
449,5,4.326221529733112,0.435072764980749,0.1777448178130784,0.1775853632643771,1
449,6,4.326221529733112,2.21965275365515,3.99127568860001,0.9060044027257519,1
449,9,4.326221529733112,0.435072764980749,0.1777448178130784,0.1775853632643771,2
449,10,4.326221529733112,2.21965275365515,3.99127568860001,0.9060044027257519,2
450,5,4.326221529733112,7.603928838299981,9.867520468261826,9.201940552105675,1
450,6,4.326221529733112,9.5703305886575,19.21426670099142,11.58159354375465,1
450,9,4.326221529733112,7.603928838299981,9.867520468261826,9.201940552105675,2
450,10,4.326221529733112,9.5703305886575,19.21426670099142,11.58159354375465,2
451,5,4.326221529733112,0.5856513092278408,3.930795378641933,0.1875282878419124,1
451,6,4.326221529733112,2.654875390276885,3.420613183088426,0.8501035147153834,1
451,9,4.326221529733112,0.5856513092278408,3.930795378641947,0.1875282878419124,2
451,10,4.326221529733112,2.654875390276885,3.420613183088439,0.8501035147153834,2
452,5,4.326221529733112,4.42607161718314,27.80388755302598,2.528361659226415,1
452,6,4.326221529733112,0.08958005223084954,0.2217397188858066,0.05117196220067581,1
452,9,4.326221529733112,4.42607161718314,27.80388755302607,2.528361659226415,2
452,10,4.326221529733112,0.08958005223084954,0.2217397188858074,0.05117196220067581,2
453,5,4.326221529733112,0.21850857188888,0.1349010088904292,0.09916891362128225,1
453,6,4.326221529733112,2.418246100303353,1.549047846599919,1.097507693006849,1
453,9,4.326221529733112,0.21850857188888,0.1349010088904292,0.09916891362128225,2
453,10,4.326221529733112,2.418246100303353,1.549047846599919,1.097507693006849,2
454,5,4.326221529733112,6.504647410435537,11.10163828452015,4.515934090293832,1
454,6,4.326221529733112,0.7140748450494973,1.267012625113787,0.4957555317459384,1
454,9,4.326221529733112,6.504647410435537,11.10163828452015,4.515934090293832,2
454,10,4.326221529733112,0.7140748450494973,1.267012625113787,0.4957555317459384,2
455,5,4.326221529733112,4.110657257205165,3.616599681444086,3.541976990528105,1
455,6,4.326221529733112,5.180733039929724,5.191653297008581,4.464015380833767,1
455,9,4.326221529733112,4.110657257205165,3.616599681444086,3.541976990528105,2
455,10,4.326221529733112,5.180733039929724,5.191653297008581,4.464015380833767,2
456,5,4.326221529733112,3.771314698873681,5.776446528297479,4.568572868762057,1
456,6,4.326221529733112,0.2461598374979332,0.4740015379527667,0.2981981735196484,1
456,9,4.326221529733112,3.771314698873681,5.776446528297478,4.568572868762057,2
456,10,4.326221529733112,0.2461598374979332,0.4740015379527666,0.2981981735196484,2
457,5,4.326221529733112,2.555819123286257,4.497258600836329,1.444080110113829,1
457,6,4.326221529733112,1.406318354918784,4.929888105548548,0.7945931487573268,1
457,9,4.326221529733112,2.555819123286257,4.497258600836332,1.444080110113829,2
457,10,4.326221529733112,1.406318354918784,4.929888105548551,0.7945931487573268,2
458,5,4.326221529733112,4.964701422050092,10.30203924672942,1.296291979385773,1
458,6,4.326221529733112,11.65497743447741,6.067456304277735,3.043134417134101,1
458,9,4.326221529733112,4.964701422050092,10.30203924672943,1.296291979385773,2
458,10,4.326221529733112,11.65497743447741,6.06745630427774,3.043134417134101,2
459,5,4.326221529733112,9.234777840600312,9.41117180632396,8.983992992708368,1
459,6,4.326221529733112,2.331372510274427,3.093076840531006,2.2680604403513,1
459,9,4.326221529733112,9.234777840600312,9.41117180632396,8.983992992708368,2
459,10,4.326221529733112,2.331372510274427,3.093076840531006,2.2680604403513,2
460,5,4.326221529733112,1.873346984495557,4.322823278688578,1.892472711063056,1
460,6,4.326221529733112,7.342114198008644,31.23040537084265,7.417072691945251,1
460,9,4.326221529733112,1.873346984495557,4.322823278688574,1.892472711063056,2
460,10,4.326221529733112,7.342114198008644,31.23040537084262,7.417072691945251,2
461,5,4.326221529733112,1.074138430955385,1.619108237491992,0.7987224836386018,1
461,6,4.326221529733112,2.298234104164798,4.555242734505579,1.708952215804007,1
461,9,4.326221529733112,1.074138430955385,1.619108237491992,0.7987224836386018,2
461,10,4.326221529733112,2.298234104164798,4.555242734505579,1.708952215804007,2
462,5,4.326221529733112,5.288933102729072,3.938737796384428,3.330227669168547,1
462,6,4.326221529733112,0.1682223812633029,0.1621185945374779,0.1059228426178052,1
462,9,4.326221529733112,5.288933102729072,3.938737796384428,3.330227669168547,2
462,10,4.326221529733112,0.1682223812633029,0.1621185945374778,0.1059228426178052,2
463,5,4.326221529733112,1.369848892062766,2.546886348640645,0.2127836982026785,1
463,6,4.326221529733112,1.29943428572925,1.258443217638927,0.2018459367970615,1
463,9,4.326221529733112,1.369848892062766,2.546886348640642,0.2127836982026785,2
463,10,4.326221529733112,1.29943428572925,1.258443217638926,0.2018459367970615,2
464,5,4.326221529733112,3.699825878289539,7.48608137402763,0.7100939763923237,1
464,6,4.326221529733112,0.5411808107078924,3.490835723318732,0.1038668430527463,1
464,9,4.326221529733112,3.699825878289539,7.486081374027618,0.7100939763923237,2
464,10,4.326221529733112,0.5411808107078924,3.490835723318725,0.1038668430527463,2
465,5,4.326221529733112,0.1689323886518873,0.1970519828981652,0.1646493775083358,1
465,6,4.326221529733112,5.260291762196155,17.49429912552001,5.126925458578412,1
465,9,4.326221529733112,0.1689323886518873,0.1970519828981652,0.1646493775083358,2
465,10,4.326221529733112,5.260291762196155,17.49429912552001,5.126925458578412,2
466,5,4.326221529733112,3.719543683659364,7.346892121219978,2.822664112459692,1
466,6,4.326221529733112,1.388908566396949,1.178955871981816,1.054006270467972,1
466,9,4.326221529733112,3.719543683659364,7.346892121219978,2.822664112459692,2
466,10,4.326221529733112,1.388908566396949,1.178955871981816,1.054006270467972,2
467,5,4.326221529733112,10.37424552248133,9.180894959735626,8.351910143800902,1
467,6,4.326221529733112,2.611899348890461,2.133969028742492,2.102740736115488,1
467,9,4.326221529733112,10.37424552248133,9.180894959735626,8.351910143800902,2
467,10,4.326221529733112,2.611899348890461,2.133969028742492,2.102740736115488,2
468,5,4.326221529733112,7.645825970257488,5.20445834037058,5.011330583232533,1
468,6,4.326221529733112,0.4213002547358836,0.3858226468742676,0.2761343064169284,1
468,9,4.326221529733112,7.645825970257488,5.20445834037058,5.011330583232533,2
468,10,4.326221529733112,0.4213002547358836,0.3858226468742676,0.2761343064169284,2
469,5,4.326221529733112,2.027156805737871,3.695807305138978,2.188619592971973,1
469,6,4.326221529733112,0.3580229760179877,0.4097351582807823,0.3865394614906892,1
469,9,4.326221529733112,2.027156805737871,3.695807305138978,2.188619592971973,2
469,10,4.326221529733112,0.3580229760179877,0.4097351582807823,0.3865394614906892,2
470,5,4.326221529733112,0.352060482025794,2.584995662158759,0.3023571095190878,1
470,6,4.326221529733112,0.04803084408744817,0.1092189017569352,0.04124992132737804,1
470,9,4.326221529733112,0.352060482025794,2.584995662158763,0.3023571095190878,2
470,10,4.326221529733112,0.04803084408744817,0.1092189017569354,0.04124992132737804,2
471,5,4.326221529733112,4.836864232795515,2.284477723229334,2.265758976420463,1
471,6,4.326221529733112,0.2803723901556319,0.148743998465415,0.1313363843103841,1
471,9,4.326221529733112,4.836864232795515,2.284477723229334,2.265758976420463,2
471,10,4.326221529733112,0.2803723901556319,0.148743998465415,0.1313363843103841,2
472,5,4.326221529733112,0.5188126338197302,1.825168841197566,0.5602272219401246,1
472,6,4.326221529733112,1.677628392798422,2.056245300724029,1.811546274472382,1
472,9,4.326221529733112,0.5188126338197302,1.825168841197566,0.5602272219401246,2
472,10,4.326221529733112,1.677628392798422,2.056245300724029,1.811546274472382,2
473,5,4.326221529733112,6.438284931566021,16.11368277524419,0.8331410869784561,1
473,6,4.326221529733112,0.7934798878348688,3.905375396951162,0.1026796271480777,1
473,9,4.326221529733112,6.438284931566021,16.11368277524416,0.8331410869784561,2
473,10,4.326221529733112,0.7934798878348688,3.905375396951155,0.1026796271480777,2
474,5,4.326221529733112,0.773106887387863,0.7031556249131029,0.3787107482781983,1
474,6,4.326221529733112,2.564194059124036,9.042615257051459,1.256084852823443,1
474,9,4.326221529733112,0.773106887387863,0.7031556249131029,0.3787107482781983,2
474,10,4.326221529733112,2.564194059124036,9.042615257051459,1.256084852823443,2
475,5,4.326221529733112,9.894849665268877,53.1579904136277,4.338465994226515,1
475,6,4.326221529733112,12.95229645283367,53.61964475190473,5.679024907775858,1
475,9,4.326221529733112,9.894849665268877,53.15799041362807,4.338465994226515,2
475,10,4.326221529733112,12.95229645283367,53.61964475190511,5.679024907775858,2
476,5,4.326221529733112,2.580297427584414,8.318770173752267,2.090220049545245,1
476,6,4.326221529733112,1.304466173538358,3.761506531814786,1.056708161134747,1
476,9,4.326221529733112,2.580297427584414,8.318770173752275,2.090220049545245,2
476,10,4.326221529733112,1.304466173538358,3.76150653181479,1.056708161134747,2
477,5,4.326221529733112,0.002883485848314784,0.001544176902126671,0.0006352655567710527,1
477,6,4.326221529733112,0.2458331555262512,0.4123845594192721,0.0541599108278752,1
477,9,4.326221529733112,0.002883485848314784,0.001544176902126671,0.0006352655567710527,2
477,10,4.326221529733112,0.2458331555262512,0.4123845594192721,0.0541599108278752,2
478,5,4.326221529733112,0.9808894957613193,1.229478466471488,1.222275346654573,1
478,6,4.326221529733112,2.051036399685703,2.886645363911507,2.555773343745751,1
478,9,4.326221529733112,0.9808894957613193,1.229478466471488,1.222275346654573,2
478,10,4.326221529733112,2.051036399685703,2.886645363911507,2.555773343745751,2
479,5,4.326221529733112,0.5813456836593367,1.168642498798345,0.7867016244391144,1
479,6,4.326221529733112,6.502535216666053,23.21300628917858,8.799506320788993,1
479,9,4.326221529733112,0.5813456836593367,1.168642498798345,0.7867016244391144,2
479,10,4.326221529733112,6.502535216666053,23.21300628917858,8.799506320788993,2
480,5,4.326221529733112,8.175431288308777,8.124838170516503,7.982255798238137,1
480,6,4.326221529733112,3.498067134369332,4.086474731956497,3.415412065890176,1
480,9,4.326221529733112,8.175431288308777,8.124838170516503,7.982255798238137,2
480,10,4.326221529733112,3.498067134369332,4.086474731956497,3.415412065890176,2
481,5,4.326221529733112,6.014379174566916,6.345969196115846,1.109793033410304,1
481,6,4.326221529733112,1.72442845827638,1.653672167261655,0.3181972127235234,1
481,9,4.326221529733112,6.014379174566916,6.345969196115846,1.109793033410304,2
481,10,4.326221529733112,1.72442845827638,1.653672167261655,0.3181972127235234,2
482,5,4.326221529733112,11.72289223405832,18.69506187585905,4.624268454930077,1
482,6,4.326221529733112,3.441203147974081,5.307553157859064,1.357433545106787,1
482,9,4.326221529733112,11.72289223405832,18.69506187585904,4.624268454930077,2
482,10,4.326221529733112,3.441203147974081,5.307553157859063,1.357433545106787,2
483,5,4.326221529733112,4.372403701714469,1.771654377555859,0.8540924408339896,1
483,6,4.326221529733112,11.23207274098273,8.900741999891631,2.194039955461855,1
483,9,4.326221529733112,4.372403701714469,1.771654377555859,0.8540924408339896,2
483,10,4.326221529733112,11.23207274098273,8.900741999891629,2.194039955461855,2
484,5,4.326221529733112,28.28213775138524,22.31270159002746,22.13121750323824,1
484,6,4.326221529733112,4.005717759214486,7.115353265686475,3.134537133120986,1
484,9,4.326221529733112,28.28213775138524,22.31270159002746,22.13121750323824,2
484,10,4.326221529733112,4.005717759214486,7.115353265686475,3.134537133120986,2
485,5,4.326221529733112,9.815604014000098,7.467071399816477,7.159008610371211,1
485,6,4.326221529733112,1.904958208800525,2.110558824848933,1.389380847041997,1
485,9,4.326221529733112,9.815604014000098,7.467071399816477,7.159008610371211,2
485,10,4.326221529733112,1.904958208800525,2.110558824848933,1.389380847041997,2
486,5,4.326221529733112,2.164558967974561,1.734984287031991,1.729980268487791,1
486,6,4.326221529733112,1.482392090498437,1.713556616243773,1.184772096610676,1
486,9,4.326221529733112,2.164558967974561,1.734984287031991,1.729980268487791,2
486,10,4.326221529733112,1.482392090498437,1.713556616243772,1.184772096610676,2
487,5,4.326221529733112,5.731916421087235,2.068234881064654,1.918151112003852,1
487,6,4.326221529733112,8.708976203621544,9.189406576168434,2.914406136128396,1
487,9,4.326221529733112,5.731916421087235,2.068234881064655,1.918151112003852,2
487,10,4.326221529733112,8.708976203621544,9.189406576168434,2.914406136128396,2
488,5,4.326221529733112,3.05983592126404,5.596905340032615,4.060473932653068,1
488,6,4.326221529733112,16.56083180535612,34.96650988283563,21.97661168083845,1
488,9,4.326221529733112,3.05983592126404,5.596905340032615,4.060473932653068,2
488,10,4.326221529733112,16.56083180535612,34.96650988283563,21.97661168083845,2
489,5,4.326221529733112,3.898267874669751,20.90867953803091,2.252071712414564,1
489,6,4.326221529733112,0.3265720154609075,1.158644187439338,0.1886642020843751,1
489,9,4.326221529733112,3.898267874669751,20.90867953803091,2.252071712414564,2
489,10,4.326221529733112,0.3265720154609075,1.158644187439338,0.1886642020843751,2
490,5,4.326221529733112,3.95286782685156,2.121606613138538,2.106281405460819,1
490,6,4.326221529733112,8.80018150458093,12.6413552880761,4.689167328557653,1
490,9,4.326221529733112,3.95286782685156,2.121606613138538,2.106281405460819,2
490,10,4.326221529733112,8.80018150458093,12.6413552880761,4.689167328557653,2
491,5,4.326221529733112,10.99595541884453,8.910540983272929,2.284037597359194,1
491,6,4.326221529733112,3.321599295570786,2.531088488492825,0.6899498393239856,1
491,9,4.326221529733112,10.99595541884453,8.910540983272929,2.284037597359194,2
491,10,4.326221529733112,3.321599295570786,2.531088488492825,0.6899498393239856,2
492,5,4.326221529733112,2.091138569405106,3.096848404062196,1.595299778874789,1
492,6,4.326221529733112,9.747853390161161,45.39652354638859,7.436498271968601,1
492,9,4.326221529733112,2.091138569405106,3.096848404062195,1.595299778874789,2
492,10,4.326221529733112,9.747853390161161,45.39652354638855,7.436498271968601,2
493,5,4.326221529733112,0.7440532584767678,0.4001687327940816,0.1825466431931493,1
493,6,4.326221529733112,8.589922079174523,7.228907565416927,2.107458603237859,1
493,9,4.326221529733112,0.7440532584767678,0.4001687327940818,0.1825466431931493,2
493,10,4.326221529733112,8.589922079174523,7.228907565416928,2.107458603237859,2
494,5,4.326221529733112,3.911336702278644,2.866587042196856,2.709620222248027,1
494,6,4.326221529733112,0.9613316702812504,0.7131451720077748,0.6659727689932788,1
494,9,4.326221529733112,3.911336702278644,2.866587042196856,2.709620222248027,2
494,10,4.326221529733112,0.9613316702812504,0.7131451720077748,0.6659727689932788,2
495,5,4.326221529733112,24.3386873059728,40.74284443247589,15.4867949449989,1
495,6,4.326221529733112,4.965961316170521,3.159970077436729,3.15985918391977,1
495,9,4.326221529733112,24.3386873059728,40.7428444324759,15.4867949449989,2
495,10,4.326221529733112,4.965961316170521,3.159970077436729,3.15985918391977,2
496,5,4.326221529733112,0.4632149621390759,0.4727941606882581,0.4258428503498581,1
496,6,4.326221529733112,4.245783888790914,4.45826750609942,3.903234698687003,1
496,9,4.326221529733112,0.4632149621390759,0.4727941606882581,0.4258428503498581,2
496,10,4.326221529733112,4.245783888790914,4.45826750609942,3.903234698687003,2
497,5,4.326221529733112,2.03714404165776,7.980252521145344,2.324514047782464,1
497,6,4.326221529733112,2.350367473930203,6.746445455151492,2.681922386870471,1
497,9,4.326221529733112,2.03714404165776,7.980252521145356,2.324514047782464,2
497,10,4.326221529733112,2.350367473930203,6.746445455151504,2.681922386870471,2
498,5,4.326221529733112,7.634559969948564,7.412038111250862,2.371063041310273,1
498,6,4.326221529733112,3.217012538423225,1.020079484995297,0.9991066365725912,1
498,9,4.326221529733112,7.634559969948564,7.412038111250863,2.371063041310273,2
498,10,4.326221529733112,3.217012538423225,1.020079484995297,0.9991066365725912,2
499,5,4.326221529733112,9.868226515129292,5.799895747862737,4.096093365313756,1
499,6,4.326221529733112,13.59872139493571,5.856236759952887,5.644543363201931,1
499,9,4.326221529733112,9.868226515129292,5.799895747862738,4.096093365313756,2
499,10,4.326221529733112,13.59872139493571,5.856236759952887,5.644543363201931,2
500,5,4.326221529733112,15.91820234781395,10.4211885806662,4.750291678866456,1
500,6,4.326221529733112,6.438049133577769,2.260117044396089,1.921235234930142,1
500,9,4.326221529733112,15.91820234781395,10.4211885806662,4.750291678866456,2
500,10,4.326221529733112,6.438049133577769,2.260117044396089,1.921235234930142,2
501,5,4.326221529733112,6.160161484782182,5.383406692782389,5.167273136897715,1
501,6,4.326221529733112,2.496620075692167,2.121879146243834,2.094217478232202,1
501,9,4.326221529733112,6.160161484782182,5.383406692782389,5.167273136897715,2
501,10,4.326221529733112,2.496620075692167,2.121879146243834,2.094217478232202,2
502,5,4.326221529733112,4.358497631640425,5.597155679558369,3.483144212467476,1
502,6,4.326221529733112,0.05285237314731388,0.09988504677618143,0.04223759038133289,1
502,9,4.326221529733112,4.358497631640425,5.597155679558367,3.483144212467476,2
502,10,4.326221529733112,0.05285237314731388,0.09988504677618137,0.04223759038133289,2
503,5,4.326221529733112,5.986320005108958,6.906790894342565,4.455080955761174,1
503,6,4.326221529733112,2.259015033378444,2.027268141317635,1.681182236397889,1
503,9,4.326221529733112,5.986320005108958,6.906790894342565,4.455080955761174,2
503,10,4.326221529733112,2.259015033378444,2.027268141317635,1.681182236397889,2
504,5,4.326221529733112,2.078927027237338,7.661138246354823,1.884917734705145,1
504,6,4.326221529733112,1.5014455625669,3.486993096640996,1.361327902084943,1
504,9,4.326221529733112,2.078927027237338,7.661138246354831,1.884917734705145,2
504,10,4.326221529733112,1.5014455625669,3.486993096640999,1.361327902084943,2
505,5,4.326221529733112,9.422184063881298,22.15115499425885,4.815798008424683,1
505,6,4.326221529733112,4.875407798254272,24.11626254419377,2.491882880434767,1
505,9,4.326221529733112,9.422184063881298,22.15115499425877,4.815798008424683,2
505,10,4.326221529733112,4.875407798254272,24.11626254419369,2.491882880434767,2
506,5,4.326221529733112,2.300040717220671,3.256065266029588,2.660453661875987,1
506,6,4.326221529733112,0.4281722655912373,0.6154067083275885,0.4952662200182493,1
506,9,4.326221529733112,2.300040717220671,3.256065266029588,2.660453661875987,2
506,10,4.326221529733112,0.4281722655912373,0.6154067083275885,0.4952662200182493,2
507,5,4.326221529733112,4.432370452041657,5.283484321751756,3.294073452987692,1
507,6,4.326221529733112,8.562227446207114,9.10940078976939,6.363323290363001,1
507,9,4.326221529733112,4.432370452041657,5.283484321751755,3.294073452987692,2
507,10,4.326221529733112,8.562227446207114,9.109400789769388,6.363323290363001,2
508,5,4.326221529733112,0.5671946714743593,0.603106994759514,0.2173782355445499,1
508,6,4.326221529733112,0.2417078876014833,0.3228538960055029,0.09263492195269336,1
508,9,4.326221529733112,0.5671946714743593,0.6031069947595137,0.2173782355445499,2
508,10,4.326221529733112,0.2417078876014833,0.3228538960055028,0.09263492195269336,2
509,5,4.326221529733112,3.47747969361304,1.953745200715082,1.449087267819669,1
509,6,4.326221529733112,5.451770326280641,8.030833182803615,2.271786369133993,1
509,9,4.326221529733112,3.47747969361304,1.953745200715082,1.449087267819669,2
509,10,4.326221529733112,5.451770326280641,8.030833182803612,2.271786369133993,2
510,5,4.326221529733112,0.02765798175273438,0.04937620229188524,0.0278195292659966,1
510,6,4.326221529733112,8.317481757776623,28.28043805156389,8.366063339273975,1
510,9,4.326221529733112,0.02765798175273438,0.04937620229188527,0.0278195292659966,2
510,10,4.326221529733112,8.317481757776623,28.28043805156392,8.366063339273975,2
511,5,4.326221529733112,2.062908298075337,4.904940415179613,3.029310293233416,1
511,6,4.326221529733112,3.855677245137036,21.78790911308969,5.661930187094012,1
511,9,4.326221529733112,2.062908298075337,4.904940415179616,3.029310293233416,2
511,10,4.326221529733112,3.855677245137036,21.78790911308971,5.661930187094012,2
512,5,4.326221529733112,1.317230783369763,1.637816368292233,0.7153390040862656,1
512,6,4.326221529733112,0.2958937134941085,0.2600867634705767,0.1606888610549922,1
512,9,4.326221529733112,1.317230783369763,1.637816368292233,0.7153390040862656,2
512,10,4.326221529733112,0.2958937134941085,0.2600867634705767,0.1606888610549922,2
513,5,4.326221529733112,1.156861437692636,1.314764953536042,1.113281886865008,1
513,6,4.326221529733112,1.716470649006233,3.141439498863764,1.651810338397476,1
513,9,4.326221529733112,1.156861437692636,1.314764953536042,1.113281886865008,2
513,10,4.326221529733112,1.716470649006233,3.141439498863763,1.651810338397476,2
514,5,4.326221529733112,3.950660215570228,13.43733248876021,2.616910667923579,1
514,6,4.326221529733112,3.523094404752317,18.68688303870709,2.333691795503469,1
514,9,4.326221529733112,3.950660215570228,13.43733248876016,2.616910667923579,2
514,10,4.326221529733112,3.523094404752317,18.68688303870702,2.333691795503469,2
515,5,4.326221529733112,2.549341898531495,1.558225113912843,0.4158958601205678,1
515,6,4.326221529733112,3.193902901861199,1.799171699338034,0.5210485871966813,1
515,9,4.326221529733112,2.549341898531495,1.558225113912843,0.4158958601205678,2
515,10,4.326221529733112,3.193902901861199,1.799171699338034,0.5210485871966813,2
516,5,4.326221529733112,0.7063232066905045,0.9222662716224211,0.4071670561434653,1
516,6,4.326221529733112,3.886613462387382,6.971845830530112,2.240477088757539,1
516,9,4.326221529733112,0.7063232066905045,0.9222662716224213,0.4071670561434653,2
516,10,4.326221529733112,3.886613462387382,6.971845830530114,2.240477088757539,2
517,5,4.326221529733112,4.775597445340312,7.735788474306309,1.277288494939527,1
517,6,4.326221529733112,0.8692789560409413,0.266095027302292,0.2324986605660216,1
517,9,4.326221529733112,4.775597445340312,7.735788474306306,1.277288494939527,2
517,10,4.326221529733112,0.8692789560409413,0.2660950273022918,0.2324986605660216,2
518,5,4.326221529733112,3.046783563289107,11.91313230936673,2.81322355338006,1
518,6,4.326221529733112,1.226829574417148,2.167375650319046,1.132783403560084,1
518,9,4.326221529733112,3.046783563289107,11.91313230936674,2.81322355338006,2
518,10,4.326221529733112,1.226829574417148,2.167375650319048,1.132783403560084,2
519,5,4.326221529733112,0.03469701390387325,0.1584016374239534,0.03321783869541326,1
519,6,4.326221529733112,10.81689939180132,53.2443304069264,10.35576203118907,1
519,9,4.326221529733112,0.03469701390387325,0.1584016374239534,0.03321783869541326,2
519,10,4.326221529733112,10.81689939180132,53.2443304069264,10.35576203118907,2
520,5,4.326221529733112,0.9638954732458088,4.282001068253319,0.5207770715783293,1
520,6,4.326221529733112,4.888717203750288,14.16970303301307,2.641294517724558,1
520,9,4.326221529733112,0.9638954732458088,4.282001068253304,0.5207770715783293,2
520,10,4.326221529733112,4.888717203750288,14.16970303301302,2.641294517724558,2
521,5,4.326221529733112,0.419203981553582,1.405678483749039,0.2155566880893895,1
521,6,4.326221529733112,0.5338976325476944,0.9628200636973629,0.2745327108398107,1
521,9,4.326221529733112,0.419203981553582,1.405678483749042,0.2155566880893895,2
521,10,4.326221529733112,0.5338976325476944,0.9628200636973647,0.2745327108398107,2
522,5,4.326221529733112,9.515168949854408,9.223986972921329,8.263849328282948,1
522,6,4.326221529733112,8.223008742433114,32.89678128137298,7.141618360193223,1
522,9,4.326221529733112,9.515168949854408,9.223986972921329,8.263849328282948,2
522,10,4.326221529733112,8.223008742433114,32.89678128137298,7.141618360193223,2
523,5,4.326221529733112,1.980947478820883,1.593698516155541,0.8960934575238085,1
523,6,4.326221529733112,0.05281812038870033,0.040862026914556,0.02389259312780539,1
523,9,4.326221529733112,1.980947478820883,1.593698516155541,0.8960934575238085,2
523,10,4.326221529733112,0.05281812038870033,0.040862026914556,0.02389259312780539,2
524,5,4.326221529733112,7.387451511264431,10.66926695572573,4.915228340835053,1
524,6,4.326221529733112,13.61269603675128,27.32280791284299,9.057184233695324,1
524,9,4.326221529733112,7.387451511264431,10.66926695572573,4.915228340835053,2
524,10,4.326221529733112,13.61269603675128,27.322807912843,9.057184233695324,2
525,5,4.326221529733112,0.4197412387557036,0.6857110326005587,0.4920826318735874,1
525,6,4.326221529733112,3.914341741394114,42.37052912974823,4.588969127426922,1
525,9,4.326221529733112,0.4197412387557036,0.6857110326005589,0.4920826318735874,2
525,10,4.326221529733112,3.914341741394114,42.37052912974827,4.588969127426922,2
526,5,4.326221529733112,0.4999796014721622,0.5970792684157689,0.4487747056974163,1
526,6,4.326221529733112,0.9166689751697391,3.07277739985943,0.8227892664870181,1
526,9,4.326221529733112,0.4999796014721622,0.597079268415769,0.4487747056974163,2
526,10,4.326221529733112,0.9166689751697391,3.07277739985943,0.8227892664870181,2
527,5,4.326221529733112,2.970442694951807,2.789030197655908,1.991839482189216,1
527,6,4.326221529733112,0.431643756707951,0.3410196268429468,0.2894400482165577,1
527,9,4.326221529733112,2.970442694951807,2.789030197655908,1.991839482189216,2
527,10,4.326221529733112,0.431643756707951,0.3410196268429468,0.2894400482165577,2
528,5,4.326221529733112,6.653764345753776,5.405433526716214,5.33911201969176,1
528,6,4.326221529733112,4.664148263643484,11.60657223101439,3.742604751539678,1
528,9,4.326221529733112,6.653764345753776,5.405433526716214,5.33911201969176,2
528,10,4.326221529733112,4.664148263643484,11.60657223101439,3.742604751539678,2
529,5,4.326221529733112,1.949135372791192,2.085598932471762,0.5094760416685072,1
529,6,4.326221529733112,6.30722392264482,3.417219790943596,1.648617906628204,1
529,9,4.326221529733112,1.949135372791192,2.085598932471762,0.5094760416685072,2
529,10,4.326221529733112,6.30722392264482,3.417219790943595,1.648617906628204,2
530,5,4.326221529733112,1.719410359122616,1.002120253855646,0.8871180841420542,1
530,6,4.326221529733112,3.027202074161563,2.108535351796024,1.561864327554368,1
530,9,4.326221529733112,1.719410359122616,1.002120253855646,0.8871180841420542,2
530,10,4.326221529733112,3.027202074161563,2.108535351796023,1.561864327554368,2
531,5,4.326221529733112,3.363194712344913,5.162305357668511,2.824436402904699,1
531,6,4.326221529733112,4.232592391863793,4.547236202552607,3.554563161733335,1
531,9,4.326221529733112,3.363194712344913,5.162305357668511,2.824436402904699,2
531,10,4.326221529733112,4.232592391863793,4.547236202552607,3.554563161733335,2
532,5,4.326221529733112,3.88918136906367,7.607698425287886,3.422734348652012,1
532,6,4.326221529733112,2.279035607575167,3.571865141425523,2.005700612961264,1
532,9,4.326221529733112,3.88918136906367,7.607698425287888,3.422734348652012,2
532,10,4.326221529733112,2.279035607575167,3.571865141425523,2.005700612961264,2
533,5,4.326221529733112,0.8991640628382521,0.4797317638056531,0.05665799182947091,1
533,6,4.326221529733112,2.498460826584599,0.2285850570568263,0.1574326409932909,1
533,9,4.326221529733112,0.8991640628382521,0.4797317638056531,0.05665799182947091,2
533,10,4.326221529733112,2.498460826584599,0.2285850570568263,0.1574326409932909,2
534,5,4.326221529733112,3.194969734425018,10.17545554204297,2.951951126284316,1
534,6,4.326221529733112,1.260872643485203,3.827788980288356,1.164967035503722,1
534,9,4.326221529733112,3.194969734425018,10.17545554204298,2.951951126284316,2
534,10,4.326221529733112,1.260872643485203,3.82778898028836,1.164967035503722,2
535,5,4.326221529733112,6.161097153742711,14.59221951565631,1.256706132764601,1
535,6,4.326221529733112,4.283769508601534,5.658924939573497,0.8737793413206033,1
535,9,4.326221529733112,6.161097153742711,14.59221951565631,1.256706132764601,2
535,10,4.326221529733112,4.283769508601534,5.658924939573496,0.8737793413206033,2
536,5,4.326221529733112,6.071402232708219,38.59939112329165,1.479734780549959,1
536,6,4.326221529733112,0.3990478060014546,0.6738983599025614,0.09725676129007065,1
536,9,4.326221529733112,6.071402232708219,38.59939112329157,1.479734780549959,2
536,10,4.326221529733112,0.3990478060014546,0.6738983599025605,0.09725676129007065,2
537,5,4.326221529733112,11.0150593981201,69.74132379821788,15.82815327732883,1
537,6,4.326221529733112,5.824556730265343,57.80621611514712,8.369630463805862,1
537,9,4.326221529733112,11.0150593981201,69.74132379821765,15.82815327732883,2
537,10,4.326221529733112,5.824556730265343,57.80621611514692,8.369630463805862,2
538,5,4.326221529733112,21.22440631002523,81.83013621320535,27.19288371507464,1
538,6,4.326221529733112,5.17044004271875,17.63462492923676,6.624410255989364,1
538,9,4.326221529733112,21.22440631002523,81.83013621320535,27.19288371507464,2
538,10,4.326221529733112,5.17044004271875,17.63462492923676,6.624410255989364,2
539,5,4.326221529733112,2.408567453934711,8.284134979019486,1.640469935381896,1
539,6,4.326221529733112,1.624558796867926,1.171652363466842,1.10648338296207,1
539,9,4.326221529733112,2.408567453934711,8.284134979019491,1.640469935381896,2
539,10,4.326221529733112,1.624558796867926,1.171652363466842,1.10648338296207,2
540,5,4.326221529733112,2.198699885442763,1.088462347904408,1.072693364244153,1
540,6,4.326221529733112,11.61898104193638,7.572643101860256,5.668624420041713,1
540,9,4.326221529733112,2.198699885442763,1.088462347904408,1.072693364244153,2
540,10,4.326221529733112,11.61898104193638,7.572643101860255,5.668624420041713,2
541,5,4.326221529733112,1.104666599649221,3.855886008523087,1.606089039825271,1
541,6,4.326221529733112,2.015302469456188,7.330351939165955,2.930074294953966,1
541,9,4.326221529733112,1.104666599649221,3.855886008523086,1.606089039825271,2
541,10,4.326221529733112,2.015302469456188,7.330351939165952,2.930074294953966,2
542,5,4.326221529733112,7.354549549865479,6.159919803730301,4.554303839025939,1
542,6,4.326221529733112,0.1602736943033337,0.4727142119693208,0.09924946406457939,1
542,9,4.326221529733112,7.354549549865479,6.159919803730301,4.554303839025939,2
542,10,4.326221529733112,0.1602736943033337,0.4727142119693208,0.09924946406457939,2
543,5,4.326221529733112,0.1102055539194129,0.01153402846167315,0.01007741462166737,1
543,6,4.326221529733112,1.805343505658342,0.2314966494548569,0.1650841939813421,1
543,9,4.326221529733112,0.1102055539194129,0.01153402846167314,0.01007741462166737,2
543,10,4.326221529733112,1.805343505658342,0.2314966494548569,0.1650841939813421,2
544,5,4.326221529733112,0.1258704916098064,0.03773817100880722,0.03574833643005239,1
544,6,4.326221529733112,0.0277896342271109,0.06693427343708756,0.007892502689974891,1
544,9,4.326221529733112,0.1258704916098064,0.03773817100880723,0.03574833643005239,2
544,10,4.326221529733112,0.0277896342271109,0.06693427343708756,0.007892502689974891,2
545,5,4.326221529733112,0.9671579610575357,3.38831812403444,0.8184722125196726,1
545,6,4.326221529733112,0.9466628669679104,3.412962789220552,0.801127925773594,1
545,9,4.326221529733112,0.9671579610575357,3.388318124034444,0.8184722125196726,2
545,10,4.326221529733112,0.9466628669679104,3.412962789220555,0.801127925773594,2
546,5,4.326221529733112,6.664792239971888,9.808884497617266,0.257821072590131,1
546,6,4.326221529733112,6.131944080006248,24.22486110194918,0.2372083544162486,1
546,9,4.326221529733112,6.664792239971888,9.808884497617248,0.257821072590131,2
546,10,4.326221529733112,6.131944080006248,24.22486110194914,0.2372083544162486,2
547,5,4.326221529733112,0.5716636174425022,0.5616069133099377,0.3261127149364086,1
547,6,4.326221529733112,5.340919804637311,14.06044975713669,3.046795011269177,1
547,9,4.326221529733112,0.5716636174425022,0.5616069133099377,0.3261127149364086,2
547,10,4.326221529733112,5.340919804637311,14.06044975713669,3.046795011269177,2
548,5,4.326221529733112,0.4472913156942672,0.2288202481139151,0.2059465809963883,1
548,6,4.326221529733112,6.059425966144478,9.84656100619152,2.789944755782314,1
548,9,4.326221529733112,0.4472913156942672,0.2288202481139151,0.2059465809963883,2
548,10,4.326221529733112,6.059425966144478,9.84656100619152,2.789944755782314,2
549,5,4.326221529733112,1.128836405209648,1.622665973955155,1.364478309307577,1
549,6,4.326221529733112,8.983318469940762,20.05739053758222,10.85856474974318,1
549,9,4.326221529733112,1.128836405209648,1.622665973955155,1.364478309307577,2
549,10,4.326221529733112,8.983318469940762,20.05739053758222,10.85856474974318,2
550,5,4.326221529733112,1.914239756276456,6.199165258047951,1.127128910512674,1
550,6,4.326221529733112,1.201055017529441,1.971124953329105,0.7071965927648565,1
550,9,4.326221529733112,1.914239756276456,6.199165258047947,1.127128910512674,2
550,10,4.326221529733112,1.201055017529441,1.971124953329105,0.7071965927648565,2
551,5,4.326221529733112,0.6952526928714088,1.284370231689845,0.7251554003640144,1
551,6,4.326221529733112,16.00038027979937,70.01640790722222,16.68855408506903,1
551,9,4.326221529733112,0.6952526928714088,1.284370231689846,0.7251554003640144,2
551,10,4.326221529733112,16.00038027979937,70.01640790722227,16.68855408506903,2
552,5,4.326221529733112,2.969580542492694,3.328019946925467,0.5600257091999374,1
552,6,4.326221529733112,6.533524471545214,25.58820475956571,1.232140911282004,1
552,9,4.326221529733112,2.969580542492694,3.328019946925472,0.5600257091999374,2
552,10,4.326221529733112,6.533524471545214,25.58820475956575,1.232140911282004,2
553,5,4.326221529733112,4.342173886634503,3.949415843965185,2.966039979979109,1
553,6,4.326221529733112,1.279319675497043,0.9023613450787205,0.8738741017207743,1
553,9,4.326221529733112,4.342173886634503,3.949415843965185,2.966039979979109,2
553,10,4.326221529733112,1.279319675497043,0.9023613450787205,0.8738741017207743,2
554,5,4.326221529733112,0.3696797118319306,0.1264873848635457,0.0882924488372949,1
554,6,4.326221529733112,12.65982962058624,13.14362900233552,3.023610231476964,1
554,9,4.326221529733112,0.3696797118319306,0.1264873848635457,0.0882924488372949,2
554,10,4.326221529733112,12.65982962058624,13.14362900233552,3.023610231476964,2
555,5,4.326221529733112,2.160610192914783,7.862565079008492,1.706328257941018,1
555,6,4.326221529733112,8.039158287789741,12.69772570002662,6.34887449920375,1
555,9,4.326221529733112,2.160610192914783,7.86256507900849,1.706328257941018,2
555,10,4.326221529733112,8.039158287789741,12.69772570002661,6.34887449920375,2
556,5,4.326221529733112,0.1179923656951177,0.1472069215476759,0.0659872459691515,1
556,6,4.326221529733112,10.6879739505584,19.97877189969808,5.977250831716849,1
556,9,4.326221529733112,0.1179923656951177,0.1472069215476758,0.0659872459691515,2
556,10,4.326221529733112,10.6879739505584,19.97877189969807,5.977250831716849,2
557,5,4.326221529733112,0.976293699673643,1.607918243479879,1.108941321680814,1
557,6,4.326221529733112,3.75053220806734,4.349075151569528,4.260111629534204,1
557,9,4.326221529733112,0.976293699673643,1.607918243479879,1.108941321680814,2
557,10,4.326221529733112,3.75053220806734,4.349075151569528,4.260111629534204,2
558,5,4.326221529733112,1.101917952527845,2.370260409163178,1.121057431279205,1
558,6,4.326221529733112,2.789275402380344,3.111659876311123,2.837722999747355,1
558,9,4.326221529733112,1.101917952527845,2.370260409163178,1.121057431279205,2
558,10,4.326221529733112,2.789275402380344,3.111659876311123,2.837722999747355,2
559,5,4.326221529733112,0.09580642934281043,0.1081481609231925,0.02993668583414071,1
559,6,4.326221529733112,3.797712438147459,1.467565325087205,1.186673221506096,1
559,9,4.326221529733112,0.09580642934281043,0.1081481609231925,0.02993668583414071,2
559,10,4.326221529733112,3.797712438147459,1.467565325087205,1.186673221506096,2
560,5,4.326221529733112,5.38134746524807,10.25109455133165,6.04533731373826,1
560,6,4.326221529733112,6.386289226139056,7.355969872393869,7.174276109175818,1
560,9,4.326221529733112,5.38134746524807,10.25109455133165,6.04533731373826,2
560,10,4.326221529733112,6.386289226139056,7.355969872393869,7.174276109175818,2
561,5,4.326221529733112,14.98075896545997,10.81064386312137,9.632505598597991,1
561,6,4.326221529733112,0.6487804939268926,0.637413790589483,0.4171605560453046,1
561,9,4.326221529733112,14.98075896545997,10.81064386312137,9.632505598597991,2
561,10,4.326221529733112,0.6487804939268926,0.637413790589483,0.4171605560453046,2
562,5,4.326221529733112,0.3006816039489186,0.5512230764038635,0.3125577512356104,1
562,6,4.326221529733112,2.401810263624919,10.90904248951244,2.496675569885369,1
562,9,4.326221529733112,0.3006816039489186,0.5512230764038635,0.3125577512356104,2
562,10,4.326221529733112,2.401810263624919,10.90904248951244,2.496675569885369,2
563,5,4.326221529733112,4.131842649787468,11.68084839902724,3.987704694225048,1
563,6,4.326221529733112,7.40451177015875,38.83478043984956,7.146207841633433,1
563,9,4.326221529733112,4.131842649787468,11.68084839902725,3.987704694225048,2
563,10,4.326221529733112,7.40451177015875,38.8347804398496,7.146207841633433,2
564,5,4.326221529733112,1.522214733944879,1.316121172324809,1.067773495540673,1
564,6,4.326221529733112,2.399179136728161,1.690442382811876,1.682929376602163,1
564,9,4.326221529733112,1.522214733944879,1.316121172324809,1.067773495540673,2
564,10,4.326221529733112,2.399179136728161,1.690442382811876,1.682929376602163,2
565,5,4.326221529733112,5.009898614146753,6.170915759938154,2.024295406780887,1
565,6,4.326221529733112,1.774540013942824,0.7751236323701962,0.7170191407127195,1
565,9,4.326221529733112,5.009898614146753,6.170915759938155,2.024295406780887,2
565,10,4.326221529733112,1.774540013942824,0.7751236323701963,0.7170191407127195,2
566,5,4.326221529733112,4.745643091393017,3.94666702701464,3.810201961548743,1
566,6,4.326221529733112,0.886028012068903,1.30176133995083,0.7113779111823401,1
566,9,4.326221529733112,4.745643091393017,3.94666702701464,3.810201961548743,2
566,10,4.326221529733112,0.886028012068903,1.301761339950831,0.7113779111823401,2
567,5,4.326221529733112,7.215248261138677,33.08831103608635,3.81164170595378,1
567,6,4.326221529733112,8.354168132339117,19.3555914226151,4.413305616007792,1
567,9,4.326221529733112,7.215248261138677,33.08831103608646,3.81164170595378,2
567,10,4.326221529733112,8.354168132339117,19.35559142261517,4.413305616007792,2
568,5,4.326221529733112,3.192927793283157,20.23356925996936,1.850243763335491,1
568,6,4.326221529733112,2.969687229799896,15.64680021247155,1.72087990450432,1
568,9,4.326221529733112,3.192927793283157,20.23356925996929,1.850243763335491,2
568,10,4.326221529733112,2.969687229799896,15.64680021247149,1.72087990450432,2
569,5,4.326221529733112,18.57733924194713,76.45750660362229,8.241923050539294,1
569,6,4.326221529733112,1.564596818791163,1.757612684562138,0.6941406633991013,1
569,9,4.326221529733112,18.57733924194713,76.45750660362229,8.241923050539294,2
569,10,4.326221529733112,1.564596818791163,1.757612684562138,0.6941406633991013,2
570,5,4.326221529733112,1.442438701511644,2.111427817345179,1.781964030581265,1
570,6,4.326221529733112,0.5922324763727789,0.8106273583596594,0.7316338431105532,1
570,9,4.326221529733112,1.442438701511644,2.111427817345179,1.781964030581265,2
570,10,4.326221529733112,0.5922324763727789,0.8106273583596594,0.7316338431105532,2
571,5,4.326221529733112,1.105479371645144,1.378899373812597,1.148417377175803,1
571,6,4.326221529733112,4.340483821351408,4.961251179206889,4.509072872497219,1
571,9,4.326221529733112,1.105479371645144,1.378899373812597,1.148417377175803,2
571,10,4.326221529733112,4.340483821351408,4.961251179206889,4.509072872497219,2
572,5,4.326221529733112,3.72330527619132,15.4486991630447,2.375702922474703,1
572,6,4.326221529733112,2.211759701808914,7.769882998259376,1.411241785893577,1
572,9,4.326221529733112,3.72330527619132,15.44869916304475,2.375702922474703,2
572,10,4.326221529733112,2.211759701808914,7.769882998259404,1.411241785893577,2
573,5,4.326221529733112,6.485822264173454,14.22605681201076,2.917255104214627,1
573,6,4.326221529733112,0.5743374780862464,0.7123294137487555,0.2583309981748908,1
573,9,4.326221529733112,6.485822264173454,14.22605681201076,2.917255104214627,2
573,10,4.326221529733112,0.5743374780862464,0.712329413748755,0.2583309981748908,2
574,5,4.326221529733112,4.451463021851504,3.374558591991445,2.129414618514916,1
574,6,4.326221529733112,0.9178872088616077,0.9043128150648986,0.4390831578524036,1
574,9,4.326221529733112,4.451463021851504,3.374558591991446,2.129414618514916,2
574,10,4.326221529733112,0.9178872088616077,0.9043128150648986,0.4390831578524036,2
575,5,4.326221529733112,3.244079654956401,3.723415022880873,2.627498453763336,1
575,6,4.326221529733112,2.447446228988691,5.516255130883826,1.982275981575156,1
575,9,4.326221529733112,3.244079654956401,3.723415022880872,2.627498453763336,2
575,10,4.326221529733112,2.447446228988691,5.516255130883822,1.982275981575156,2
576,5,4.326221529733112,0.3206575375892151,1.248959828819467,0.1162785042997832,1
576,6,4.326221529733112,0.3732304855955434,1.811315302864144,0.1353427801835376,1
576,9,4.326221529733112,0.3206575375892151,1.248959828819471,0.1162785042997832,2
576,10,4.326221529733112,0.3732304855955434,1.811315302864151,0.1353427801835376,2
577,5,4.326221529733112,1.040248969015464,1.219591627661702,0.618322454226038,1
577,6,4.326221529733112,1.739096032308107,1.034157840783579,1.033716118795334,1
577,9,4.326221529733112,1.040248969015464,1.219591627661702,0.618322454226038,2
577,10,4.326221529733112,1.739096032308107,1.034157840783579,1.033716118795334,2
578,5,4.326221529733112,1.084201125907807,4.834902741970093,0.4488094872217924,1
578,6,4.326221529733112,1.935989010505357,15.64602961337457,0.8014105633255163,1
578,9,4.326221529733112,1.084201125907807,4.834902741970111,0.4488094872217924,2
578,10,4.326221529733112,1.935989010505357,15.64602961337462,0.8014105633255163,2
579,5,4.326221529733112,1.923135796801368,7.731744041411987,2.367086441165755,1
579,6,4.326221529733112,4.116556321953477,47.09934156584172,5.066852101759138,1
579,9,4.326221529733112,1.923135796801368,7.731744041412066,2.367086441165755,2
579,10,4.326221529733112,4.116556321953477,47.09934156584223,5.066852101759138,2
580,5,4.326221529733112,3.485017730053054,2.953995726242831,0.8377853474858914,1
580,6,4.326221529733112,5.946167072098088,12.13942214153017,1.429436528757925,1
580,9,4.326221529733112,3.485017730053054,2.953995726242832,0.8377853474858914,2
580,10,4.326221529733112,5.946167072098088,12.13942214153017,1.429436528757925,2
581,5,4.326221529733112,2.838366000036656,6.891672377264539,2.09253809378864,1
581,6,4.326221529733112,3.13686289348239,9.805385400389007,2.312599960512205,1
581,9,4.326221529733112,2.838366000036656,6.891672377264544,2.09253809378864,2
581,10,4.326221529733112,3.13686289348239,9.805385400389012,2.312599960512205,2
582,5,4.326221529733112,0.07040855730833118,0.1021293010448916,0.05015848971798515,1
582,6,4.326221529733112,7.716479654550708,17.68498486642793,5.49715801897315,1
582,9,4.326221529733112,0.07040855730833118,0.1021293010448916,0.05015848971798515,2
582,10,4.326221529733112,7.716479654550708,17.68498486642793,5.49715801897315,2
583,5,4.326221529733112,0.406137466912349,0.4800407365036944,0.09972577404730829,1
583,6,4.326221529733112,0.1205115670993201,0.1271364676204448,0.029591235209106,1
583,9,4.326221529733112,0.406137466912349,0.4800407365036944,0.09972577404730829,2
583,10,4.326221529733112,0.1205115670993201,0.1271364676204448,0.029591235209106,2
584,5,4.326221529733112,6.188493427536428,7.862514465324828,3.461312477676709,1
584,6,4.326221529733112,6.207113410378258,20.10511359786668,3.471726899167047,1
584,9,4.326221529733112,6.188493427536428,7.862514465324826,3.461312477676709,2
584,10,4.326221529733112,6.207113410378258,20.10511359786667,3.471726899167047,2
585,5,4.326221529733112,2.865809634212427,5.869349168002959,1.117221629741519,1
585,6,4.326221529733112,0.3824475671279589,0.3469924257777507,0.1490952815345673,1
585,9,4.326221529733112,2.865809634212427,5.869349168002963,1.117221629741519,2
585,10,4.326221529733112,0.3824475671279589,0.3469924257777511,0.1490952815345673,2
586,5,4.326221529733112,2.104255237855376,4.818137041360884,1.664379455808228,1
586,6,4.326221529733112,2.158614004429026,5.191040402960498,1.707375007251154,1
586,9,4.326221529733112,2.104255237855376,4.818137041360885,1.664379455808228,2
586,10,4.326221529733112,2.158614004429026,5.191040402960501,1.707375007251154,2
587,5,4.326221529733112,3.747236663124476,11.23334640627238,4.242550876669344,1
587,6,4.326221529733112,0.5169427733655527,1.35989616688565,0.5852728859941385,1
587,9,4.326221529733112,3.747236663124476,11.23334640627238,4.242550876669344,2
587,10,4.326221529733112,0.5169427733655527,1.35989616688565,0.5852728859941385,2
588,5,4.326221529733112,0.7357861152426537,0.7593759020963843,0.3065758763930998,1
588,6,4.326221529733112,17.69909250813321,7.481716900917029,7.374581668008259,1
588,9,4.326221529733112,0.7357861152426537,0.7593759020963843,0.3065758763930998,2
588,10,4.326221529733112,17.69909250813321,7.481716900917029,7.374581668008259,2
589,5,4.326221529733112,3.971211298340253,7.750604587065205,3.809904061883787,1
589,6,4.326221529733112,0.4138886374336287,0.4349334203269236,0.3970768318434668,1
589,9,4.326221529733112,3.971211298340253,7.750604587065207,3.809904061883787,2
589,10,4.326221529733112,0.4138886374336287,0.4349334203269237,0.3970768318434668,2
590,5,4.326221529733112,6.637450148454924,32.42715155855196,0.4646605016537924,1
590,6,4.326221529733112,8.46274247068296,58.35978654367746,0.5924416867687912,1
590,9,4.326221529733112,6.637450148454924,32.4271515585522,0.4646605016537924,2
590,10,4.326221529733112,8.46274247068296,58.35978654367789,0.5924416867687912,2
591,5,4.326221529733112,1.13709080831453,9.133459794535376,0.3811732900180318,1
591,6,4.326221529733112,11.24626329333121,50.88748191696314,3.769949724844067,1
591,9,4.326221529733112,1.13709080831453,9.133459794535376,0.3811732900180318,2
591,10,4.326221529733112,11.24626329333121,50.88748191696314,3.769949724844067,2
592,5,4.326221529733112,0.5465389366499914,1.184504721730894,0.1332729055258952,1
592,6,4.326221529733112,4.86952669446782,12.00095707445146,1.187428612287956,1
592,9,4.326221529733112,0.5465389366499914,1.184504721730895,0.1332729055258952,2
592,10,4.326221529733112,4.86952669446782,12.00095707445147,1.187428612287956,2
593,5,4.326221529733112,4.301754191707627,11.39757122298142,3.973068323065263,1
593,6,4.326221529733112,1.150778359972256,7.639852582871754,1.062850373386819,1
593,9,4.326221529733112,4.301754191707627,11.39757122298142,3.973068323065263,2
593,10,4.326221529733112,1.150778359972256,7.639852582871754,1.062850373386819,2
594,5,4.326221529733112,6.207416047079138,1.678874151453208,1.399825844480927,1
594,6,4.326221529733112,7.91507044939069,6.179953115134084,1.784916637117928,1
594,9,4.326221529733112,6.207416047079138,1.678874151453208,1.399825844480927,2
594,10,4.326221529733112,7.91507044939069,6.179953115134084,1.784916637117928,2
595,5,4.326221529733112,1.487688586455035,1.612896200799076,1.28111156246434,1
595,6,4.326221529733112,0.02067092195585083,0.0178020154118435,0.01780060515725337,1
595,9,4.326221529733112,1.487688586455035,1.612896200799076,1.28111156246434,2
595,10,4.326221529733112,0.02067092195585083,0.0178020154118435,0.01780060515725337,2
596,5,4.326221529733112,6.248554231198685,3.109450241680213,2.082454716763749,1
596,6,4.326221529733112,1.925604497143909,2.594675887540199,0.6417459174279373,1
596,9,4.326221529733112,6.248554231198685,3.109450241680213,2.082454716763749,2
596,10,4.326221529733112,1.925604497143909,2.594675887540199,0.6417459174279373,2
597,5,4.326221529733112,0.7628407241378128,0.3755061120295173,0.3636489250027437,1
597,6,4.326221529733112,9.984464110052418,11.2750614735703,4.75963005836209,1
597,9,4.326221529733112,0.7628407241378128,0.3755061120295173,0.3636489250027437,2
597,10,4.326221529733112,9.984464110052418,11.2750614735703,4.75963005836209,2
598,5,4.326221529733112,1.722630842378404,1.312715268740684,1.293196405976025,1
598,6,4.326221529733112,0.371066871542975,0.2945104034803211,0.2785636555732427,1
598,9,4.326221529733112,1.722630842378404,1.312715268740684,1.293196405976025,2
598,10,4.326221529733112,0.371066871542975,0.2945104034803211,0.2785636555732427,2
599,5,4.326221529733112,2.738439953072193,2.150934992888201,1.445090594331316,1
599,6,4.326221529733112,5.495092409032007,2.900197050342945,2.899792031724064,1
599,9,4.326221529733112,2.738439953072193,2.150934992888201,1.445090594331316,2
599,10,4.326221529733112,5.495092409032007,2.900197050342945,2.899792031724064,2
600,5,4.326221529733112,3.319672786736235,2.791305017610231,1.633384513835037,1
600,6,4.326221529733112,2.162303790051276,7.989690246454622,1.063922185038289,1
600,9,4.326221529733112,3.319672786736235,2.791305017610232,1.633384513835037,2
600,10,4.326221529733112,2.162303790051276,7.989690246454627,1.063922185038289,2
601,5,4.326221529733112,2.99763749701907,2.713229386906371,1.596875072548813,1
601,6,4.326221529733112,1.307782753562889,0.7586059350307101,0.696670521886169,1
601,9,4.326221529733112,2.99763749701907,2.713229386906371,1.596875072548813,2
601,10,4.326221529733112,1.307782753562889,0.7586059350307101,0.696670521886169,2
602,5,4.326221529733112,2.175307987815623,1.107711971723727,0.9666296551664839,1
602,6,4.326221529733112,3.289782890035349,4.515857146663871,1.461862742369979,1
602,9,4.326221529733112,2.175307987815623,1.107711971723728,0.9666296551664839,2
602,10,4.326221529733112,3.289782890035349,4.515857146663872,1.461862742369979,2
603,5,4.326221529733112,1.178401314936531,1.900146044843837,1.602697202685794,1
603,6,4.326221529733112,0.7888671630777738,1.247443882737601,1.072907149313154,1
603,9,4.326221529733112,1.178401314936531,1.900146044843837,1.602697202685794,2
603,10,4.326221529733112,0.7888671630777738,1.247443882737601,1.072907149313154,2
604,5,4.326221529733112,1.757421756123216,2.441953738605239,1.396961241208057,1
604,6,4.326221529733112,2.405265625592611,1.930698214352925,1.911927425534471,1
604,9,4.326221529733112,1.757421756123216,2.441953738605239,1.396961241208057,2
604,10,4.326221529733112,2.405265625592611,1.930698214352925,1.911927425534471,2
605,5,4.326221529733112,3.379539454740646,4.407085187686794,2.264903784548094,1
605,6,4.326221529733112,4.379500669993582,4.448136724507423,2.935058985029839,1
605,9,4.326221529733112,3.379539454740646,4.407085187686794,2.264903784548094,2
605,10,4.326221529733112,4.379500669993582,4.448136724507423,2.935058985029839,2
606,5,4.326221529733112,3.591509884466736,3.758320667810505,3.346385222581389,1
606,6,4.326221529733112,0.8422325495497389,0.88674700491355,0.7847492136886525,1
606,9,4.326221529733112,3.591509884466736,3.758320667810505,3.346385222581389,2
606,10,4.326221529733112,0.8422325495497389,0.88674700491355,0.7847492136886525,2
607,5,4.326221529733112,1.511609830121506,0.6197877056217181,0.215444489356347,1
607,6,4.326221529733112,6.566979407512659,2.614044602255813,0.9359687247809743,1
607,9,4.326221529733112,1.511609830121506,0.6197877056217179,0.215444489356347,2
607,10,4.326221529733112,6.566979407512659,2.614044602255812,0.9359687247809743,2
608,5,4.326221529733112,2.375048276123417,1.287624265044601,0.5307669688316208,1
608,6,4.326221529733112,12.14087625380238,8.75490673483668,2.713197939162916,1
608,9,4.326221529733112,2.375048276123417,1.287624265044601,0.5307669688316208,2
608,10,4.326221529733112,12.14087625380238,8.754906734836679,2.713197939162916,2
609,5,4.326221529733112,4.134900799290685,26.95426081265085,3.447434008904843,1
609,6,4.326221529733112,0.6716643641903742,1.65616701275498,0.5599937420691099,1
609,9,4.326221529733112,4.134900799290685,26.9542608126509,3.447434008904843,2
609,10,4.326221529733112,0.6716643641903742,1.656167012754983,0.5599937420691099,2
610,5,4.326221529733112,4.1964495658215,11.51205632835183,3.927407912716046,1
610,6,4.326221529733112,6.70731796350629,14.63006709851241,6.277300186692527,1
610,9,4.326221529733112,4.1964495658215,11.51205632835183,3.927407912716046,2
610,10,4.326221529733112,6.70731796350629,14.63006709851242,6.277300186692527,2
611,5,4.326221529733112,1.954176043337437,5.720030380996215,0.9292026724121325,1
611,6,4.326221529733112,1.547490316161147,0.7598225089095917,0.735825281561155,1
611,9,4.326221529733112,1.954176043337437,5.720030380996215,0.9292026724121325,2
611,10,4.326221529733112,1.547490316161147,0.7598225089095919,0.735825281561155,2
612,5,4.326221529733112,0.3145657277272871,0.6879680522621737,0.6879134131078596,1
612,6,4.326221529733112,4.926577582204792,12.62242561657519,10.77376999713494,1
612,9,4.326221529733112,0.3145657277272871,0.6879680522621737,0.6879134131078596,2
612,10,4.326221529733112,4.926577582204792,12.62242561657519,10.77376999713494,2
613,5,4.326221529733112,5.749527397830352,10.87300320625259,4.085382483560382,1
613,6,4.326221529733112,1.365671249568289,5.108409462563062,0.9703909582887998,1
613,9,4.326221529733112,5.749527397830352,10.8730032062526,4.085382483560382,2
613,10,4.326221529733112,1.365671249568289,5.10840946256307,0.9703909582887998,2
614,5,4.326221529733112,5.915726067370805,26.62213600244687,2.389825887582107,1
614,6,4.326221529733112,2.266653356782654,5.480335915452007,0.9156791251866684,1
614,9,4.326221529733112,5.915726067370805,26.62213600244687,2.389825887582107,2
614,10,4.326221529733112,2.266653356782654,5.480335915452009,0.9156791251866684,2
615,5,4.326221529733112,2.810493046258639,1.041866648329005,0.1172582575390635,1
615,6,4.326221529733112,3.317788514669909,7.241652839257545,0.1384234345042067,1
615,9,4.326221529733112,2.810493046258639,1.041866648329004,0.1172582575390635,2
615,10,4.326221529733112,3.317788514669909,7.241652839257546,0.1384234345042067,2
616,5,4.326221529733112,2.258977458015523,6.780465182705544,2.249982922273777,1
616,6,4.326221529733112,2.495432139994541,4.430417047540061,2.485496116288488,1
616,9,4.326221529733112,2.258977458015523,6.780465182705536,2.249982922273777,2
616,10,4.326221529733112,2.495432139994541,4.430417047540057,2.485496116288488,2
617,5,4.326221529733112,1.694784954456064,3.069988403116044,2.476684163808733,1
617,6,4.326221529733112,2.145381278690962,3.198749003417088,3.135165806313737,1
617,9,4.326221529733112,1.694784954456064,3.069988403116044,2.476684163808733,2
617,10,4.326221529733112,2.145381278690962,3.198749003417088,3.135165806313737,2
618,5,4.326221529733112,4.168837686654742,0.2234966532284258,0.2105716335922362,1
618,6,4.326221529733112,8.747893597496287,6.62241041266958,0.4418637480688304,1
618,9,4.326221529733112,4.168837686654742,0.2234966532284258,0.2105716335922362,2
618,10,4.326221529733112,8.747893597496287,6.622410412669579,0.4418637480688304,2
619,5,4.326221529733112,7.616854735213007,18.46054781022082,4.95510818514073,1
619,6,4.326221529733112,6.355478553482898,11.13412144077598,4.13452598160503,1
619,9,4.326221529733112,7.616854735213007,18.46054781022083,4.95510818514073,2
619,10,4.326221529733112,6.355478553482898,11.13412144077599,4.13452598160503,2
620,5,4.326221529733112,0.8550754568298183,0.5551353569137415,0.4975072049894609,1
620,6,4.326221529733112,12.56160872820038,7.888607233875053,7.308701002491756,1
620,9,4.326221529733112,0.8550754568298183,0.5551353569137415,0.4975072049894609,2
620,10,4.326221529733112,12.56160872820038,7.888607233875053,7.308701002491756,2
621,5,4.326221529733112,0.02005248607619257,0.009770421384799681,0.009758927240510282,1
621,6,4.326221529733112,1.482425600611846,1.122494035380013,0.7214508725188272,1
621,9,4.326221529733112,0.02005248607619257,0.009770421384799681,0.009758927240510282,2
621,10,4.326221529733112,1.482425600611846,1.122494035380013,0.7214508725188272,2
622,5,4.326221529733112,0.392352898129868,2.624212591042736,0.2775277779572218,1
622,6,4.326221529733112,2.912507108363454,10.40299203348603,2.060139302962856,1
622,9,4.326221529733112,0.392352898129868,2.624212591042736,0.2775277779572218,2
622,10,4.326221529733112,2.912507108363454,10.40299203348603,2.060139302962856,2
623,5,4.326221529733112,5.387164200325839,7.175605698340123,1.034735969270217,1
623,6,4.326221529733112,1.669770376050025,1.534775354039704,0.3207200308496841,1
623,9,4.326221529733112,5.387164200325839,7.175605698340118,1.034735969270217,2
623,10,4.326221529733112,1.669770376050025,1.534775354039703,0.3207200308496841,2
624,5,4.326221529733112,1.256688661699448,5.9396354530113,0.4156908199312347,1
624,6,4.326221529733112,5.356570342992977,22.09270091362147,1.771860593447943,1
624,9,4.326221529733112,1.256688661699448,5.93963545301128,0.4156908199312347,2
624,10,4.326221529733112,5.356570342992977,22.09270091362139,1.771860593447943,2
625,5,4.326221529733112,2.865106220431344,2.865476841452039,1.621629658609786,1
625,6,4.326221529733112,1.793243614898425,1.285255756630155,1.014963078958418,1
625,9,4.326221529733112,2.865106220431344,2.86547684145204,1.621629658609786,2
625,10,4.326221529733112,1.793243614898425,1.285255756630155,1.014963078958418,2
626,5,4.326221529733112,2.511167108420048,4.178632628438314,2.034589132978723,1
626,6,4.326221529733112,10.95336081915665,16.13662870954261,8.874594134944877,1
626,9,4.326221529733112,2.511167108420048,4.178632628438314,2.034589132978723,2
626,10,4.326221529733112,10.95336081915665,16.13662870954261,8.874594134944877,2
627,5,4.326221529733112,1.666066315708745,1.496087391088457,1.445056704934549,1
627,6,4.326221529733112,3.628219401277305,3.96053725400274,3.146923218694941,1
627,9,4.326221529733112,1.666066315708745,1.496087391088457,1.445056704934549,2
627,10,4.326221529733112,3.628219401277305,3.96053725400274,3.146923218694941,2
628,5,4.326221529733112,21.46474584249884,32.28940649229197,32.21821851310747,1
628,6,4.326221529733112,1.275378868583936,1.987011858119683,1.914321994611303,1
628,9,4.326221529733112,21.46474584249884,32.28940649229197,32.21821851310747,2
628,10,4.326221529733112,1.275378868583936,1.987011858119683,1.914321994611303,2
629,5,4.326221529733112,1.07733835466559,0.2701626756090839,0.2696550883343161,1
629,6,4.326221529733112,0.09375367422931323,0.1277498224491209,0.02346630953635686,1
629,9,4.326221529733112,1.07733835466559,0.2701626756090839,0.2696550883343161,2
629,10,4.326221529733112,0.09375367422931323,0.1277498224491208,0.02346630953635686,2
630,5,4.326221529733112,7.300369791076197,6.106264290470033,2.146447773260718,1
630,6,4.326221529733112,0.7809776487561155,0.2341280843183879,0.22962230450135,1
630,9,4.326221529733112,7.300369791076197,6.106264290470031,2.146447773260718,2
630,10,4.326221529733112,0.7809776487561155,0.2341280843183879,0.22962230450135,2
631,5,4.326221529733112,6.409105397149236,2.66480101313775,1.806553789297208,1
631,6,4.326221529733112,3.575638143659018,1.886145234626703,1.007875863682325,1
631,9,4.326221529733112,6.409105397149236,2.664801013137751,1.806553789297208,2
631,10,4.326221529733112,3.575638143659018,1.886145234626704,1.007875863682325,2
632,5,4.326221529733112,0.1340490723485958,0.4535386305254551,0.1318066261424815,1
632,6,4.326221529733112,2.608934729923844,6.424043684042262,2.565291042693369,1
632,9,4.326221529733112,0.1340490723485958,0.4535386305254542,0.1318066261424815,2
632,10,4.326221529733112,2.608934729923844,6.424043684042251,2.565291042693369,2
633,5,4.326221529733112,0.9682695766944153,0.5288085483326057,0.2370051413535817,1
633,6,4.326221529733112,0.3240037962508868,0.0794116108530786,0.07930701054523941,1
633,9,4.326221529733112,0.9682695766944153,0.5288085483326058,0.2370051413535817,2
633,10,4.326221529733112,0.3240037962508868,0.0794116108530786,0.07930701054523941,2
634,5,4.326221529733112,3.163272089443922,3.182965462613337,0.9531960873912032,1
634,6,4.326221529733112,2.500351604100254,13.66650399710835,0.7534367258776181,1
634,9,4.326221529733112,3.163272089443922,3.18296546261334,0.9531960873912032,2
634,10,4.326221529733112,2.500351604100254,13.66650399710836,0.7534367258776181,2
635,5,4.326221529733112,2.510684025606528,9.815000991244819,1.991477099888518,1
635,6,4.326221529733112,2.976084496426528,10.96791447068395,2.360633222468085,1
635,9,4.326221529733112,2.510684025606528,9.815000991244819,1.991477099888518,2
635,10,4.326221529733112,2.976084496426528,10.96791447068395,2.360633222468085,2
636,5,4.326221529733112,4.404523162412024,3.847273713080415,0.9016713704611682,1
636,6,4.326221529733112,0.1280319933699083,0.02717906326366718,0.02621005240928307,1
636,9,4.326221529733112,4.404523162412024,3.847273713080414,0.9016713704611682,2
636,10,4.326221529733112,0.1280319933699083,0.02717906326366718,0.02621005240928307,2
637,5,4.326221529733112,3.307800696354839,1.889304339321192,0.8317902209966027,1
637,6,4.326221529733112,0.6866161327728294,0.2540955336290333,0.1726587050569018,1
637,9,4.326221529733112,3.307800696354839,1.889304339321192,0.8317902209966027,2
637,10,4.326221529733112,0.6866161327728294,0.2540955336290334,0.1726587050569018,2
638,5,4.326221529733112,8.673142031606618,7.543227374996433,7.114596066899662,1
638,6,4.326221529733112,0.1202996663876583,0.099203871176818,0.0986820612659137,1
638,9,4.326221529733112,8.673142031606618,7.543227374996433,7.114596066899662,2
638,10,4.326221529733112,0.1202996663876583,0.099203871176818,0.0986820612659137,2
639,5,4.326221529733112,2.947311961116511,13.67441126122649,1.513868738099359,1
639,6,4.326221529733112,6.255513182069682,16.45428487861084,3.213106034257829,1
639,9,4.326221529733112,2.947311961116511,13.67441126122649,1.513868738099359,2
639,10,4.326221529733112,6.255513182069682,16.45428487861083,3.213106034257829,2
640,5,4.326221529733112,5.269825662575476,4.476661942056152,1.066935660628202,1
640,6,4.326221529733112,14.09799484293824,11.67893942941224,2.854298112384258,1
640,9,4.326221529733112,5.269825662575476,4.476661942056152,1.066935660628202,2
640,10,4.326221529733112,14.09799484293824,11.67893942941225,2.854298112384258,2
641,5,4.326221529733112,0.9295829629518447,1.015939778075052,0.1996008854325636,1
641,6,4.326221529733112,11.07225406242052,2.422051758387476,2.377444297790904,1
641,9,4.326221529733112,0.9295829629518447,1.015939778075052,0.1996008854325636,2
641,10,4.326221529733112,11.07225406242052,2.422051758387476,2.377444297790904,2
642,5,4.326221529733112,10.79524025490364,10.63613379396307,7.62239722399018,1
642,6,4.326221529733112,6.337677755666571,5.583430002867395,4.474962686392605,1
642,9,4.326221529733112,10.79524025490364,10.63613379396307,7.62239722399018,2
642,10,4.326221529733112,6.337677755666571,5.583430002867395,4.474962686392605,2
643,5,4.326221529733112,9.331080619244011,68.05250710480153,17.69601892684786,1
643,6,4.326221529733112,2.421278014626857,5.644635527200211,4.591856326440019,1
643,9,4.326221529733112,9.331080619244011,68.05250710480149,17.69601892684786,2
643,10,4.326221529733112,2.421278014626857,5.644635527200211,4.591856326440019,2
644,5,4.326221529733112,1.863238105532887,3.484655161421058,1.295921521038999,1
644,6,4.326221529733112,0.0503591208933,0.07179784289649375,0.03502583397819003,1
644,9,4.326221529733112,1.863238105532887,3.484655161421058,1.295921521038999,2
644,10,4.326221529733112,0.0503591208933,0.07179784289649374,0.03502583397819003,2
645,5,4.326221529733112,0.4043182622605269,0.7258561688674469,0.140250573899677,1
645,6,4.326221529733112,1.187390047087973,2.190790063750305,0.4118837833734701,1
645,9,4.326221529733112,0.4043182622605269,0.7258561688674469,0.140250573899677,2
645,10,4.326221529733112,1.187390047087973,2.190790063750305,0.4118837833734701,2
646,5,4.326221529733112,0.3800850530855508,0.2798690300552362,0.1495479490833296,1
646,6,4.326221529733112,0.7228698070183976,1.484407861684568,0.2844197534637893,1
646,9,4.326221529733112,0.3800850530855508,0.2798690300552362,0.1495479490833296,2
646,10,4.326221529733112,0.7228698070183976,1.484407861684568,0.2844197534637893,2
647,5,4.326221529733112,7.866257159062515,8.629710931488061,6.104132372108146,1
647,6,4.326221529733112,3.935575771005551,22.49702462745956,3.053965180759805,1
647,9,4.326221529733112,7.866257159062515,8.62971093148805,6.104132372108146,2
647,10,4.326221529733112,3.935575771005551,22.49702462745954,3.053965180759805,2
648,5,4.326221529733112,0.9029339047686931,2.864453887275327,0.6839232115532771,1
648,6,4.326221529733112,12.41424210455251,19.20952488606572,9.403111661113744,1
648,9,4.326221529733112,0.9029339047686931,2.86445388727533,0.6839232115532771,2
648,10,4.326221529733112,12.41424210455251,19.20952488606574,9.403111661113744,2
649,5,4.326221529733112,9.342603108616169,6.650377815746445,5.914626376811701,1
649,6,4.326221529733112,0.1536851447418778,0.426580721852062,0.09729517568568473,1
649,9,4.326221529733112,9.342603108616169,6.650377815746444,5.914626376811701,2
649,10,4.326221529733112,0.1536851447418778,0.4265807218520618,0.09729517568568473,2
650,5,4.326221529733112,6.693124798833134,34.9179741269571,2.87941534228034,1
650,6,4.326221529733112,12.79871241467095,64.30074468104354,5.506069286899034,1
650,9,4.326221529733112,6.693124798833134,34.9179741269571,2.87941534228034,2
650,10,4.326221529733112,12.79871241467095,64.30074468104354,5.506069286899034,2
651,5,4.326221529733112,4.30545125577723,9.758386771764993,2.785122990997856,1
651,6,4.326221529733112,0.7576893358476259,1.800577343632595,0.4901363095149408,1
651,9,4.326221529733112,4.30545125577723,9.758386771764989,2.785122990997856,2
651,10,4.326221529733112,0.7576893358476259,1.800577343632595,0.4901363095149408,2
652,5,4.326221529733112,0.6301134028611579,0.6165857707078352,0.1258349051513011,1
652,6,4.326221529733112,4.127109263131746,2.648798233949492,0.8241919634102304,1
652,9,4.326221529733112,0.6301134028611579,0.6165857707078352,0.1258349051513011,2
652,10,4.326221529733112,4.127109263131746,2.648798233949492,0.8241919634102304,2
653,5,4.326221529733112,11.06861956932158,6.641695186603741,3.422583277241146,1
653,6,4.326221529733112,6.72049962437983,5.80034160505901,2.078079338173298,1
653,9,4.326221529733112,11.06861956932158,6.641695186603741,3.422583277241146,2
653,10,4.326221529733112,6.72049962437983,5.80034160505901,2.078079338173298,2
654,5,4.326221529733112,2.867052894300298,8.101313281298012,1.791912297964776,1
654,6,4.326221529733112,0.4259021411994486,0.2670153334737638,0.2661894679592494,1
654,9,4.326221529733112,2.867052894300298,8.101313281298012,1.791912297964776,2
654,10,4.326221529733112,0.4259021411994486,0.2670153334737638,0.2661894679592494,2
655,5,4.326221529733112,7.244582398459051,9.711335355144595,9.677891859026161,1
655,6,4.326221529733112,0.6757684007128563,1.529576037976152,0.902745409485185,1
655,9,4.326221529733112,7.244582398459051,9.711335355144595,9.677891859026161,2
655,10,4.326221529733112,0.6757684007128563,1.529576037976152,0.902745409485185,2
656,5,4.326221529733112,4.129696465466542,0.8807243114218007,0.5150676875548386,1
656,6,4.326221529733112,4.241490492018635,5.032057780987795,0.5290109618899236,1
656,9,4.326221529733112,4.129696465466542,0.8807243114218012,0.5150676875548386,2
656,10,4.326221529733112,4.241490492018635,5.032057780987794,0.5290109618899236,2
657,5,4.326221529733112,2.354477106532403,2.724884181970281,0.9916254572895269,1
657,6,4.326221529733112,9.943646340639184,4.300032465403558,4.187924708337341,1
657,9,4.326221529733112,2.354477106532403,2.724884181970281,0.9916254572895269,2
657,10,4.326221529733112,9.943646340639184,4.300032465403558,4.187924708337341,2
658,5,4.326221529733112,0.7818543890651958,0.4403767218599857,0.2519129470316455,1
658,6,4.326221529733112,1.829069553158198,1.365059700234646,0.589324953477386,1
658,9,4.326221529733112,0.7818543890651958,0.4403767218599857,0.2519129470316455,2
658,10,4.326221529733112,1.829069553158198,1.365059700234646,0.589324953477386,2
659,5,4.326221529733112,5.014191051571701,31.50558488401408,4.818209692232653,1
659,6,4.326221529733112,0.435739296740944,4.921265822328471,0.4187082784142762,1
659,9,4.326221529733112,5.014191051571701,31.50558488401408,4.818209692232653,2
659,10,4.326221529733112,0.435739296740944,4.921265822328471,0.4187082784142762,2
660,5,4.326221529733112,5.517199156022214,8.575060646666179,1.598909995934827,1
660,6,4.326221529733112,3.151452430682954,4.360773659533695,0.9133055832563086,1
660,9,4.326221529733112,5.517199156022214,8.575060646666175,1.598909995934827,2
660,10,4.326221529733112,3.151452430682954,4.360773659533693,0.9133055832563086,2
661,5,4.326221529733112,1.669830248364559,1.097305947723004,1.009699695641475,1
661,6,4.326221529733112,14.27892751087631,12.18749155632229,8.634068508424141,1
661,9,4.326221529733112,1.669830248364559,1.097305947723004,1.009699695641475,2
661,10,4.326221529733112,14.27892751087631,12.18749155632229,8.634068508424141,2
662,5,4.326221529733112,1.574364734780511,6.292840416342242,0.8810325462029244,1
662,6,4.326221529733112,1.664608146426986,6.958654804866524,0.93153379345807,1
662,9,4.326221529733112,1.574364734780511,6.292840416342253,0.8810325462029244,2
662,10,4.326221529733112,1.664608146426986,6.958654804866535,0.93153379345807,2
663,5,4.326221529733112,1.281083427570471,0.5411803856374476,0.5356277803237037,1
663,6,4.326221529733112,7.102939880015112,9.059083246363578,2.969776862167648,1
663,9,4.326221529733112,1.281083427570471,0.5411803856374476,0.5356277803237037,2
663,10,4.326221529733112,7.102939880015112,9.05908324636358,2.969776862167648,2
664,5,4.326221529733112,1.495992164004796,2.303003446213065,0.782516578547563,1
664,6,4.326221529733112,10.2617983806464,12.23223279273232,5.367693462425515,1
664,9,4.326221529733112,1.495992164004796,2.303003446213066,0.782516578547563,2
664,10,4.326221529733112,10.2617983806464,12.23223279273233,5.367693462425515,2
665,5,4.326221529733112,0.08614149144376995,0.0459744272552715,0.04532118376756334,1
665,6,4.326221529733112,0.4389307213677693,0.2437012975366974,0.2309323828845378,1
665,9,4.326221529733112,0.08614149144376995,0.0459744272552715,0.04532118376756334,2
665,10,4.326221529733112,0.4389307213677693,0.2437012975366974,0.2309323828845378,2
666,5,4.326221529733112,8.998071986164948,9.450384481374392,9.38761410502827,1
666,6,4.326221529733112,6.827818351176559,7.356582380189398,7.123406431803237,1
666,9,4.326221529733112,8.998071986164948,9.450384481374392,9.38761410502827,2
666,10,4.326221529733112,6.827818351176559,7.356582380189398,7.123406431803237,2
667,5,4.326221529733112,13.16639172202534,20.30576106443895,6.341694706002014,1
667,6,4.326221529733112,7.96859378884155,6.440123663400367,3.838135011617552,1
667,9,4.326221529733112,13.16639172202534,20.30576106443894,6.341694706002014,2
667,10,4.326221529733112,7.96859378884155,6.440123663400366,3.838135011617552,2
668,5,4.326221529733112,12.43015661871699,27.67424373217932,18.79458159506749,1
668,6,4.326221529733112,1.537359100322093,3.397139904882896,2.324509814173644,1
668,9,4.326221529733112,12.43015661871699,27.67424373217932,18.79458159506749,2
668,10,4.326221529733112,1.537359100322093,3.397139904882896,2.324509814173644,2
669,5,4.326221529733112,6.177151468005283,15.910068231845,3.936400440438849,1
669,6,4.326221529733112,6.349135237772761,30.71738537654849,4.045997394725555,1
669,9,4.326221529733112,6.177151468005283,15.91006823184497,3.936400440438849,2
669,10,4.326221529733112,6.349135237772761,30.71738537654844,4.045997394725555,2
670,5,4.326221529733112,2.233991647167904,8.932726973180998,2.184203913641519,1
670,6,4.326221529733112,0.02357713110150482,0.1784516349123283,0.02305168064958102,1
670,9,4.326221529733112,2.233991647167904,8.932726973181042,2.184203913641519,2
670,10,4.326221529733112,0.02357713110150482,0.1784516349123293,0.02305168064958102,2
671,5,4.326221529733112,1.481912381073084,2.349387939013476,2.065383022069718,1
671,6,4.326221529733112,12.43606152321592,72.08109456879092,17.3324891940409,1
671,9,4.326221529733112,1.481912381073084,2.349387939013475,2.065383022069718,2
671,10,4.326221529733112,12.43606152321592,72.0810945687909,17.3324891940409,2
672,5,4.326221529733112,5.973641475872245,17.63787051666485,2.950960170447531,1
672,6,4.326221529733112,12.30428369764364,21.52105261744343,6.078277590693787,1
672,9,4.326221529733112,5.973641475872245,17.63787051666484,2.950960170447531,2
672,10,4.326221529733112,12.30428369764364,21.52105261744342,6.078277590693787,2
673,5,4.326221529733112,7.991785107256166,11.33392604722514,3.061702361912167,1
673,6,4.326221529733112,1.468130748761016,3.557933680081145,0.5624499809180621,1
673,9,4.326221529733112,7.991785107256166,11.33392604722513,3.061702361912167,2
673,10,4.326221529733112,1.468130748761016,3.557933680081143,0.5624499809180621,2
674,5,4.326221529733112,0.03102138469733085,0.02325974083307502,0.01929496818113903,1
674,6,4.326221529733112,1.361569039040135,1.287717063895503,0.846881322063096,1
674,9,4.326221529733112,0.03102138469733085,0.02325974083307501,0.01929496818113903,2
674,10,4.326221529733112,1.361569039040135,1.287717063895503,0.846881322063096,2
675,5,4.326221529733112,7.440906683105758,5.160774966581021,2.46757211399063,1
675,6,4.326221529733112,7.150009376784269,13.65362770980631,2.371104020560074,1
675,9,4.326221529733112,7.440906683105758,5.160774966581021,2.46757211399063,2
675,10,4.326221529733112,7.150009376784269,13.65362770980631,2.371104020560074,2
676,5,4.326221529733112,23.18695231541876,29.57947784240756,7.860049937381523,1
676,6,4.326221529733112,1.901332962157039,6.198020417463215,0.6445250685320159,1
676,9,4.326221529733112,23.18695231541876,29.57947784240754,7.860049937381523,2
676,10,4.326221529733112,1.901332962157039,6.198020417463213,0.6445250685320159,2
677,5,4.326221529733112,9.395595616277138,8.197989613159637,4.692967237614404,1
677,6,4.326221529733112,2.246410933196235,6.185127537042285,1.122050516248801,1
677,9,4.326221529733112,9.395595616277138,8.197989613159638,4.692967237614404,2
677,10,4.326221529733112,2.246410933196235,6.185127537042287,1.122050516248801,2
678,5,4.326221529733112,2.047626310111413,5.182516969819236,0.9047320952837551,1
678,6,4.326221529733112,5.007211263348921,2.960831070996385,2.212407955224797,1
678,9,4.326221529733112,2.047626310111413,5.182516969819235,0.9047320952837551,2
678,10,4.326221529733112,5.007211263348921,2.960831070996385,2.212407955224797,2
679,5,4.326221529733112,0.3852220196054867,0.263826648047031,0.1072333879211106,1
679,6,4.326221529733112,0.06219318962704799,0.07264080539927759,0.01731257843505019,1
679,9,4.326221529733112,0.3852220196054867,0.263826648047031,0.1072333879211106,2
679,10,4.326221529733112,0.06219318962704799,0.07264080539927759,0.01731257843505019,2
680,5,4.326221529733112,1.421881106488377,1.917466553730519,0.2484030375225521,1
680,6,4.326221529733112,6.622599416184639,3.520830001405269,1.156970019341622,1
680,9,4.326221529733112,1.421881106488377,1.917466553730519,0.2484030375225521,2
680,10,4.326221529733112,6.622599416184639,3.520830001405268,1.156970019341622,2
681,5,4.326221529733112,10.95334227074966,20.14220837121404,8.563976861822768,1
681,6,4.326221529733112,4.769942887968246,4.473040135020446,3.72942609799231,1
681,9,4.326221529733112,10.95334227074966,20.14220837121404,8.563976861822768,2
681,10,4.326221529733112,4.769942887968246,4.473040135020446,3.72942609799231,2
682,5,4.326221529733112,9.817913252617494,15.31216430358036,1.127649117113664,1
682,6,4.326221529733112,1.861421114314546,3.743364941830516,0.2137959281290167,1
682,9,4.326221529733112,9.817913252617494,15.31216430358035,1.127649117113664,2
682,10,4.326221529733112,1.861421114314546,3.743364941830515,0.2137959281290167,2
683,5,4.326221529733112,0.8067943001895332,3.511504341730662,0.6437430192046273,1
683,6,4.326221529733112,0.2223312532889525,0.4712057256798934,0.1773986160067765,1
683,9,4.326221529733112,0.8067943001895332,3.511504341730662,0.6437430192046273,2
683,10,4.326221529733112,0.2223312532889525,0.4712057256798934,0.1773986160067765,2
684,5,4.326221529733112,4.008181924180117,5.568200575926221,1.970643881175296,1
684,6,4.326221529733112,9.659442929655951,11.03678599683811,4.749116298852178,1
684,9,4.326221529733112,4.008181924180117,5.568200575926221,1.970643881175296,2
684,10,4.326221529733112,9.659442929655951,11.03678599683811,4.749116298852178,2
685,5,4.326221529733112,9.475217706247449,4.487711155141638,3.997728471064048,1
685,6,4.326221529733112,3.03253351033436,3.60440613367988,1.279468813231178,1
685,9,4.326221529733112,9.475217706247449,4.487711155141639,3.997728471064048,2
685,10,4.326221529733112,3.03253351033436,3.60440613367988,1.279468813231178,2
686,5,4.326221529733112,1.870822869240691,1.427197369034714,0.7538024092464063,1
686,6,4.326221529733112,10.18382321118385,10.01493898903634,4.103322980569267,1
686,9,4.326221529733112,1.870822869240691,1.427197369034715,0.7538024092464063,2
686,10,4.326221529733112,10.18382321118385,10.01493898903634,4.103322980569267,2
687,5,4.326221529733112,10.84393141693018,50.84809780484002,2.911331057491305,1
687,6,4.326221529733112,1.240895930175306,3.582791147024968,0.3331502867118502,1
687,9,4.326221529733112,10.84393141693018,50.84809780483984,2.911331057491305,2
687,10,4.326221529733112,1.240895930175306,3.582791147024954,0.3331502867118502,2
688,5,4.326221529733112,10.19162518888197,87.14916268340474,10.84300905983131,1
688,6,4.326221529733112,10.04027689063354,76.05781963190418,10.68198754082098,1
688,9,4.326221529733112,10.19162518888197,87.14916268340414,10.84300905983131,2
688,10,4.326221529733112,10.04027689063354,76.05781963190364,10.68198754082098,2
689,5,4.326221529733112,4.110115390710664,5.696609382680401,5.105188027261363,1
689,6,4.326221529733112,2.748052240085315,3.74964770993156,3.413364847634257,1
689,9,4.326221529733112,4.110115390710664,5.696609382680401,5.105188027261363,2
689,10,4.326221529733112,2.748052240085315,3.74964770993156,3.413364847634257,2
690,5,4.326221529733112,2.490078270939251,5.013731290385516,3.533613337299003,1
690,6,4.326221529733112,11.69137758347612,16.86312619777289,16.59096753805522,1
690,9,4.326221529733112,2.490078270939251,5.013731290385515,3.533613337299003,2
690,10,4.326221529733112,11.69137758347612,16.86312619777289,16.59096753805522,2
691,5,4.326221529733112,10.2195079703224,36.52993967443381,6.289858561225572,1
691,6,4.326221529733112,0.444442690932531,1.039641831132079,0.2735436649840903,1
691,9,4.326221529733112,10.2195079703224,36.52993967443385,6.289858561225572,2
691,10,4.326221529733112,0.444442690932531,1.03964183113208,0.2735436649840903,2
692,5,4.326221529733112,3.264988440796352,11.82161938797775,2.712891564166895,1
692,6,4.326221529733112,10.69797983299473,46.18315369815642,8.888992953212476,1
692,9,4.326221529733112,3.264988440796352,11.82161938797775,2.712891564166895,2
692,10,4.326221529733112,10.69797983299473,46.18315369815642,8.888992953212476,2
693,5,4.326221529733112,1.482553997287244,0.320157734777632,0.3171653244008413,1
693,6,4.326221529733112,0.6228331192720247,0.3008282444764592,0.1332437595412763,1
693,9,4.326221529733112,1.482553997287244,0.320157734777632,0.3171653244008413,2
693,10,4.326221529733112,0.6228331192720247,0.3008282444764592,0.1332437595412763,2
694,5,4.326221529733112,0.3662144286909157,1.174150429386421,0.4859475524036992,1
694,6,4.326221529733112,2.18861236535672,2.906739420094426,2.904175091919177,1
694,9,4.326221529733112,0.3662144286909157,1.174150429386421,0.4859475524036992,2
694,10,4.326221529733112,2.18861236535672,2.906739420094426,2.904175091919177,2
695,5,4.326221529733112,5.926540895598327,7.919560173791242,7.898404748239256,1
695,6,4.326221529733112,4.03362214622208,6.548312263756452,5.375678810549587,1
695,9,4.326221529733112,5.926540895598327,7.919560173791242,7.898404748239256,2
695,10,4.326221529733112,4.03362214622208,6.548312263756452,5.375678810549587,2
696,5,4.326221529733112,3.04411179953685,8.786472362026318,2.888091652254158,1
696,6,4.326221529733112,4.065231758896321,10.77857913484637,3.856876054661745,1
696,9,4.326221529733112,3.04411179953685,8.786472362026313,2.888091652254158,2
696,10,4.326221529733112,4.065231758896321,10.77857913484636,3.856876054661745,2
697,5,4.326221529733112,9.446558144886387,24.07342164461273,3.323221552902215,1
697,6,4.326221529733112,6.46440295709716,20.11857497312089,2.274123855925143,1
697,9,4.326221529733112,9.446558144886387,24.07342164461273,3.323221552902215,2
697,10,4.326221529733112,6.46440295709716,20.11857497312089,2.274123855925143,2
698,5,4.326221529733112,0.6451008262408346,0.6952011222356301,0.2292474896964928,1
698,6,4.326221529733112,0.06744318915172419,0.04338552778131248,0.02396707798415747,1
698,9,4.326221529733112,0.6451008262408346,0.6952011222356302,0.2292474896964928,2
698,10,4.326221529733112,0.06744318915172419,0.04338552778131248,0.02396707798415747,2
699,5,4.326221529733112,7.073605645633225,17.87582262866991,4.799614839346948,1
699,6,4.326221529733112,3.404439730410232,4.10718477976982,2.30999581660684,1
699,9,4.326221529733112,7.073605645633225,17.87582262866991,4.799614839346948,2
699,10,4.326221529733112,3.404439730410232,4.10718477976982,2.30999581660684,2
700,5,4.326221529733112,11.63879511686152,21.99961435200331,8.362542031486376,1
700,6,4.326221529733112,1.567842837360178,1.66043305445786,1.126504203789512,1
700,9,4.326221529733112,11.63879511686152,21.99961435200331,8.362542031486376,2
700,10,4.326221529733112,1.567842837360178,1.66043305445786,1.126504203789512,2
701,5,4.326221529733112,1.155481770728936,2.300676202360361,0.6716855352994269,1
701,6,4.326221529733112,3.510071679072779,2.369448060352732,2.040416763312522,1
701,9,4.326221529733112,1.155481770728936,2.300676202360361,0.6716855352994269,2
701,10,4.326221529733112,3.510071679072779,2.369448060352731,2.040416763312522,2
702,5,4.326221529733112,4.694379865010732,2.573351972805026,1.310702553499839,1
702,6,4.326221529733112,2.729782043751115,8.328700603503165,0.7621735773686512,1
702,9,4.326221529733112,4.694379865010732,2.57335197280503,1.310702553499839,2
702,10,4.326221529733112,2.729782043751115,8.328700603503172,0.7621735773686512,2
703,5,4.326221529733112,0.06348731122712245,0.04552572808686187,0.008149704194098469,1
703,6,4.326221529733112,4.247131189554849,9.325160826748665,0.5451933969069174,1
703,9,4.326221529733112,0.06348731122712245,0.04552572808686185,0.008149704194098469,2
703,10,4.326221529733112,4.247131189554849,9.325160826748661,0.5451933969069174,2
704,5,4.326221529733112,3.907234940110181,14.87896682533656,4.271034136807245,1
704,6,4.326221529733112,12.33623916066188,25.01222874990546,13.48485550078529,1
704,9,4.326221529733112,3.907234940110181,14.87896682533656,4.271034136807245,2
704,10,4.326221529733112,12.33623916066188,25.01222874990546,13.48485550078529,2
705,5,4.326221529733112,1.269722332498452,2.357494320977157,0.7333178477579728,1
705,6,4.326221529733112,1.041882998185173,1.484031224089887,0.601731085836207,1
705,9,4.326221529733112,1.269722332498452,2.357494320977158,0.7333178477579728,2
705,10,4.326221529733112,1.041882998185173,1.484031224089887,0.601731085836207,2
706,5,4.326221529733112,2.514510531781792,2.482571449898071,1.513946514089946,1
706,6,4.326221529733112,0.08445129129502996,0.07009196585645946,0.05084676975916538,1
706,9,4.326221529733112,2.514510531781792,2.48257144989807,1.513946514089946,2
706,10,4.326221529733112,0.08445129129502996,0.07009196585645946,0.05084676975916538,2
707,5,4.326221529733112,11.30547724041732,50.16441955660869,7.39662442045786,1
707,6,4.326221529733112,2.569323089248039,3.633615056044991,1.680983252793384,1
707,9,4.326221529733112,11.30547724041732,50.16441955660869,7.39662442045786,2
707,10,4.326221529733112,2.569323089248039,3.633615056044991,1.680983252793384,2
708,5,4.326221529733112,2.456927153458539,5.588972430721018,1.975607011750611,1
708,6,4.326221529733112,0.2745232263245802,0.6177093866966979,0.2207432198597307,1
708,9,4.326221529733112,2.456927153458539,5.588972430721018,1.975607011750611,2
708,10,4.326221529733112,0.2745232263245802,0.6177093866966979,0.2207432198597307,2
709,5,4.326221529733112,1.751551404103917,0.6418141038403966,0.6181552143389737,1
709,6,4.326221529733112,15.04001030961241,22.98976864102796,5.307900627304257,1
709,9,4.326221529733112,1.751551404103917,0.6418141038403966,0.6181552143389737,2
709,10,4.326221529733112,15.04001030961241,22.98976864102795,5.307900627304257,2
710,5,4.326221529733112,16.57173208417787,20.1868152875725,13.66262227560444,1
710,6,4.326221529733112,2.585805862938875,4.546373752026428,2.131876656219182,1
710,9,4.326221529733112,16.57173208417787,20.18681528757249,13.66262227560444,2
710,10,4.326221529733112,2.585805862938875,4.546373752026428,2.131876656219182,2
711,5,4.326221529733112,9.766926047183121,122.0712657585741,10.68756071900783,1
711,6,4.326221529733112,0.4314746181934152,1.271790172723777,0.4721456022473748,1
711,9,4.326221529733112,9.766926047183121,122.0712657585749,10.68756071900783,2
711,10,4.326221529733112,0.4314746181934152,1.271790172723786,0.4721456022473748,2
712,5,4.326221529733112,0.658020124730853,4.523947747978976,0.2841496389375976,1
712,6,4.326221529733112,16.7106613685526,140.5462084523594,7.216083848841048,1
712,9,4.326221529733112,0.658020124730853,4.523947747978911,0.2841496389375976,2
712,10,4.326221529733112,16.7106613685526,140.5462084523574,7.216083848841048,2
713,5,4.326221529733112,2.767320805126933,4.436274245514561,1.309185589643019,1
713,6,4.326221529733112,7.718466811605641,28.46086064646952,3.651512143142545,1
713,9,4.326221529733112,2.767320805126933,4.436274245514557,1.309185589643019,2
713,10,4.326221529733112,7.718466811605641,28.46086064646948,3.651512143142545,2
714,5,4.326221529733112,2.28748546324496,6.700313356295416,1.008711527291101,1
714,6,4.326221529733112,0.4112139745246546,0.2471196209184048,0.1813328578262483,1
714,9,4.326221529733112,2.28748546324496,6.700313356295416,1.008711527291101,2
714,10,4.326221529733112,0.4112139745246546,0.2471196209184048,0.1813328578262483,2
715,5,4.326221529733112,2.795678323087348,7.37317651926994,1.948804319497637,1
715,6,4.326221529733112,7.454165361571584,26.98800491644151,5.196130590173944,1
715,9,4.326221529733112,2.795678323087348,7.373176519269958,1.948804319497637,2
715,10,4.326221529733112,7.454165361571584,26.98800491644159,5.196130590173944,2
716,5,4.326221529733112,14.25128975714515,22.54681279226423,22.54557456670717,1
716,6,4.326221529733112,3.849297411597344,6.104925990925741,6.089597734765705,1
716,9,4.326221529733112,14.25128975714515,22.54681279226423,22.54557456670717,2
716,10,4.326221529733112,3.849297411597344,6.104925990925741,6.089597734765705,2
717,5,4.326221529733112,2.517962089488788,7.698716589156697,4.497394506140989,1
717,6,4.326221529733112,2.847292972817713,22.37445732310329,5.085620560682889,1
717,9,4.326221529733112,2.517962089488788,7.698716589156714,4.497394506140989,2
717,10,4.326221529733112,2.847292972817713,22.37445732310334,5.085620560682889,2
718,5,4.326221529733112,6.216117501179395,4.793304061792945,4.506578923070616,1
718,6,4.326221529733112,0.6847398216070683,0.7000847256572027,0.4964246649546227,1
718,9,4.326221529733112,6.216117501179395,4.793304061792945,4.506578923070616,2
718,10,4.326221529733112,0.6847398216070683,0.7000847256572026,0.4964246649546227,2
719,5,4.326221529733112,1.171051796381656,0.9574745251712223,0.728381886401324,1
719,6,4.326221529733112,1.119891053444361,1.598051649636505,0.6965604430070169,1
719,9,4.326221529733112,1.171051796381656,0.9574745251712221,0.728381886401324,2
719,10,4.326221529733112,1.119891053444361,1.598051649636504,0.6965604430070169,2
720,5,4.326221529733112,5.839086590627349,15.1754994632585,4.228161114991547,1
720,6,4.326221529733112,1.012753877713783,5.485506484123913,0.7333487007505155,1
720,9,4.326221529733112,5.839086590627349,15.1754994632585,4.228161114991547,2
720,10,4.326221529733112,1.012753877713783,5.485506484123913,0.7333487007505155,2
721,5,4.326221529733112,0.934647793141279,1.194057757854586,1.070221677227515,1
721,6,4.326221529733112,3.658989121414958,6.887978775502017,4.189738105855696,1
721,9,4.326221529733112,0.934647793141279,1.194057757854586,1.070221677227515,2
721,10,4.326221529733112,3.658989121414958,6.887978775502016,4.189738105855696,2
722,5,4.326221529733112,3.366000214651844,9.014368817550276,2.214149239434637,1
722,6,4.326221529733112,1.093222971398628,2.024308016436621,0.7191202187445825,1
722,9,4.326221529733112,3.366000214651844,9.014368817550276,2.214149239434637,2
722,10,4.326221529733112,1.093222971398628,2.024308016436621,0.7191202187445825,2
723,5,4.326221529733112,4.701410304931652,13.70812897218362,2.926298916673023,1
723,6,4.326221529733112,0.4925835569748307,2.617458490653915,0.3065987939053847,1
723,9,4.326221529733112,4.701410304931652,13.70812897218357,2.926298916673023,2
723,10,4.326221529733112,0.4925835569748307,2.617458490653906,0.3065987939053847,2
724,5,4.326221529733112,2.451219880056538,2.18262045918307,2.179236454735846,1
724,6,4.326221529733112,2.997376595678738,2.665236200237402,2.664792497409279,1
724,9,4.326221529733112,2.451219880056538,2.182620459183069,2.179236454735846,2
724,10,4.326221529733112,2.997376595678738,2.665236200237402,2.664792497409279,2
725,5,4.326221529733112,1.22924237254214,4.036166287022844,2.224946535887609,1
725,6,4.326221529733112,0.6002285297895787,1.625625262285962,1.086422350813044,1
725,9,4.326221529733112,1.22924237254214,4.036166287022844,2.224946535887609,2
725,10,4.326221529733112,0.6002285297895787,1.625625262285962,1.086422350813044,2
726,5,4.326221529733112,5.825178022219707,25.76469038920917,8.150340427708581,1
726,6,4.326221529733112,10.26139923869773,21.05116094045359,14.35731178360574,1
726,9,4.326221529733112,5.825178022219707,25.76469038920919,8.150340427708581,2
726,10,4.326221529733112,10.26139923869773,21.0511609404536,14.35731178360574,2
727,5,4.326221529733112,8.722828887292042,28.99427210093061,6.027522751039223,1
727,6,4.326221529733112,1.547481962426157,2.232830357854771,1.069318549735091,1
727,9,4.326221529733112,8.722828887292042,28.99427210093059,6.027522751039223,2
727,10,4.326221529733112,1.547481962426157,2.232830357854771,1.069318549735091,2
728,5,4.326221529733112,3.701537387299839,5.785925500827157,4.334552890715828,1
728,6,4.326221529733112,0.8092018394215417,1.201460064530192,0.9475868552001431,1
728,9,4.326221529733112,3.701537387299839,5.785925500827157,4.334552890715828,2
728,10,4.326221529733112,0.8092018394215417,1.201460064530192,0.9475868552001431,2
729,5,4.326221529733112,0.1766605816854443,0.4146923489992186,0.4063031664349829,1
729,6,4.326221529733112,4.23246112983592,10.56203248131347,9.734273160762545,1
729,9,4.326221529733112,0.1766605816854443,0.4146923489992186,0.4063031664349829,2
729,10,4.326221529733112,4.23246112983592,10.56203248131347,9.734273160762545,2
730,5,4.326221529733112,5.607538343604108,12.32982824281994,2.676500388477497,1
730,6,4.326221529733112,0.01124749086134995,0.03683122835705103,0.005368472191391504,1
730,9,4.326221529733112,5.607538343604108,12.32982824281995,2.676500388477497,2
730,10,4.326221529733112,0.01124749086134995,0.03683122835705106,0.005368472191391504,2
731,5,4.326221529733112,1.87561689004028,10.69054493145354,2.129567668182838,1
731,6,4.326221529733112,1.204876735219446,2.197565626283065,1.368012067439808,1
731,9,4.326221529733112,1.87561689004028,10.69054493145356,2.129567668182838,2
731,10,4.326221529733112,1.204876735219446,2.197565626283068,1.368012067439808,2
732,5,4.326221529733112,10.64076564915052,45.77493077008008,3.616827139746206,1
732,6,4.326221529733112,2.4416346848915,9.293496974364023,0.8299187187123372,1
732,9,4.326221529733112,10.64076564915052,45.77493077007991,3.616827139746206,2
732,10,4.326221529733112,2.4416346848915,9.293496974363988,0.8299187187123372,2
733,5,4.326221529733112,2.990597583398111,4.245689808453149,1.847056842334519,1
733,6,4.326221529733112,0.4863297215846597,0.5386685867035884,0.3003676070863754,1
733,9,4.326221529733112,2.990597583398111,4.245689808453149,1.847056842334519,2
733,10,4.326221529733112,0.4863297215846597,0.5386685867035885,0.3003676070863754,2
734,5,4.326221529733112,3.330166650481683,4.399602145690259,4.250415741674745,1
734,6,4.326221529733112,1.265866563011757,7.359422021853606,1.615672646744762,1
734,9,4.326221529733112,3.330166650481683,4.399602145690259,4.250415741674745,2
734,10,4.326221529733112,1.265866563011757,7.359422021853604,1.615672646744762,2
735,5,4.326221529733112,0.6008998515800805,1.334419720862801,0.7332863218282463,1
735,6,4.326221529733112,2.869380109050923,17.86861730758239,3.501543860529108,1
735,9,4.326221529733112,0.6008998515800805,1.3344197208628,0.7332863218282463,2
735,10,4.326221529733112,2.869380109050923,17.86861730758237,3.501543860529108,2
736,5,4.326221529733112,0.8179099664551782,0.8742209297501933,0.8025796637419783,1
736,6,4.326221529733112,13.14891427821307,12.90269590831671,12.90246070202234,1
736,9,4.326221529733112,0.8179099664551782,0.8742209297501933,0.8025796637419783,2
736,10,4.326221529733112,13.14891427821307,12.90269590831671,12.90246070202234,2
737,5,4.326221529733112,6.476671150154114,7.714316215870256,4.957059936423788,1
737,6,4.326221529733112,3.297335381326135,3.179677009758248,2.523686742275853,1
737,9,4.326221529733112,6.476671150154114,7.714316215870256,4.957059936423788,2
737,10,4.326221529733112,3.297335381326135,3.179677009758248,2.523686742275853,2
738,5,4.326221529733112,4.658104894655384,11.67533508373684,6.086563637749104,1
738,6,4.326221529733112,0.1029775049640534,0.1606947079157179,0.1345566816109035,1
738,9,4.326221529733112,4.658104894655384,11.67533508373684,6.086563637749104,2
738,10,4.326221529733112,0.1029775049640534,0.1606947079157179,0.1345566816109035,2
739,5,4.326221529733112,5.821736519407034,6.922692872660676,2.783234259359746,1
739,6,4.326221529733112,12.18514958557841,43.68356748673886,5.825431238420135,1
739,9,4.326221529733112,5.821736519407034,6.922692872660675,2.783234259359746,2
739,10,4.326221529733112,12.18514958557841,43.68356748673884,5.825431238420135,2
740,5,4.326221529733112,5.147898665460297,23.76837343867216,3.15209732683213,1
740,6,4.326221529733112,9.020632863244769,62.13563635192211,5.523401796026903,1
740,9,4.326221529733112,5.147898665460297,23.76837343867208,3.15209732683213,2
740,10,4.326221529733112,9.020632863244769,62.13563635192189,5.523401796026903,2
741,5,4.326221529733112,0.08096278811499896,0.2533885904457376,0.03487917648174805,1
741,6,4.326221529733112,7.704971354880043,66.52976755937051,3.319340427011404,1
741,9,4.326221529733112,0.08096278811499896,0.2533885904457367,0.03487917648174805,2
741,10,4.326221529733112,7.704971354880043,66.52976755937027,3.319340427011404,2
742,5,4.326221529733112,4.906411262316604,4.533053805350556,2.7833495150393,1
742,6,4.326221529733112,1.694143147504067,6.721874066496616,0.9610675208229867,1
742,9,4.326221529733112,4.906411262316604,4.533053805350557,2.7833495150393,2
742,10,4.326221529733112,1.694143147504067,6.721874066496618,0.9610675208229867,2
743,5,4.326221529733112,4.625021984578999,17.03344722834584,5.338060045763349,1
743,6,4.326221529733112,10.98355271842392,60.38650514748052,12.67688329314852,1
743,9,4.326221529733112,4.625021984578999,17.03344722834584,5.338060045763349,2
743,10,4.326221529733112,10.98355271842392,60.38650514748052,12.67688329314852,2
744,5,4.326221529733112,2.558609462474918,10.62552416734797,0.3578357952962579,1
744,6,4.326221529733112,1.405721341735015,3.599959900654235,0.1965979652862332,1
744,9,4.326221529733112,2.558609462474918,10.62552416734799,0.3578357952962579,2
744,10,4.326221529733112,1.405721341735015,3.599959900654241,0.1965979652862332,2
745,5,4.326221529733112,0.4954440395453596,1.894561242811144,0.3250124420763335,1
745,6,4.326221529733112,2.50896853032405,16.6463627687687,1.645889190394896,1
745,9,4.326221529733112,0.4954440395453596,1.894561242811137,0.3250124420763335,2
745,10,4.326221529733112,2.50896853032405,16.64636276876865,1.645889190394896,2
746,5,4.326221529733112,3.890500048102175,17.57120810028351,1.782105425430175,1
746,6,4.326221529733112,1.496430918784666,3.931974870501922,0.6854639830806596,1
746,9,4.326221529733112,3.890500048102175,17.57120810028345,1.782105425430175,2
746,10,4.326221529733112,1.496430918784666,3.931974870501908,0.6854639830806596,2
747,5,4.326221529733112,0.9724144182394686,1.896776498494556,0.1984626296448132,1
747,6,4.326221529733112,4.771877411562644,7.56079154542339,0.9739050775861565,1
747,9,4.326221529733112,0.9724144182394686,1.896776498494555,0.1984626296448132,2
747,10,4.326221529733112,4.771877411562644,7.560791545423387,0.9739050775861565,2
748,5,4.326221529733112,0.5059215308303677,2.642514698692552,0.3504110333343112,1
748,6,4.326221529733112,4.54968002704365,26.34350469376686,3.151196346595866,1
748,9,4.326221529733112,0.5059215308303677,2.642514698692571,0.3504110333343112,2
748,10,4.326221529733112,4.54968002704365,26.34350469376704,3.151196346595866,2
749,5,4.326221529733112,6.525472979874476,17.90689426763696,4.140090185875179,1
749,6,4.326221529733112,5.223966827137099,29.80977149762095,3.314348838631438,1
749,9,4.326221529733112,6.525472979874476,17.906894267637,4.140090185875179,2
749,10,4.326221529733112,5.223966827137099,29.809771497621,3.314348838631438,2
750,5,4.326221529733112,3.672199288195253,11.92124289522441,2.19578165142153,1
750,6,4.326221529733112,12.64765633487842,50.4306721999811,7.562631963599104,1
750,9,4.326221529733112,3.672199288195253,11.92124289522441,2.19578165142153,2
750,10,4.326221529733112,12.64765633487842,50.4306721999811,7.562631963599104,2
751,5,4.326221529733112,23.13451508711704,13.71633025837369,11.68968134806671,1
751,6,4.326221529733112,10.38877814131065,7.745029792927981,5.249364666187,1
751,9,4.326221529733112,23.13451508711704,13.71633025837369,11.68968134806671,2
751,10,4.326221529733112,10.38877814131065,7.745029792927982,5.249364666187,2
752,5,4.326221529733112,2.295179474319865,14.40668015147895,0.2214316980784818,1
752,6,4.326221529733112,3.519676247754765,5.17448845204898,0.3395672961295493,1
752,9,4.326221529733112,2.295179474319865,14.40668015147895,0.2214316980784818,2
752,10,4.326221529733112,3.519676247754765,5.174488452048977,0.3395672961295493,2
753,5,4.326221529733112,3.244835705790044,6.614162500314134,0.8722398656018383,1
753,6,4.326221529733112,1.962104041705203,2.304718418715173,0.5274305144571494,1
753,9,4.326221529733112,3.244835705790044,6.614162500314132,0.8722398656018383,2
753,10,4.326221529733112,1.962104041705203,2.304718418715173,0.5274305144571494,2
754,5,4.326221529733112,0.7674056721735898,0.7920362473336676,0.7794987375679893,1
754,6,4.326221529733112,0.5794088877544054,0.6833826546882382,0.5885394295574966,1
754,9,4.326221529733112,0.7674056721735898,0.7920362473336676,0.7794987375679893,2
754,10,4.326221529733112,0.5794088877544054,0.6833826546882382,0.5885394295574966,2
755,5,4.326221529733112,1.689844125238052,2.181716080496249,1.262306466448496,1
755,6,4.326221529733112,6.204204121892815,4.818037467099764,4.634514429624365,1
755,9,4.326221529733112,1.689844125238052,2.181716080496249,1.262306466448496,2
755,10,4.326221529733112,6.204204121892815,4.818037467099764,4.634514429624365,2
756,5,4.326221529733112,8.088612605000526,19.67234217531573,8.458269250762182,1
756,6,4.326221529733112,5.473686081868302,5.758628253226963,5.723838306456831,1
756,9,4.326221529733112,8.088612605000526,19.67234217531573,8.458269250762182,2
756,10,4.326221529733112,5.473686081868302,5.758628253226963,5.723838306456831,2
757,5,4.326221529733112,4.57514720196739,4.228736343116994,3.030866657508354,1
757,6,4.326221529733112,7.912919795703007,5.75845565412988,5.242018172010066,1
757,9,4.326221529733112,4.57514720196739,4.228736343116994,3.030866657508354,2
757,10,4.326221529733112,7.912919795703007,5.758455654129881,5.242018172010066,2
758,5,4.326221529733112,0.7951089340426146,1.472537300957791,0.5950458527254929,1
758,6,4.326221529733112,5.04531487090425,5.956842690966507,3.775826884954765,1
758,9,4.326221529733112,0.7951089340426146,1.47253730095779,0.5950458527254929,2
758,10,4.326221529733112,5.04531487090425,5.956842690966505,3.775826884954765,2
759,5,4.326221529733112,0.9923308659290386,0.9030568348848996,0.825238009269387,1
759,6,4.326221529733112,4.297600687472959,4.417172401114517,3.573952557290046,1
759,9,4.326221529733112,0.9923308659290386,0.9030568348848996,0.825238009269387,2
759,10,4.326221529733112,4.297600687472959,4.417172401114517,3.573952557290046,2
760,5,4.326221529733112,1.391676688700876,1.987711255161519,0.6577255340009612,1
760,6,4.326221529733112,1.295771166608526,1.241446455965114,0.6123992658785021,1
760,9,4.326221529733112,1.391676688700876,1.987711255161518,0.6577255340009612,2
760,10,4.326221529733112,1.295771166608526,1.241446455965114,0.6123992658785021,2
761,5,4.326221529733112,3.392072929973087,8.356899648270312,2.051958635727485,1
761,6,4.326221529733112,4.457861016386281,7.946809593977875,2.696683296110413,1
761,9,4.326221529733112,3.392072929973087,8.35689964827032,2.051958635727485,2
761,10,4.326221529733112,4.457861016386281,7.946809593977883,2.696683296110413,2
762,5,4.326221529733112,11.00491405164692,48.23489207518895,5.219929814368172,1
762,6,4.326221529733112,1.473955299602996,8.561761903757045,0.6991370561673972,1
762,9,4.326221529733112,11.00491405164692,48.23489207518913,5.219929814368172,2
762,10,4.326221529733112,1.473955299602996,8.561761903757077,0.6991370561673972,2
763,5,4.326221529733112,1.495437261256198,0.4898194900545685,0.4511876690003236,1
763,6,4.326221529733112,1.564609230207666,2.819111471479581,0.472057511045826,1
763,9,4.326221529733112,1.495437261256198,0.4898194900545685,0.4511876690003236,2
763,10,4.326221529733112,1.564609230207666,2.819111471479581,0.472057511045826,2
764,5,4.326221529733112,14.39563085576014,14.85742340302898,12.58860361664869,1
764,6,4.326221529733112,12.30917236209708,11.92992360421135,10.76405009742556,1
764,9,4.326221529733112,14.39563085576014,14.85742340302898,12.58860361664869,2
764,10,4.326221529733112,12.30917236209708,11.92992360421135,10.76405009742556,2
765,5,4.326221529733112,7.278361126116352,23.58656780575498,10.04801719305991,1
765,6,4.326221529733112,3.219660451819001,4.904868230147003,4.444847269203112,1
765,9,4.326221529733112,7.278361126116352,23.58656780575497,10.04801719305991,2
765,10,4.326221529733112,3.219660451819001,4.904868230147001,4.444847269203112,2
766,5,4.326221529733112,3.857223952519423,10.36437700990606,9.76316491538577,1
766,6,4.326221529733112,1.235705179282375,3.278799637573566,3.127739949932144,1
766,9,4.326221529733112,3.857223952519423,10.36437700990606,9.76316491538577,2
766,10,4.326221529733112,1.235705179282375,3.278799637573566,3.127739949932144,2
767,5,4.326221529733112,16.88367401129305,93.78952570065404,9.951888369257622,1
767,6,4.326221529733112,1.984049299860598,2.836312420606662,1.169475147299662,1
767,9,4.326221529733112,16.88367401129305,93.78952570065387,9.951888369257622,2
767,10,4.326221529733112,1.984049299860598,2.836312420606656,1.169475147299662,2
768,5,4.326221529733112,1.314335932332227,4.270295150314382,1.192244566958518,1
768,6,4.326221529733112,3.00808040402943,22.24521134806511,2.728653634474282,1
768,9,4.326221529733112,1.314335932332227,4.270295150314375,1.192244566958518,2
768,10,4.326221529733112,3.00808040402943,22.24521134806507,2.728653634474282,2
769,5,4.326221529733112,8.663576764184334,33.56157424849175,9.355727331042885,1
769,6,4.326221529733112,6.068399217541893,13.06444380588523,6.553215832281158,1
769,9,4.326221529733112,8.663576764184334,33.5615742484917,9.355727331042885,2
769,10,4.326221529733112,6.068399217541893,13.06444380588522,6.553215832281158,2
770,5,4.326221529733112,3.579036445795578,4.696242728167929,1.552497535013706,1
770,6,4.326221529733112,0.9790523868766466,0.6665769608299171,0.424688722871445,1
770,9,4.326221529733112,3.579036445795578,4.696242728167929,1.552497535013706,2
770,10,4.326221529733112,0.9790523868766466,0.6665769608299171,0.424688722871445,2
771,5,4.326221529733112,0.6012946010683993,0.7297228782629659,0.3361368144059952,1
771,6,4.326221529733112,0.7405086736878218,2.967919159498503,0.4139605214667784,1
771,9,4.326221529733112,0.6012946010683993,0.7297228782629659,0.3361368144059952,2
771,10,4.326221529733112,0.7405086736878218,2.967919159498503,0.4139605214667784,2
772,5,4.326221529733112,3.971506241857808,3.956334676965846,3.408679476875761,1
772,6,4.326221529733112,6.597605999876263,8.178982905703073,5.662618361584282,1
772,9,4.326221529733112,3.971506241857808,3.956334676965847,3.408679476875761,2
772,10,4.326221529733112,6.597605999876263,8.178982905703075,5.662618361584282,2
773,5,4.326221529733112,0.8410290930329897,0.7467042424868398,0.2420652494538135,1
773,6,4.326221529733112,5.614603039068411,3.697283957121734,1.615996755040819,1
773,9,4.326221529733112,0.8410290930329897,0.74670424248684,0.2420652494538135,2
773,10,4.326221529733112,5.614603039068411,3.697283957121736,1.615996755040819,2
774,5,4.326221529733112,9.575067712397518,28.14362635170322,2.861103892158154,1
774,6,4.326221529733112,0.9118713786466872,2.950870745429562,0.2724741828421386,1
774,9,4.326221529733112,9.575067712397518,28.14362635170327,2.861103892158154,2
774,10,4.326221529733112,0.9118713786466872,2.950870745429567,0.2724741828421386,2
775,5,4.326221529733112,6.673309556457003,1.945420541494931,1.433413256375433,1
775,6,4.326221529733112,0.2671452421501748,0.5061366203869853,0.05738225212483485,1
775,9,4.326221529733112,6.673309556457003,1.945420541494931,1.433413256375433,2
775,10,4.326221529733112,0.2671452421501748,0.5061366203869853,0.05738225212483485,2
776,5,4.326221529733112,0.2692933474605622,0.1714259101540102,0.125107442857309,1
776,6,4.326221529733112,3.994948579392763,2.833376504946949,1.855960445467236,1
776,9,4.326221529733112,0.2692933474605622,0.1714259101540102,0.125107442857309,2
776,10,4.326221529733112,3.994948579392763,2.833376504946949,1.855960445467236,2
777,5,4.326221529733112,0.005778672700476376,0.06080250972258041,0.002964840577601661,1
777,6,4.326221529733112,4.460938419729554,11.33214284308628,2.288755900625087,1
777,9,4.326221529733112,0.005778672700476376,0.06080250972258041,0.002964840577601661,2
777,10,4.326221529733112,4.460938419729554,11.33214284308628,2.288755900625087,2
778,5,4.326221529733112,3.196224281817201,7.51375512369955,0.6381654098147229,1
778,6,4.326221529733112,3.18360005727552,0.6433052733859645,0.6356448284293469,1
778,9,4.326221529733112,3.196224281817201,7.513755123699553,0.6381654098147229,2
778,10,4.326221529733112,3.18360005727552,0.6433052733859644,0.6356448284293469,2
779,5,4.326221529733112,0.08768624768699013,0.100090778869292,0.04713393578607598,1
779,6,4.326221529733112,5.057799007615746,8.046261314535961,2.718715647347851,1
779,9,4.326221529733112,0.08768624768699013,0.100090778869292,0.04713393578607598,2
779,10,4.326221529733112,5.057799007615746,8.046261314535961,2.718715647347851,2
780,5,4.326221529733112,0.02544618322283168,0.02123889084919278,0.01265067443072432,1
780,6,4.326221529733112,4.681137371270541,7.369996820101655,2.32724665742033,1
780,9,4.326221529733112,0.02544618322283168,0.02123889084919278,0.01265067443072432,2
780,10,4.326221529733112,4.681137371270541,7.369996820101655,2.32724665742033,2
781,5,4.326221529733112,6.189367809738828,4.084522050212672,1.743025672535717,1
781,6,4.326221529733112,4.844005110636965,3.846081132635699,1.364149865588732,1
781,9,4.326221529733112,6.189367809738828,4.084522050212672,1.743025672535717,2
781,10,4.326221529733112,4.844005110636965,3.846081132635699,1.364149865588732,2
782,5,4.326221529733112,0.07934497099452666,0.1242255034039172,0.02557830927850623,1
782,6,4.326221529733112,15.72782856396429,11.04696483970572,5.070154519511434,1
782,9,4.326221529733112,0.07934497099452666,0.1242255034039173,0.02557830927850623,2
782,10,4.326221529733112,15.72782856396429,11.04696483970573,5.070154519511434,2
783,5,4.326221529733112,1.94682279555096,4.393877563923121,2.67096103424146,1
783,6,4.326221529733112,3.592490974298493,4.934031485546878,4.928750284896816,1
783,9,4.326221529733112,1.94682279555096,4.393877563923122,2.67096103424146,2
783,10,4.326221529733112,3.592490974298493,4.934031485546878,4.928750284896816,2
784,5,4.326221529733112,1.477052835544503,2.937546458110186,1.618542110762438,1
784,6,4.326221529733112,0.4757026179019249,3.057226711591036,0.5212709394991719,1
784,9,4.326221529733112,1.477052835544503,2.937546458110184,1.618542110762438,2
784,10,4.326221529733112,0.4757026179019249,3.057226711591034,0.5212709394991719,2
785,5,4.326221529733112,2.383068690656553,3.238079432605609,1.527789367788868,1
785,6,4.326221529733112,7.329287672142679,6.201147762535506,4.698818721788747,1
785,9,4.326221529733112,2.383068690656553,3.238079432605608,1.527789367788868,2
785,10,4.326221529733112,7.329287672142679,6.201147762535505,4.698818721788747,2
786,5,4.326221529733112,6.321638046176568,39.16784885124208,7.838815438848732,1
786,6,4.326221529733112,4.685360126679361,27.83425442733999,5.809834892365268,1
786,9,4.326221529733112,6.321638046176568,39.16784885124221,7.838815438848732,2
786,10,4.326221529733112,4.685360126679361,27.83425442734008,5.809834892365268,2
787,5,4.326221529733112,2.377475992314072,3.614680828001378,1.222577999507221,1
787,6,4.326221529733112,2.277024573817355,1.703373807941907,1.17092250659356,1
787,9,4.326221529733112,2.377475992314072,3.614680828001379,1.222577999507221,2
787,10,4.326221529733112,2.277024573817355,1.703373807941908,1.17092250659356,2
788,5,4.326221529733112,1.153721114944377,0.4328364909416089,0.4274413945385251,1
788,6,4.326221529733112,5.507064274040674,5.155803382204128,2.040308704259715,1
788,9,4.326221529733112,1.153721114944377,0.4328364909416089,0.4274413945385251,2
788,10,4.326221529733112,5.507064274040674,5.155803382204128,2.040308704259715,2
789,5,4.326221529733112,4.145569613415995,4.328021089052227,0.9336204669113849,1
789,6,4.326221529733112,0.3251043659795098,0.3224020206467819,0.07321649815708017,1
789,9,4.326221529733112,4.145569613415995,4.328021089052228,0.9336204669113849,2
789,10,4.326221529733112,0.3251043659795098,0.322402020646782,0.07321649815708017,2
790,5,4.326221529733112,33.93656601077203,48.69418086907154,48.08165406534305,1
790,6,4.326221529733112,7.060182248381844,10.67770722966695,10.00293430977135,1
790,9,4.326221529733112,33.93656601077203,48.69418086907154,48.08165406534305,2
790,10,4.326221529733112,7.060182248381844,10.67770722966695,10.00293430977135,2
791,5,4.326221529733112,1.614994085222816,5.719502165078421,0.6914423066830878,1
791,6,4.326221529733112,5.684358408403577,6.412600915585021,2.433696770708426,1
791,9,4.326221529733112,1.614994085222816,5.719502165078418,0.6914423066830878,2
791,10,4.326221529733112,5.684358408403577,6.41260091558502,2.433696770708426,2
792,5,4.326221529733112,5.1463749707925,21.39342421790407,3.734204845013772,1
792,6,4.326221529733112,3.099631039172941,4.50922581311981,2.249089370658949,1
792,9,4.326221529733112,5.1463749707925,21.39342421790407,3.734204845013772,2
792,10,4.326221529733112,3.099631039172941,4.50922581311981,2.249089370658949,2
793,5,4.326221529733112,1.367492399849545,2.042620645505524,1.116764008602007,1
793,6,4.326221529733112,6.771209384938623,17.51438936049747,5.529714780601021,1
793,9,4.326221529733112,1.367492399849545,2.042620645505524,1.116764008602007,2
793,10,4.326221529733112,6.771209384938623,17.51438936049747,5.529714780601021,2
794,5,4.326221529733112,11.82970894239664,38.08403847482668,3.318353518413452,1
794,6,4.326221529733112,4.042058809356488,7.621291492417943,1.133838553169407,1
794,9,4.326221529733112,11.82970894239664,38.08403847482668,3.318353518413452,2
794,10,4.326221529733112,4.042058809356488,7.621291492417943,1.133838553169407,2
795,5,4.326221529733112,6.409848977368203,11.90092499488308,3.761494660650668,1
795,6,4.326221529733112,7.722322357305909,16.71219959494046,4.531694025458298,1
795,9,4.326221529733112,6.409848977368203,11.90092499488308,3.761494660650668,2
795,10,4.326221529733112,7.722322357305909,16.71219959494046,4.531694025458298,2
796,5,4.326221529733112,20.71537825752543,23.7936836563779,17.24425950484724,1
796,6,4.326221529733112,7.785313380279285,10.83115602743134,6.480787489715511,1
796,9,4.326221529733112,20.71537825752543,23.7936836563779,17.24425950484724,2
796,10,4.326221529733112,7.785313380279285,10.83115602743134,6.480787489715511,2
797,5,4.326221529733112,0.3421061329359305,1.604569729376282,0.3466150047623792,1
797,6,4.326221529733112,2.524578908441149,11.03277769638282,2.557852216394528,1
797,9,4.326221529733112,0.3421061329359305,1.604569729376279,0.3466150047623792,2
797,10,4.326221529733112,2.524578908441149,11.0327776963828,2.557852216394528,2
798,5,4.326221529733112,5.12313046854983,10.05889262754532,4.969000948837484,1
798,6,4.326221529733112,3.285964165438917,10.43415296054638,3.187105844004358,1
798,9,4.326221529733112,5.12313046854983,10.05889262754531,4.969000948837484,2
798,10,4.326221529733112,3.285964165438917,10.43415296054638,3.187105844004358,2
799,5,4.326221529733112,13.49364368458319,21.52435159295249,11.9843807746294,1
799,6,4.326221529733112,1.524713861145455,2.311382691981648,1.354174744157474,1
799,9,4.326221529733112,13.49364368458319,21.52435159295248,11.9843807746294,2
799,10,4.326221529733112,1.524713861145455,2.311382691981647,1.354174744157474,2
800,5,4.326221529733112,2.288821931475025,2.747152482586393,1.547898353068404,1
800,6,4.326221529733112,0.3211703075557262,1.588569630904661,0.2172030000602107,1
800,9,4.326221529733112,2.288821931475025,2.747152482586392,1.547898353068404,2
800,10,4.326221529733112,0.3211703075557262,1.58856963090466,0.2172030000602107,2
801,5,4.326221529733112,1.737338634473984,3.176411899851424,0.6532268058594568,1
801,6,4.326221529733112,5.29843912434506,2.71604077057115,1.992174925808069,1
801,9,4.326221529733112,1.737338634473984,3.176411899851426,0.6532268058594568,2
801,10,4.326221529733112,5.29843912434506,2.71604077057115,1.992174925808069,2
802,5,4.326221529733112,5.578630850419398,3.414110477032962,2.855916941990428,1
802,6,4.326221529733112,0.9638223108143964,2.067684781356127,0.4934179264283567,1
802,9,4.326221529733112,5.578630850419398,3.414110477032962,2.855916941990428,2
802,10,4.326221529733112,0.9638223108143964,2.067684781356127,0.4934179264283567,2
803,5,4.326221529733112,5.561886622485773,19.87239596566794,8.204343854731185,1
803,6,4.326221529733112,1.187519612595846,5.261623252730903,1.751711226292334,1
803,9,4.326221529733112,5.561886622485773,19.87239596566794,8.204343854731185,2
803,10,4.326221529733112,1.187519612595846,5.261623252730903,1.751711226292334,2
804,5,4.326221529733112,1.299148141785871,4.049463700926471,1.832444540853395,1
804,6,4.326221529733112,1.535007980945775,2.908336926648703,2.1651241335602,1
804,9,4.326221529733112,1.299148141785871,4.049463700926471,1.832444540853395,2
804,10,4.326221529733112,1.535007980945775,2.908336926648703,2.1651241335602,2
805,5,4.326221529733112,2.486602374737167,2.79485554266537,2.15535295992529,1
805,6,4.326221529733112,1.340556457231707,1.182479892060241,1.161976018922898,1
805,9,4.326221529733112,2.486602374737167,2.794855542665371,2.15535295992529,2
805,10,4.326221529733112,1.340556457231707,1.182479892060241,1.161976018922898,2
806,5,4.326221529733112,5.330526313469549,12.56105961781208,1.822376387782732,1
806,6,4.326221529733112,9.913379136763778,25.56845503032512,3.389141521790459,1
806,9,4.326221529733112,5.330526313469549,12.56105961781208,1.822376387782732,2
806,10,4.326221529733112,9.913379136763778,25.56845503032512,3.389141521790459,2
807,5,4.326221529733112,12.02528273644532,6.480630425440599,2.040687325612722,1
807,6,4.326221529733112,0.04481474051727818,0.02183437313593798,0.007605049708899069,1
807,9,4.326221529733112,12.02528273644532,6.480630425440599,2.040687325612722,2
807,10,4.326221529733112,0.04481474051727818,0.02183437313593798,0.007605049708899069,2
808,5,4.326221529733112,0.4312545271959455,0.9400720968242381,0.2899083082344589,1
808,6,4.326221529733112,0.728961064452654,1.946705828262162,0.490039769178442,1
808,9,4.326221529733112,0.4312545271959455,0.9400720968242378,0.2899083082344589,2
808,10,4.326221529733112,0.728961064452654,1.946705828262161,0.490039769178442,2
809,5,4.326221529733112,0.9070895569824066,0.2569399882911744,0.1994709311819886,1
809,6,4.326221529733112,2.450057542668747,0.7427247684784423,0.5387728871131392,1
809,9,4.326221529733112,0.9070895569824066,0.2569399882911744,0.1994709311819886,2
809,10,4.326221529733112,2.450057542668747,0.742724768478442,0.5387728871131392,2
810,5,4.326221529733112,4.924169214387497,4.597989291960404,3.023813571841825,1
810,6,4.326221529733112,0.3340462139807043,0.6906508779195347,0.2051297247271537,1
810,9,4.326221529733112,4.924169214387497,4.597989291960404,3.023813571841825,2
810,10,4.326221529733112,0.3340462139807043,0.6906508779195348,0.2051297247271537,2
811,5,4.326221529733112,7.73785806828024,16.23885851571404,0.5440000173939907,1
811,6,4.326221529733112,4.292697674090784,4.190791324015958,0.301792510119217,1
811,9,4.326221529733112,7.73785806828024,16.23885851571403,0.5440000173939907,2
811,10,4.326221529733112,4.292697674090784,4.190791324015953,0.301792510119217,2
812,5,4.326221529733112,4.176502364894748,2.048449950624206,1.410135966688797,1
812,6,4.326221529733112,16.01747655913341,56.99113198105446,5.408070633810823,1
812,9,4.326221529733112,4.176502364894748,2.048449950624207,1.410135966688797,2
812,10,4.326221529733112,16.01747655913341,56.99113198105443,5.408070633810823,2
813,5,4.326221529733112,3.045582028256524,35.62792927173017,0.8612553481257782,1
813,6,4.326221529733112,4.626258107929084,9.879527862069233,1.30825224876477,1
813,9,4.326221529733112,3.045582028256524,35.62792927173005,0.8612553481257782,2
813,10,4.326221529733112,4.626258107929084,9.879527862069198,1.30825224876477,2
814,5,4.326221529733112,2.092402593929297,2.689231560525336,2.688227404641401,1
814,6,4.326221529733112,5.666777069702519,10.05605068196017,7.280427513789706,1
814,9,4.326221529733112,2.092402593929297,2.689231560525336,2.688227404641401,2
814,10,4.326221529733112,5.666777069702519,10.05605068196017,7.280427513789706,2
815,5,4.326221529733112,0.6358487782151426,1.071470449116349,0.4377061122051047,1
815,6,4.326221529733112,0.4138325771695519,0.6538099009241811,0.2848744145819762,1
815,9,4.326221529733112,0.6358487782151426,1.071470449116349,0.4377061122051047,2
815,10,4.326221529733112,0.4138325771695519,0.6538099009241812,0.2848744145819762,2
816,5,4.326221529733112,6.160889303364448,2.39626864375063,2.130167230036426,1
816,6,4.326221529733112,1.156791308931941,2.153987891466411,0.3999680593079464,1
816,9,4.326221529733112,6.160889303364448,2.396268643750631,2.130167230036426,2
816,10,4.326221529733112,1.156791308931941,2.15398789146641,0.3999680593079464,2
817,5,4.326221529733112,13.12333299404164,45.64496610579164,14.93768960838452,1
817,6,4.326221529733112,6.550655903904413,33.41519875156226,7.456311949737396,1
817,9,4.326221529733112,13.12333299404164,45.64496610579164,14.93768960838452,2
817,10,4.326221529733112,6.550655903904413,33.41519875156226,7.456311949737396,2
818,5,4.326221529733112,0.5330555935335556,0.3533625126307178,0.3468039732784511,1
818,6,4.326221529733112,11.65570588442731,11.82043885381077,7.583158606945477,1
818,9,4.326221529733112,0.5330555935335556,0.3533625126307178,0.3468039732784511,2
818,10,4.326221529733112,11.65570588442731,11.82043885381077,7.583158606945477,2
819,5,4.326221529733112,0.4334436904049344,2.095125191190569,0.145390371152827,1
819,6,4.326221529733112,4.447580734924668,13.85458138903385,1.491855639146014,1
819,9,4.326221529733112,0.4334436904049344,2.095125191190572,0.145390371152827,2
819,10,4.326221529733112,4.447580734924668,13.85458138903388,1.491855639146014,2
820,5,4.326221529733112,6.242698870193097,4.925462090398256,4.925244819630771,1
820,6,4.326221529733112,7.962727129879331,9.096323894089029,6.28227972581328,1
820,9,4.326221529733112,6.242698870193097,4.925462090398256,4.925244819630771,2
820,10,4.326221529733112,7.962727129879331,9.096323894089029,6.28227972581328,2
821,5,4.326221529733112,0.8864153789391969,11.55409625438083,0.5623426202837875,1
821,6,4.326221529733112,9.399155170400073,83.3035144652024,5.962831503783335,1
821,9,4.326221529733112,0.8864153789391969,11.554096254381,0.5623426202837875,2
821,10,4.326221529733112,9.399155170400073,83.30351446520359,5.962831503783335,2
822,5,4.326221529733112,3.140930148624729,2.71594329488687,2.67576059885278,1
822,6,4.326221529733112,3.140972939210938,2.729793608924397,2.675797052183213,1
822,9,4.326221529733112,3.140930148624729,2.71594329488687,2.67576059885278,2
822,10,4.326221529733112,3.140972939210938,2.729793608924397,2.675797052183213,2
823,5,4.326221529733112,1.309462736776419,0.1954356734320191,0.1705102649714244,1
823,6,4.326221529733112,2.163640088698273,1.551241546620773,0.2817360391139786,1
823,9,4.326221529733112,1.309462736776419,0.1954356734320191,0.1705102649714244,2
823,10,4.326221529733112,2.163640088698273,1.551241546620773,0.2817360391139786,2
824,5,4.326221529733112,0.2541858213821114,0.2606972939023037,0.1400339340787596,1
824,6,4.326221529733112,0.648326443356668,1.908449622820793,0.3571706003776087,1
824,9,4.326221529733112,0.2541858213821114,0.2606972939023037,0.1400339340787596,2
824,10,4.326221529733112,0.648326443356668,1.908449622820793,0.3571706003776087,2
825,5,4.326221529733112,15.41709159582123,12.61162473597603,12.15970341457948,1
825,6,4.326221529733112,2.547553578542612,5.777684348453789,2.009295706346141,1
825,9,4.326221529733112,15.41709159582123,12.61162473597603,12.15970341457948,2
825,10,4.326221529733112,2.547553578542612,5.777684348453788,2.009295706346141,2
826,5,4.326221529733112,7.045817321344709,6.302292420112211,5.828461334836836,1
826,6,4.326221529733112,7.012314965392664,11.48681855469708,5.800747419277191,1
826,9,4.326221529733112,7.045817321344709,6.30229242011221,5.828461334836836,2
826,10,4.326221529733112,7.012314965392664,11.48681855469708,5.800747419277191,2
827,5,4.326221529733112,1.76759613459551,2.903281313793687,0.8725576944290255,1
827,6,4.326221529733112,1.839926414886958,5.71038912230262,0.9082628769496658,1
827,9,4.326221529733112,1.76759613459551,2.903281313793686,0.8725576944290255,2
827,10,4.326221529733112,1.839926414886958,5.710389122302616,0.9082628769496658,2
828,5,4.326221529733112,8.405048823756134,19.55177358034704,10.90166683213646,1
828,6,4.326221529733112,7.505480694953081,10.4961246622771,9.734892880115947,1
828,9,4.326221529733112,8.405048823756134,19.55177358034704,10.90166683213646,2
828,10,4.326221529733112,7.505480694953081,10.49612466227709,9.734892880115947,2
829,5,4.326221529733112,6.471507998893965,7.764802137159471,3.947678287976417,1
829,6,4.326221529733112,1.772805645607429,1.290962090074229,1.081427444293132,1
829,9,4.326221529733112,6.471507998893965,7.764802137159471,3.947678287976417,2
829,10,4.326221529733112,1.772805645607429,1.290962090074229,1.081427444293132,2
830,5,4.326221529733112,10.30233966965958,7.274713273764648,5.414949122683523,1
830,6,4.326221529733112,0.3217739978505142,0.1833449777654073,0.1691256436141739,1
830,9,4.326221529733112,10.30233966965958,7.274713273764649,5.414949122683523,2
830,10,4.326221529733112,0.3217739978505142,0.1833449777654074,0.1691256436141739,2
831,5,4.326221529733112,2.653294258855741,7.750211199928095,5.855074960225648,1
831,6,4.326221529733112,5.024461987917803,12.43090140034379,11.08757593541478,1
831,9,4.326221529733112,2.653294258855741,7.750211199928092,5.855074960225648,2
831,10,4.326221529733112,5.024461987917803,12.43090140034379,11.08757593541478,2
832,5,4.326221529733112,3.341483825694428,27.21710517791272,2.130435261226834,1
832,6,4.326221529733112,10.61919700522609,33.4748588356564,6.770498654485162,1
832,9,4.326221529733112,3.341483825694428,27.21710517791281,2.130435261226834,2
832,10,4.326221529733112,10.61919700522609,33.47485883565651,6.770498654485162,2
833,5,4.326221529733112,0.0837060622526134,0.02657557942814234,0.02631062082493563,1
833,6,4.326221529733112,0.6373370582492679,0.2382206743532519,0.2003287841527017,1
833,9,4.326221529733112,0.0837060622526134,0.02657557942814234,0.02631062082493563,2
833,10,4.326221529733112,0.6373370582492679,0.2382206743532519,0.2003287841527017,2
834,5,4.326221529733112,2.242252237209618,0.9602074797924083,0.3552775775540132,1
834,6,4.326221529733112,1.231086737303466,6.481225772994823,0.1950616913342211,1
834,9,4.326221529733112,2.242252237209618,0.9602074797924061,0.3552775775540132,2
834,10,4.326221529733112,1.231086737303466,6.481225772994815,0.1950616913342211,2
835,5,4.326221529733112,10.10361458591617,24.97305666460966,6.624007938202577,1
835,6,4.326221529733112,2.536175088319821,10.04774879640512,1.662736021336344,1
835,9,4.326221529733112,10.10361458591617,24.97305666460962,6.624007938202577,2
835,10,4.326221529733112,2.536175088319821,10.0477487964051,1.662736021336344,2
836,5,4.326221529733112,2.103614296247474,3.845611904254751,1.005107123650437,1
836,6,4.326221529733112,7.805739481924292,45.14910142673337,3.729583114469673,1
836,9,4.326221529733112,2.103614296247474,3.845611904254753,1.005107123650437,2
836,10,4.326221529733112,7.805739481924292,45.14910142673337,3.729583114469673,2
837,5,4.326221529733112,0.8498368014542717,1.051849326891507,1.015200675590958,1
837,6,4.326221529733112,2.266045342687043,3.489623506328436,2.706979456383798,1
837,9,4.326221529733112,0.8498368014542717,1.051849326891507,1.015200675590958,2
837,10,4.326221529733112,2.266045342687043,3.489623506328436,2.706979456383798,2
838,5,4.326221529733112,2.163632078454292,1.9650737318789,1.842600574754865,1
838,6,4.326221529733112,7.411470847312607,10.22676348740342,6.311784974455227,1
838,9,4.326221529733112,2.163632078454292,1.9650737318789,1.842600574754865,2
838,10,4.326221529733112,7.411470847312607,10.22676348740342,6.311784974455227,2
839,5,4.326221529733112,7.538185852832098,1.965039765487448,1.505752091045796,1
839,6,4.326221529733112,3.812067459352964,3.9783808878616,0.7614602054381333,1
839,9,4.326221529733112,7.538185852832098,1.965039765487448,1.505752091045796,2
839,10,4.326221529733112,3.812067459352964,3.978380887861601,0.7614602054381333,2
840,5,4.326221529733112,0.173413222512215,0.1928941996233479,0.1349330416800057,1
840,6,4.326221529733112,0.02810752020753318,0.04918141962764749,0.02187049603681478,1
840,9,4.326221529733112,0.173413222512215,0.1928941996233479,0.1349330416800057,2
840,10,4.326221529733112,0.02810752020753318,0.0491814196276475,0.02187049603681478,2
841,5,4.326221529733112,6.720906232874857,40.86335753128966,1.448674501272141,1
841,6,4.326221529733112,11.0107085447231,27.225733352484,2.373330642772061,1
841,9,4.326221529733112,6.720906232874857,40.86335753128973,1.448674501272141,2
841,10,4.326221529733112,11.0107085447231,27.22573335248406,2.373330642772061,2
842,5,4.326221529733112,0.8732373422501269,2.713223187473446,0.4791030433037105,1
842,6,4.326221529733112,2.267722726646286,7.697516310426409,1.244189645973727,1
842,9,4.326221529733112,0.8732373422501269,2.713223187473444,0.4791030433037105,2
842,10,4.326221529733112,2.267722726646286,7.697516310426403,1.244189645973727,2
843,5,4.326221529733112,4.845341431490551,6.194288763175892,2.240314682181315,1
843,6,4.326221529733112,1.659115949936345,2.656692459837568,0.767116595319097,1
843,9,4.326221529733112,4.845341431490551,6.194288763175892,2.240314682181315,2
843,10,4.326221529733112,1.659115949936345,2.656692459837568,0.767116595319097,2
844,5,4.326221529733112,1.252239761987494,2.242226203271774,1.398103190896117,1
844,6,4.326221529733112,2.646791885387035,3.830240111085987,2.955095575885824,1
844,9,4.326221529733112,1.252239761987494,2.242226203271774,1.398103190896117,2
844,10,4.326221529733112,2.646791885387035,3.830240111085987,2.955095575885824,2
845,5,4.326221529733112,12.43560873865656,21.80402819756885,4.741385928513881,1
845,6,4.326221529733112,0.02464190746952941,0.01807572013137785,0.009395341698438635,1
845,9,4.326221529733112,12.43560873865656,21.80402819756885,4.741385928513881,2
845,10,4.326221529733112,0.02464190746952941,0.01807572013137784,0.009395341698438635,2
846,5,4.326221529733112,0.4622034224905213,0.248617101772455,0.1257659475514295,1
846,6,4.326221529733112,6.750198792651119,4.939755216384122,1.836734879079553,1
846,9,4.326221529733112,0.4622034224905213,0.248617101772455,0.1257659475514295,2
846,10,4.326221529733112,6.750198792651119,4.939755216384122,1.836734879079553,2
847,5,4.326221529733112,4.251767118674738,1.166531915457766,1.113948311326676,1
847,6,4.326221529733112,9.766526989897768,3.080896630762506,2.558796364960389,1
847,9,4.326221529733112,4.251767118674738,1.166531915457766,1.113948311326676,2
847,10,4.326221529733112,9.766526989897768,3.080896630762506,2.558796364960389,2
848,5,4.326221529733112,0.8421849790249063,1.199446252196166,0.4902968677400172,1
848,6,4.326221529733112,7.236120611773608,23.44253475818778,4.212669851520417,1
848,9,4.326221529733112,0.8421849790249063,1.199446252196168,0.4902968677400172,2
848,10,4.326221529733112,7.236120611773608,23.4425347581878,4.212669851520417,2
849,5,4.326221529733112,2.963215292258234,6.088583569802044,5.946028259503557,1
849,6,4.326221529733112,5.396250937784036,11.69267976637873,10.8281908018178,1
849,9,4.326221529733112,2.963215292258234,6.088583569802044,5.946028259503557,2
849,10,4.326221529733112,5.396250937784036,11.69267976637873,10.8281908018178,2
850,5,4.326221529733112,6.13886126421451,12.94679720291304,4.266558016300086,1
850,6,4.326221529733112,2.775663314953479,2.072920867655261,1.929108356951953,1
850,9,4.326221529733112,6.13886126421451,12.94679720291304,4.266558016300086,2
850,10,4.326221529733112,2.775663314953479,2.072920867655262,1.929108356951953,2
851,5,4.326221529733112,2.655016038229189,3.070903561034442,2.355383943801839,1
851,6,4.326221529733112,3.073785215107668,2.920537130382218,2.726892884303966,1
851,9,4.326221529733112,2.655016038229189,3.070903561034442,2.355383943801839,2
851,10,4.326221529733112,3.073785215107668,2.920537130382218,2.726892884303966,2
852,5,4.326221529733112,0.9789340296690565,1.005397462659598,0.8409891653491628,1
852,6,4.326221529733112,1.295601240657432,1.157809311468525,1.113033741787671,1
852,9,4.326221529733112,0.9789340296690565,1.005397462659598,0.8409891653491628,2
852,10,4.326221529733112,1.295601240657432,1.157809311468525,1.113033741787671,2
853,5,4.326221529733112,3.622338178064779,2.94469185864128,2.466983593849896,1
853,6,4.326221529733112,1.665104595076225,6.874876621589441,1.134014969384137,1
853,9,4.326221529733112,3.622338178064779,2.944691858641278,2.466983593849896,2
853,10,4.326221529733112,1.665104595076225,6.874876621589438,1.134014969384137,2
854,5,4.326221529733112,2.133529779103924,1.426190755181225,1.360940812029975,1
854,6,4.326221529733112,1.822997645434674,6.455157766122492,1.162857870654426,1
854,9,4.326221529733112,2.133529779103924,1.426190755181225,1.360940812029975,2
854,10,4.326221529733112,1.822997645434674,6.455157766122493,1.162857870654426,2
855,5,4.326221529733112,1.405673078012999,4.570120788537683,1.641997078351516,1
855,6,4.326221529733112,2.969735806854187,3.624744166939543,3.469012528306645,1
855,9,4.326221529733112,1.405673078012999,4.570120788537683,1.641997078351516,2
855,10,4.326221529733112,2.969735806854187,3.624744166939543,3.469012528306645,2
856,5,4.326221529733112,15.89304809227843,50.30416504440114,16.38135067215904,1
856,6,4.326221529733112,1.489876986177963,4.775408698989032,1.535652395138621,1
856,9,4.326221529733112,15.89304809227843,50.30416504440118,16.38135067215904,2
856,10,4.326221529733112,1.489876986177963,4.775408698989036,1.535652395138621,2
857,5,4.326221529733112,1.884380746304043,1.24615966300486,1.149358802429062,1
857,6,4.326221529733112,1.177442556066592,0.8437252238321293,0.7181690689761255,1
857,9,4.326221529733112,1.884380746304043,1.24615966300486,1.149358802429062,2
857,10,4.326221529733112,1.177442556066592,0.8437252238321293,0.7181690689761255,2
858,5,4.326221529733112,0.553082037543726,0.4362019998916699,0.2061005951701461,1
858,6,4.326221529733112,2.775087248404173,1.293558850986653,1.034109037576483,1
858,9,4.326221529733112,0.553082037543726,0.4362019998916699,0.2061005951701461,2
858,10,4.326221529733112,2.775087248404173,1.293558850986652,1.034109037576483,2
859,5,4.326221529733112,0.1504834916959669,0.5154490377794213,0.136445948752882,1
859,6,4.326221529733112,0.4361217981939146,0.6169152342333256,0.3954390734540383,1
859,9,4.326221529733112,0.1504834916959669,0.5154490377794213,0.136445948752882,2
859,10,4.326221529733112,0.4361217981939146,0.6169152342333256,0.3954390734540383,2
860,5,4.326221529733112,1.098363199846364,5.948181502773965,2.002428387954922,1
860,6,4.326221529733112,6.287533014547551,36.73154380459505,11.46281539685134,1
860,9,4.326221529733112,1.098363199846364,5.948181502773974,2.002428387954922,2
860,10,4.326221529733112,6.287533014547551,36.73154380459511,11.46281539685134,2
861,5,4.326221529733112,3.261017050502987,5.342441093441693,0.289534607160807,1
861,6,4.326221529733112,0.0312138251274051,0.005589913216866704,0.002771369317083271,1
861,9,4.326221529733112,3.261017050502987,5.342441093441693,0.289534607160807,2
861,10,4.326221529733112,0.0312138251274051,0.005589913216866701,0.002771369317083271,2
862,5,4.326221529733112,0.007987716102290533,0.00430354046713752,0.003446168135123585,1
862,6,4.326221529733112,0.6883583536218228,0.3091039325129504,0.2969808382545561,1
862,9,4.326221529733112,0.007987716102290533,0.00430354046713752,0.003446168135123585,2
862,10,4.326221529733112,0.6883583536218228,0.3091039325129504,0.2969808382545561,2
863,5,4.326221529733112,5.34495070013265,4.204054385252115,3.05682989535389,1
863,6,4.326221529733112,1.46435164176016,1.439333239870086,0.8374771119464051,1
863,9,4.326221529733112,5.34495070013265,4.204054385252115,3.05682989535389,2
863,10,4.326221529733112,1.46435164176016,1.439333239870086,0.8374771119464051,2
864,5,4.326221529733112,1.8005429288133,8.972164918496107,1.031090484883635,1
864,6,4.326221529733112,3.444924414417763,32.63128389617954,1.972754288724762,1
864,9,4.326221529733112,1.8005429288133,8.972164918496041,1.031090484883635,2
864,10,4.326221529733112,3.444924414417763,32.6312838961793,1.972754288724762,2
865,5,4.326221529733112,2.034929900863666,4.381457684785742,4.072155329551955,1
865,6,4.326221529733112,12.54069450498856,25.10817718339907,25.09553569540549,1
865,9,4.326221529733112,2.034929900863666,4.381457684785742,4.072155329551955,2
865,10,4.326221529733112,12.54069450498856,25.10817718339907,25.09553569540549,2
866,5,4.326221529733112,10.49398259342432,10.91209625869254,9.190269947501315,1
866,6,4.326221529733112,6.424489248416671,6.007336739567297,5.626347284468159,1
866,9,4.326221529733112,10.49398259342432,10.91209625869254,9.190269947501315,2
866,10,4.326221529733112,6.424489248416671,6.007336739567297,5.626347284468159,2
867,5,4.326221529733112,4.323810021268254,3.796611468336578,3.698967416584385,1
867,6,4.326221529733112,3.133047305963809,2.787466353386044,2.680284249856643,1
867,9,4.326221529733112,4.323810021268254,3.796611468336578,3.698967416584385,2
867,10,4.326221529733112,3.133047305963809,2.787466353386045,2.680284249856643,2
868,5,4.326221529733112,6.810480441428973,22.831191139636,5.185157500456444,1
868,6,4.326221529733112,0.9769970495582373,1.911221891446977,0.7438364478112777,1
868,9,4.326221529733112,6.810480441428973,22.831191139636,5.185157500456444,2
868,10,4.326221529733112,0.9769970495582373,1.911221891446977,0.7438364478112777,2
869,5,4.326221529733112,3.847999674108374,3.390903550832184,1.204417188683291,1
869,6,4.326221529733112,4.387262565477415,3.670498193943081,1.373205533431376,1
869,9,4.326221529733112,3.847999674108374,3.390903550832184,1.204417188683291,2
869,10,4.326221529733112,4.387262565477415,3.670498193943081,1.373205533431376,2
870,5,4.326221529733112,3.171390258050486,2.68227549619672,2.682077631114792,1
870,6,4.326221529733112,2.083906871112107,1.854298550178261,1.762381652698898,1
870,9,4.326221529733112,3.171390258050486,2.68227549619672,2.682077631114792,2
870,10,4.326221529733112,2.083906871112107,1.854298550178261,1.762381652698898,2
871,5,4.326221529733112,0.6682400421388941,0.8499055599678118,0.3277947980159226,1
871,6,4.326221529733112,5.334400013886371,2.771213862016445,2.616707268081628,1
871,9,4.326221529733112,0.6682400421388941,0.8499055599678118,0.3277947980159226,2
871,10,4.326221529733112,5.334400013886371,2.771213862016445,2.616707268081628,2
872,5,4.326221529733112,5.973359231665927,3.496667493912322,2.599348202946837,1
872,6,4.326221529733112,4.436146639688586,7.436962163079183,1.930419609581599,1
872,9,4.326221529733112,5.973359231665927,3.496667493912323,2.599348202946837,2
872,10,4.326221529733112,4.436146639688586,7.436962163079185,1.930419609581599,2
873,5,4.326221529733112,4.87290697876625,33.50449469908061,3.027228848730594,1
873,6,4.326221529733112,1.410763347293423,6.143880310236526,0.8764180236290228,1
873,9,4.326221529733112,4.87290697876625,33.50449469908061,3.027228848730594,2
873,10,4.326221529733112,1.410763347293423,6.143880310236526,0.8764180236290228,2
874,5,4.326221529733112,21.06348681813289,35.57286814579049,12.70793979940906,1
874,6,4.326221529733112,10.04664893025281,6.061397487762507,6.061304611805355,1
874,9,4.326221529733112,21.06348681813289,35.57286814579049,12.70793979940906,2
874,10,4.326221529733112,10.04664893025281,6.061397487762507,6.061304611805355,2
875,5,4.326221529733112,5.651289204957451,3.652579452230952,2.832372354081413,1
875,6,4.326221529733112,5.416513595865116,4.388998486960738,2.714705053667479,1
875,9,4.326221529733112,5.651289204957451,3.652579452230952,2.832372354081413,2
875,10,4.326221529733112,5.416513595865116,4.388998486960738,2.714705053667479,2
876,5,4.326221529733112,0.1390856471795854,0.2308057895988495,0.1349448226387533,1
876,6,4.326221529733112,1.106727098436245,1.318269206459056,1.073777884609089,1
876,9,4.326221529733112,0.1390856471795854,0.2308057895988495,0.1349448226387533,2
876,10,4.326221529733112,1.106727098436245,1.318269206459056,1.073777884609089,2
877,5,4.326221529733112,2.027876133461314,4.068912736480568,3.902400008004501,1
877,6,4.326221529733112,14.37300923403886,27.67918880289481,27.65910127569044,1
877,9,4.326221529733112,2.027876133461314,4.068912736480568,3.902400008004501,2
877,10,4.326221529733112,14.37300923403886,27.67918880289481,27.65910127569044,2
878,5,4.326221529733112,14.58925871999636,49.20039248626789,3.418216523912121,1
878,6,4.326221529733112,7.709230452129042,7.732577489604497,1.806247968033881,1
878,9,4.326221529733112,14.58925871999636,49.20039248626791,3.418216523912121,2
878,10,4.326221529733112,7.709230452129042,7.732577489604501,1.806247968033881,2
879,5,4.326221529733112,3.463243508441573,1.62803761821602,1.259386522590264,1
879,6,4.326221529733112,2.825404237292051,1.45569492950109,1.02744031964308,1
879,9,4.326221529733112,3.463243508441573,1.62803761821602,1.259386522590264,2
879,10,4.326221529733112,2.825404237292051,1.45569492950109,1.02744031964308,2
880,5,4.326221529733112,16.4171592027588,20.35286552190049,2.840931685778092,1
880,6,4.326221529733112,6.371006643870012,17.40179026574195,1.102480302550244,1
880,9,4.326221529733112,16.4171592027588,20.3528655219005,2.840931685778092,2
880,10,4.326221529733112,6.371006643870012,17.40179026574195,1.102480302550244,2
881,5,4.326221529733112,7.754854469287957,26.29590716868106,10.0501873116175,1
881,6,4.326221529733112,10.53276645655813,19.51943520048162,13.65032396380361,1
881,9,4.326221529733112,7.754854469287957,26.29590716868105,10.0501873116175,2
881,10,4.326221529733112,10.53276645655813,19.51943520048162,13.65032396380361,2
882,5,4.326221529733112,2.477320225762917,43.94507853561918,3.359518103114818,1
882,6,4.326221529733112,11.48206926380578,32.00955690310078,15.57094603750487,1
882,9,4.326221529733112,2.477320225762917,43.94507853561887,3.359518103114818,2
882,10,4.326221529733112,11.48206926380578,32.00955690310057,15.57094603750487,2
883,5,4.326221529733112,2.983958331785045,8.314272206549479,3.105837065162337,1
883,6,4.326221529733112,0.6423820452345768,0.7242966712637066,0.6686199149740878,1
883,9,4.326221529733112,2.983958331785045,8.314272206549479,3.105837065162337,2
883,10,4.326221529733112,0.6423820452345768,0.7242966712637067,0.6686199149740878,2
884,5,4.326221529733112,0.6045863664730663,0.3658321162609195,0.230218731364888,1
884,6,4.326221529733112,8.992846494834366,6.993459894564985,3.424360564856002,1
884,9,4.326221529733112,0.6045863664730663,0.3658321162609195,0.230218731364888,2
884,10,4.326221529733112,8.992846494834366,6.993459894564987,3.424360564856002,2
885,5,4.326221529733112,6.902259882126805,4.614847205288128,3.310841872728284,1
885,6,4.326221529733112,0.08236515228699663,0.09196268586504538,0.03950850876414744,1
885,9,4.326221529733112,6.902259882126805,4.614847205288128,3.310841872728284,2
885,10,4.326221529733112,0.08236515228699663,0.0919626858650454,0.03950850876414744,2
886,5,4.326221529733112,11.16324166790192,53.69317588288837,6.669893447029453,1
886,6,4.326221529733112,8.806154642201871,16.47824218953225,5.261564238140287,1
886,9,4.326221529733112,11.16324166790192,53.69317588288837,6.669893447029453,2
886,10,4.326221529733112,8.806154642201871,16.47824218953226,5.261564238140287,2
887,5,4.326221529733112,9.261484486088023,7.441145798334437,5.895674584995541,1
887,6,4.326221529733112,1.991644234903786,1.274883134135735,1.267840627030506,1
887,9,4.326221529733112,9.261484486088023,7.441145798334436,5.895674584995541,2
887,10,4.326221529733112,1.991644234903786,1.274883134135735,1.267840627030506,2
888,5,4.326221529733112,1.659112051479524,2.510206037876852,0.7886667770544249,1
888,6,4.326221529733112,12.21636433537258,8.556007613094645,5.807106686440592,1
888,9,4.326221529733112,1.659112051479524,2.510206037876852,0.7886667770544249,2
888,10,4.326221529733112,12.21636433537258,8.556007613094645,5.807106686440592,2
889,5,4.326221529733112,0.438733455203494,0.2346119427308785,0.1015308094924159,1
889,6,4.326221529733112,7.133450214000535,2.549927951643566,1.650808631325807,1
889,9,4.326221529733112,0.438733455203494,0.2346119427308785,0.1015308094924159,2
889,10,4.326221529733112,7.133450214000535,2.549927951643566,1.650808631325807,2
890,5,4.326221529733112,14.70861176570339,32.03580803426919,19.0810050016894,1
890,6,4.326221529733112,0.9096390182396638,2.001611514126829,1.180045196191418,1
890,9,4.326221529733112,14.70861176570339,32.03580803426919,19.0810050016894,2
890,10,4.326221529733112,0.9096390182396638,2.001611514126829,1.180045196191418,2
891,5,4.326221529733112,7.066745046131015,6.526717510873406,6.446867912130202,1
891,6,4.326221529733112,11.84816259786955,12.31207751505623,10.8088715202377,1
891,9,4.326221529733112,7.066745046131015,6.526717510873406,6.446867912130202,2
891,10,4.326221529733112,11.84816259786955,12.31207751505623,10.8088715202377,2
892,5,4.326221529733112,1.065158430047049,1.515164304257161,1.482139869319842,1
892,6,4.326221529733112,1.271127310322378,1.808740796109328,1.768740135236853,1
892,9,4.326221529733112,1.065158430047049,1.515164304257161,1.482139869319842,2
892,10,4.326221529733112,1.271127310322378,1.808740796109328,1.768740135236853,2
893,5,4.326221529733112,4.015400587450655,6.08530938309978,0.9715699548303158,1
893,6,4.326221529733112,6.186837767278765,12.62361992580873,1.496972857174836,1
893,9,4.326221529733112,4.015400587450655,6.085309383099779,0.9715699548303158,2
893,10,4.326221529733112,6.186837767278765,12.62361992580873,1.496972857174836,2
894,5,4.326221529733112,5.930632540504435,5.898022585550403,2.461911756157762,1
894,6,4.326221529733112,7.168921350623581,24.85356172462813,2.975947612928553,1
894,9,4.326221529733112,5.930632540504435,5.898022585550403,2.461911756157762,2
894,10,4.326221529733112,7.168921350623581,24.85356172462812,2.975947612928553,2
895,5,4.326221529733112,0.9515334313053802,0.907934535825653,0.4771349265722775,1
895,6,4.326221529733112,1.123639499758438,1.755153315951588,0.5634354322952749,1
895,9,4.326221529733112,0.9515334313053802,0.9079345358256532,0.4771349265722775,2
895,10,4.326221529733112,1.123639499758438,1.755153315951589,0.5634354322952749,2
896,5,4.326221529733112,0.7224287049374484,0.6801393332802846,0.655724331670825,1
896,6,4.326221529733112,3.615659804617993,3.284705152302748,3.281813267840017,1
896,9,4.326221529733112,0.7224287049374484,0.6801393332802846,0.655724331670825,2
896,10,4.326221529733112,3.615659804617993,3.284705152302748,3.281813267840017,2
897,5,4.326221529733112,3.605197526098867,9.06889853863872,3.444157843056067,1
897,6,4.326221529733112,0.131150365441653,0.2306862820038226,0.1252920419715031,1
897,9,4.326221529733112,3.605197526098867,9.068898538638711,3.444157843056067,2
897,10,4.326221529733112,0.131150365441653,0.2306862820038224,0.1252920419715031,2
898,5,4.326221529733112,3.704948595546192,0.9703308418248914,0.9638350773537565,1
898,6,4.326221529733112,10.22509230823453,4.009891720603131,2.66003761771589,1
898,9,4.326221529733112,3.704948595546192,0.9703308418248914,0.9638350773537565,2
898,10,4.326221529733112,10.22509230823453,4.009891720603131,2.66003761771589,2
899,5,4.326221529733112,3.386709063167464,2.979498093372001,2.962343115518204,1
899,6,4.326221529733112,2.532866818117578,2.336945221728583,2.215490153192439,1
899,9,4.326221529733112,3.386709063167464,2.979498093372001,2.962343115518204,2
899,10,4.326221529733112,2.532866818117578,2.336945221728583,2.215490153192439,2
900,5,4.326221529733112,0.5021098056575544,3.626875908643069,0.4523310694228167,1
900,6,4.326221529733112,0.6153581853537354,1.093747394504265,0.5543521017173173,1
900,9,4.326221529733112,0.5021098056575544,3.626875908643067,0.4523310694228167,2
900,10,4.326221529733112,0.6153581853537354,1.093747394504264,0.5543521017173173,2
901,5,4.326221529733112,8.790763062489173,9.68612141215514,4.310968601985103,1
901,6,4.326221529733112,2.142337262425063,1.950131693263203,1.05059692856311,1
901,9,4.326221529733112,8.790763062489173,9.68612141215514,4.310968601985103,2
901,10,4.326221529733112,2.142337262425063,1.950131693263202,1.05059692856311,2
902,5,4.326221529733112,12.35066336253387,11.87175445691579,5.613660130587873,1
902,6,4.326221529733112,0.2280610938467477,0.1390344679810871,0.1036590045640341,1
902,9,4.326221529733112,12.35066336253387,11.87175445691579,5.613660130587873,2
902,10,4.326221529733112,0.2280610938467477,0.139034467981087,0.1036590045640341,2
903,5,4.326221529733112,5.692033247976479,4.978085579387916,3.91600240457979,1
903,6,4.326221529733112,4.811606835680793,4.099213870048809,3.310287048150496,1
903,9,4.326221529733112,5.692033247976479,4.978085579387915,3.91600240457979,2
903,10,4.326221529733112,4.811606835680793,4.099213870048809,3.310287048150496,2
904,5,4.326221529733112,2.883787761411462,5.42214275835948,2.4133197348277,1
904,6,4.326221529733112,6.378828402860701,7.177806261847195,5.338171094175308,1
904,9,4.326221529733112,2.883787761411462,5.422142758359479,2.4133197348277,2
904,10,4.326221529733112,6.378828402860701,7.177806261847193,5.338171094175308,2
905,5,4.326221529733112,4.757182474513007,16.51229641360074,1.647480022391595,1
905,6,4.326221529733112,0.27621675175565,1.505240758614308,0.09565779383182407,1
905,9,4.326221529733112,4.757182474513007,16.51229641360068,1.647480022391595,2
905,10,4.326221529733112,0.27621675175565,1.505240758614303,0.09565779383182407,2
906,5,4.326221529733112,1.675755063106645,3.917207478296182,0.6554158287701221,1
906,6,4.326221529733112,4.269676012599376,2.052028834215108,1.669941690159548,1
906,9,4.326221529733112,1.675755063106645,3.917207478296181,0.6554158287701221,2
906,10,4.326221529733112,4.269676012599376,2.052028834215107,1.669941690159548,2
907,5,4.326221529733112,9.340390190802985,20.02236623030493,7.752762468888206,1
907,6,4.326221529733112,3.433014877801928,21.8244833013899,2.849490048709573,1
907,9,4.326221529733112,9.340390190802985,20.02236623030488,7.752762468888206,2
907,10,4.326221529733112,3.433014877801928,21.82448330138984,2.849490048709573,2
908,5,4.326221529733112,3.899978474100217,3.535076344536523,3.460254050271858,1
908,6,4.326221529733112,5.493955614225932,6.432830588055563,4.874509511369827,1
908,9,4.326221529733112,3.899978474100217,3.535076344536523,3.460254050271858,2
908,10,4.326221529733112,5.493955614225932,6.432830588055563,4.874509511369827,2
909,5,4.326221529733112,1.778907938128785,1.594502989650592,0.7762487176648039,1
909,6,4.326221529733112,0.8219080188453279,2.213917967052456,0.3586498390345125,1
909,9,4.326221529733112,1.778907938128785,1.594502989650593,0.7762487176648039,2
909,10,4.326221529733112,0.8219080188453279,2.213917967052456,0.3586498390345125,2
910,5,4.326221529733112,1.981572378182212,10.75866490799549,1.672043871066685,1
910,6,4.326221529733112,6.343242011914832,23.66730990149332,5.35240551669601,1
910,9,4.326221529733112,1.981572378182212,10.75866490799549,1.672043871066685,2
910,10,4.326221529733112,6.343242011914832,23.66730990149332,5.35240551669601,2
911,5,4.326221529733112,5.519682607972607,7.073891018222489,2.948034783961193,1
911,6,4.326221529733112,4.133534225661017,2.983226785357171,2.207699888457654,1
911,9,4.326221529733112,5.519682607972607,7.073891018222488,2.948034783961193,2
911,10,4.326221529733112,4.133534225661017,2.983226785357171,2.207699888457654,2
912,5,4.326221529733112,1.660288560559577,1.230948601785337,0.5512237672906454,1
912,6,4.326221529733112,7.244311832919739,2.441282079552118,2.405146282899374,1
912,9,4.326221529733112,1.660288560559577,1.230948601785337,0.5512237672906454,2
912,10,4.326221529733112,7.244311832919739,2.441282079552118,2.405146282899374,2
913,5,4.326221529733112,0.3119539908128496,0.8116710763571183,0.195391003806374,1
913,6,4.326221529733112,3.028941852401093,3.243967560677273,1.897164346157837,1
913,9,4.326221529733112,0.3119539908128496,0.8116710763571183,0.195391003806374,2
913,10,4.326221529733112,3.028941852401093,3.243967560677273,1.897164346157837,2
914,5,4.326221529733112,3.936628867628188,6.208313413417391,5.964055230128184,1
914,6,4.326221529733112,3.806862188940072,9.457810307856018,5.767456651814014,1
914,9,4.326221529733112,3.936628867628188,6.208313413417391,5.964055230128184,2
914,10,4.326221529733112,3.806862188940072,9.457810307856018,5.767456651814014,2
915,5,4.326221529733112,5.389466096817534,5.921724666003628,1.752588373735452,1
915,6,4.326221529733112,2.652502266739872,2.675940413040255,0.8625612538392818,1
915,9,4.326221529733112,5.389466096817534,5.921724666003628,1.752588373735452,2
915,10,4.326221529733112,2.652502266739872,2.675940413040255,0.8625612538392818,2
916,5,4.326221529733112,4.636700813265606,10.99150395757726,3.463532193167366,1
916,6,4.326221529733112,2.178921201138484,2.261470995186325,1.627614985406594,1
916,9,4.326221529733112,4.636700813265606,10.99150395757726,3.463532193167366,2
916,10,4.326221529733112,2.178921201138484,2.261470995186325,1.627614985406594,2
917,5,4.326221529733112,0.5551574731116622,0.6083577304402011,0.2664000748044961,1
917,6,4.326221529733112,11.50948196383984,7.21283432420767,5.522985827682851,1
917,9,4.326221529733112,0.5551574731116622,0.6083577304402009,0.2664000748044961,2
917,10,4.326221529733112,11.50948196383984,7.21283432420767,5.522985827682851,2
918,5,4.326221529733112,4.966076766419525,6.038392400359051,2.887655575488259,1
918,6,4.326221529733112,3.566930364900982,5.126006958594864,2.074085206502133,1
918,9,4.326221529733112,4.966076766419525,6.038392400359051,2.887655575488259,2
918,10,4.326221529733112,3.566930364900982,5.126006958594864,2.074085206502133,2
919,5,4.326221529733112,1.473297449226627,1.370453195269902,1.190735504975801,1
919,6,4.326221529733112,9.701728896568392,9.16918779615686,7.841045990310874,1
919,9,4.326221529733112,1.473297449226627,1.370453195269902,1.190735504975801,2
919,10,4.326221529733112,9.701728896568392,9.16918779615686,7.841045990310874,2
920,5,4.326221529733112,8.041485204018919,8.301745552577676,4.456901601018415,1
920,6,4.326221529733112,0.6555711683951443,0.3710093059931191,0.3633428546932582,1
920,9,4.326221529733112,8.041485204018919,8.301745552577675,4.456901601018415,2
920,10,4.326221529733112,0.6555711683951443,0.3710093059931191,0.3633428546932582,2
921,5,4.326221529733112,21.3020517750029,24.96913252965874,13.78850110465381,1
921,6,4.326221529733112,26.24747469263968,43.2383762752028,16.98959976327379,1
921,9,4.326221529733112,21.3020517750029,24.96913252965873,13.78850110465381,2
921,10,4.326221529733112,26.24747469263968,43.23837627520279,16.98959976327379,2
922,5,4.326221529733112,2.120768495987014,1.973278907268822,0.3715297917517076,1
922,6,4.326221529733112,9.507340129252428,4.416584375132404,1.66555666260493,1
922,9,4.326221529733112,2.120768495987014,1.973278907268822,0.3715297917517076,2
922,10,4.326221529733112,9.507340129252428,4.416584375132404,1.66555666260493,2
923,5,4.326221529733112,8.533767349683384,11.17105654793763,8.762090712129519,1
923,6,4.326221529733112,6.172194861016129,9.203409234305438,6.337333682663551,1
923,9,4.326221529733112,8.533767349683384,11.17105654793762,8.762090712129519,2
923,10,4.326221529733112,6.172194861016129,9.203409234305434,6.337333682663551,2
924,5,4.326221529733112,1.978033180095331,0.3517273085562905,0.2435645461804281,1
924,6,4.326221529733112,1.083754240858819,0.6078781652698514,0.1334477664490799,1
924,9,4.326221529733112,1.978033180095331,0.3517273085562903,0.2435645461804281,2
924,10,4.326221529733112,1.083754240858819,0.6078781652698514,0.1334477664490799,2
925,5,4.326221529733112,4.146286233323657,2.303150690479131,2.23253613208027,1
925,6,4.326221529733112,1.83381903093731,1.093784261478273,0.9874058412465585,1
925,9,4.326221529733112,4.146286233323657,2.303150690479131,2.23253613208027,2
925,10,4.326221529733112,1.83381903093731,1.093784261478273,0.9874058412465585,2
926,5,4.326221529733112,0.2912467354475197,0.1744839725570818,0.1073890163470698,1
926,6,4.326221529733112,2.972575354128707,5.126858726816054,1.096053292432339,1
926,9,4.326221529733112,0.2912467354475197,0.1744839725570818,0.1073890163470698,2
926,10,4.326221529733112,2.972575354128707,5.126858726816054,1.096053292432339,2
927,5,4.326221529733112,0.4946330272413292,1.189295464761792,0.1821594237273545,1
927,6,4.326221529733112,3.210337730244801,4.506834168107863,1.182277039147769,1
927,9,4.326221529733112,0.4946330272413292,1.189295464761793,0.1821594237273545,2
927,10,4.326221529733112,3.210337730244801,4.506834168107868,1.182277039147769,2
928,5,4.326221529733112,9.186845850840392,10.58544476491511,6.3940486748382,1
928,6,4.326221529733112,0.3587321820386992,0.2499367202514187,0.2496777534344428,1
928,9,4.326221529733112,9.186845850840392,10.58544476491511,6.3940486748382,2
928,10,4.326221529733112,0.3587321820386992,0.2499367202514187,0.2496777534344428,2
929,5,4.326221529733112,4.820474258828631,5.445979286058167,3.195070535986226,1
929,6,4.326221529733112,2.035157321382957,3.126622625824623,1.348927687299264,1
929,9,4.326221529733112,4.820474258828631,5.445979286058166,3.195070535986226,2
929,10,4.326221529733112,2.035157321382957,3.126622625824622,1.348927687299264,2
930,5,4.326221529733112,7.567084857078879,6.109055714022252,2.756741226729281,1
930,6,4.326221529733112,5.341913766224823,4.218312615608747,1.946096044530078,1
930,9,4.326221529733112,7.567084857078879,6.109055714022251,2.756741226729281,2
930,10,4.326221529733112,5.341913766224823,4.218312615608746,1.946096044530078,2
931,5,4.326221529733112,2.357491801247346,1.70485115886888,1.366322895376407,1
931,6,4.326221529733112,0.5147491943238401,0.3251133649494292,0.2983313066917558,1
931,9,4.326221529733112,2.357491801247346,1.70485115886888,1.366322895376407,2
931,10,4.326221529733112,0.5147491943238401,0.3251133649494292,0.2983313066917558,2
932,5,4.326221529733112,8.446942781531401,4.67588973160443,4.425641346238132,1
932,6,4.326221529733112,10.93262325191326,6.516057463320139,5.727974101150463,1
932,9,4.326221529733112,8.446942781531401,4.67588973160443,4.425641346238132,2
932,10,4.326221529733112,10.93262325191326,6.51605746332014,5.727974101150463,2
933,5,4.326221529733112,0.389548599677318,1.347473291334391,0.4074886680526613,1
933,6,4.326221529733112,7.388986974466113,26.75010857741933,7.729275533213977,1
933,9,4.326221529733112,0.389548599677318,1.347473291334391,0.4074886680526613,2
933,10,4.326221529733112,7.388986974466113,26.75010857741933,7.729275533213977,2
934,5,4.326221529733112,8.692607037474604,7.662124415672205,5.878881928551825,1
934,6,4.326221529733112,1.256672706770163,1.405702694755917,0.8498981299955033,1
934,9,4.326221529733112,8.692607037474604,7.662124415672205,5.878881928551825,2
934,10,4.326221529733112,1.256672706770163,1.405702694755917,0.8498981299955033,2
935,5,4.326221529733112,17.24715641055993,46.67857766849551,9.00840645277982,1
935,6,4.326221529733112,7.65943577556834,11.65449860316933,4.000619523751531,1
935,9,4.326221529733112,17.24715641055993,46.67857766849549,9.00840645277982,2
935,10,4.326221529733112,7.65943577556834,11.65449860316932,4.000619523751531,2
936,5,4.326221529733112,10.97029474731995,10.98325546445097,10.73306208887357,1
936,6,4.326221529733112,5.660039675248265,11.8727061233518,5.537641299452646,1
936,9,4.326221529733112,10.97029474731995,10.98325546445097,10.73306208887357,2
936,10,4.326221529733112,5.660039675248265,11.8727061233518,5.537641299452646,2
937,5,4.326221529733112,0.4597557113484334,1.09766472821001,0.1841389764102264,1
937,6,4.326221529733112,9.110036597670549,19.64212313540954,3.648704676739571,1
937,9,4.326221529733112,0.4597557113484334,1.09766472821001,0.1841389764102264,2
937,10,4.326221529733112,9.110036597670549,19.64212313540954,3.648704676739571,2
938,5,4.326221529733112,4.01141721157102,1.800977327709136,1.724382127943744,1
938,6,4.326221529733112,3.94001737697856,1.737787916417673,1.693689584083127,1
938,9,4.326221529733112,4.01141721157102,1.800977327709136,1.724382127943744,2
938,10,4.326221529733112,3.94001737697856,1.737787916417673,1.693689584083127,2
939,5,4.326221529733112,4.806455235278678,5.215981909321088,1.794242546856956,1
939,6,4.326221529733112,5.443232216504779,5.07197893520115,2.031950441063269,1
939,9,4.326221529733112,4.806455235278678,5.215981909321088,1.794242546856956,2
939,10,4.326221529733112,5.443232216504779,5.07197893520115,2.031950441063269,2
940,5,4.326221529733112,5.396813049964513,29.58318096835782,8.311366479410669,1
940,6,4.326221529733112,13.10703456603534,42.59176849720395,20.18549961395076,1
940,9,4.326221529733112,5.396813049964513,29.58318096835782,8.311366479410669,2
940,10,4.326221529733112,13.10703456603534,42.59176849720395,20.18549961395076,2
941,5,4.326221529733112,0.995025268677896,0.441692778044147,0.3134053561227498,1
941,6,4.326221529733112,8.205331381101093,18.78243962263638,2.584451756703704,1
941,9,4.326221529733112,0.995025268677896,0.441692778044147,0.3134053561227498,2
941,10,4.326221529733112,8.205331381101093,18.78243962263639,2.584451756703704,2
942,5,4.326221529733112,9.259871695302488,11.47794803465988,11.29700567081781,1
942,6,4.326221529733112,4.968385372020187,6.120967803602804,6.06140987363722,1
942,9,4.326221529733112,9.259871695302488,11.47794803465988,11.29700567081781,2
942,10,4.326221529733112,4.968385372020187,6.120967803602803,6.06140987363722,2
943,5,4.326221529733112,1.110943224893598,4.899233706620967,0.533868900904712,1
943,6,4.326221529733112,1.662597070392938,3.449030765333721,0.7989687058068011,1
943,9,4.326221529733112,1.110943224893598,4.899233706620967,0.533868900904712,2
943,10,4.326221529733112,1.662597070392938,3.449030765333721,0.7989687058068011,2
944,5,4.326221529733112,2.478132794787724,5.739751528921055,2.373982449124575,1
944,6,4.326221529733112,3.725504499303204,7.070025282383804,3.568929927436774,1
944,9,4.326221529733112,2.478132794787724,5.739751528921059,2.373982449124575,2
944,10,4.326221529733112,3.725504499303204,7.070025282383808,3.568929927436774,2
945,5,4.326221529733112,2.537213197855076,11.58394470317662,1.186113962108785,1
945,6,4.326221529733112,1.69855612813526,4.26198810661713,0.794052758636859,1
945,9,4.326221529733112,2.537213197855076,11.58394470317662,1.186113962108785,2
945,10,4.326221529733112,1.69855612813526,4.26198810661713,0.794052758636859,2
946,5,4.326221529733112,3.811065470744407,4.216051220345348,0.6753780134192378,1
946,6,4.326221529733112,5.136467076207498,1.815590429327254,0.9102590749365261,1
946,9,4.326221529733112,3.811065470744407,4.216051220345348,0.6753780134192378,2
946,10,4.326221529733112,5.136467076207498,1.815590429327253,0.9102590749365261,2
947,5,4.326221529733112,7.085244032484873,5.752447042718211,3.229534447979204,1
947,6,4.326221529733112,1.068886555655649,0.5653065240708622,0.4872105938263786,1
947,9,4.326221529733112,7.085244032484873,5.75244704271821,3.229534447979204,2
947,10,4.326221529733112,1.068886555655649,0.5653065240708622,0.4872105938263786,2
948,5,4.326221529733112,1.631219698186372,3.262639699587118,0.7731936748741223,1
948,6,4.326221529733112,1.724773494198487,0.8252744717853666,0.8175379182752136,1
948,9,4.326221529733112,1.631219698186372,3.262639699587118,0.7731936748741223,2
948,10,4.326221529733112,1.724773494198487,0.8252744717853666,0.8175379182752136,2
949,5,4.326221529733112,0.03691270866476301,0.02099093803710663,0.01732689481917716,1
949,6,4.326221529733112,1.308968276008995,2.687520434985157,0.6144321687695122,1
949,9,4.326221529733112,0.03691270866476301,0.02099093803710663,0.01732689481917716,2
949,10,4.326221529733112,1.308968276008995,2.687520434985156,0.6144321687695122,2
950,5,4.326221529733112,14.3035460960513,14.00622981799453,3.734251488425612,1
950,6,4.326221529733112,2.794277256778634,0.8649599307650974,0.7295067904930271,1
950,9,4.326221529733112,14.3035460960513,14.00622981799453,3.734251488425612,2
950,10,4.326221529733112,2.794277256778634,0.8649599307650974,0.7295067904930271,2
951,5,4.326221529733112,1.387945551846723,0.6407114668337145,0.2555180647556339,1
951,6,4.326221529733112,0.1856844677326094,0.0775777476566215,0.03418414777660959,1
951,9,4.326221529733112,1.387945551846723,0.6407114668337145,0.2555180647556339,2
951,10,4.326221529733112,0.1856844677326094,0.0775777476566215,0.03418414777660959,2
952,5,4.326221529733112,1.734785231260804,1.667482268490118,1.651066400905473,1
952,6,4.326221529733112,0.1390046829385076,0.2354305355134852,0.1322964695759418,1
952,9,4.326221529733112,1.734785231260804,1.667482268490118,1.651066400905473,2
952,10,4.326221529733112,0.1390046829385076,0.2354305355134852,0.1322964695759418,2
953,5,4.326221529733112,5.997550519596554,7.136442674156139,5.122588852504439,1
953,6,4.326221529733112,2.775364402285873,2.677713006010546,2.370476197296562,1
953,9,4.326221529733112,5.997550519596554,7.136442674156138,5.122588852504439,2
953,10,4.326221529733112,2.775364402285873,2.677713006010546,2.370476197296562,2
954,5,4.326221529733112,1.017919270412891,5.270490888393644,0.07321099517820032,1
954,6,4.326221529733112,4.880424972232761,38.81443490698489,0.351010909700896,1
954,9,4.326221529733112,1.017919270412891,5.270490888393644,0.07321099517820032,2
954,10,4.326221529733112,4.880424972232761,38.81443490698489,0.351010909700896,2
955,5,4.326221529733112,3.898384619747311,14.56450371583529,0.8086868311429053,1
955,6,4.326221529733112,8.994457161064595,9.27245155869846,1.86582386524586,1
955,9,4.326221529733112,3.898384619747311,14.56450371583528,0.8086868311429053,2
955,10,4.326221529733112,8.994457161064595,9.272451558698446,1.86582386524586,2
956,5,4.326221529733112,5.240931257903604,15.42953100143366,3.322968733377844,1
956,6,4.326221529733112,0.2854580241589546,0.2472096844937617,0.1809922783363228,1
956,9,4.326221529733112,5.240931257903604,15.42953100143365,3.322968733377844,2
956,10,4.326221529733112,0.2854580241589546,0.2472096844937617,0.1809922783363228,2
957,5,4.326221529733112,2.609596806642875,5.72828877968859,4.697632255825806,1
957,6,4.326221529733112,2.31606666905412,4.626414942260694,4.169237739522038,1
957,9,4.326221529733112,2.609596806642875,5.72828877968859,4.697632255825806,2
957,10,4.326221529733112,2.31606666905412,4.626414942260693,4.169237739522038,2
958,5,4.326221529733112,1.828223485918073,1.752937655447539,0.5611760782790581,1
958,6,4.326221529733112,1.681883758714876,0.5825277345235179,0.516256868543013,1
958,9,4.326221529733112,1.828223485918073,1.752937655447539,0.5611760782790581,2
958,10,4.326221529733112,1.681883758714876,0.582527734523518,0.516256868543013,2
959,5,4.326221529733112,2.511570731390258,3.234606417933446,1.779153454550462,1
959,6,4.326221529733112,3.064534875923187,2.30291836576571,2.170863731984585,1
959,9,4.326221529733112,2.511570731390258,3.234606417933446,1.779153454550462,2
959,10,4.326221529733112,3.064534875923187,2.30291836576571,2.170863731984585,2
960,5,4.326221529733112,7.121241866185454,32.28446844494005,5.48342093047852,1
960,6,4.326221529733112,1.595461213286581,10.33817541982754,1.228519628331138,1
960,9,4.326221529733112,7.121241866185454,32.28446844493995,5.48342093047852,2
960,10,4.326221529733112,1.595461213286581,10.3381754198275,1.228519628331138,2
961,5,4.326221529733112,5.641050958321115,12.59079291484863,2.592143574996915,1
961,6,4.326221529733112,6.70746574557194,8.331834841562804,3.082176418074907,1
961,9,4.326221529733112,5.641050958321115,12.59079291484862,2.592143574996915,2
961,10,4.326221529733112,6.70746574557194,8.331834841562801,3.082176418074907,2
962,5,4.326221529733112,5.835849901758184,12.22758805323116,4.374343561725375,1
962,6,4.326221529733112,1.358841957510934,1.057527085185591,1.018539144820959,1
962,9,4.326221529733112,5.835849901758184,12.22758805323116,4.374343561725375,2
962,10,4.326221529733112,1.358841957510934,1.057527085185591,1.018539144820959,2
963,5,4.326221529733112,3.099058511900481,6.377022045194739,5.706028038299924,1
963,6,4.326221529733112,3.997213649386717,10.65864407410201,7.359723306575698,1
963,9,4.326221529733112,3.099058511900481,6.377022045194739,5.706028038299924,2
963,10,4.326221529733112,3.997213649386717,10.65864407410201,7.359723306575698,2
964,5,4.326221529733112,11.22536037375244,14.6372895217521,2.335660139287226,1
964,6,4.326221529733112,6.004026376895502,5.975690968380011,1.249257450703666,1
964,9,4.326221529733112,11.22536037375244,14.63728952175211,2.335660139287226,2
964,10,4.326221529733112,6.004026376895502,5.975690968380015,1.249257450703666,2
965,5,4.326221529733112,2.799620733490878,9.379920174637546,1.71975906188197,1
965,6,4.326221529733112,9.703619400594123,20.01116486216332,5.960767184495425,1
965,9,4.326221529733112,2.799620733490878,9.379920174637546,1.71975906188197,2
965,10,4.326221529733112,9.703619400594123,20.01116486216332,5.960767184495425,2
966,5,4.326221529733112,6.008978757621941,20.94412323914641,4.509379248913538,1
966,6,4.326221529733112,3.036547613269811,17.9754781887731,2.278747412486412,1
966,9,4.326221529733112,6.008978757621941,20.94412323914641,4.509379248913538,2
966,10,4.326221529733112,3.036547613269811,17.9754781887731,2.278747412486412,2
967,5,4.326221529733112,1.678299941063219,6.811916358266209,0.4446523393064991,1
967,6,4.326221529733112,8.240813391189745,28.28749750605488,2.183338545468503,1
967,9,4.326221529733112,1.678299941063219,6.811916358266245,0.4446523393064991,2
967,10,4.326221529733112,8.240813391189745,28.28749750605504,2.183338545468503,2
968,5,4.326221529733112,4.494589414383506,3.785345853308499,3.697100008969571,1
968,6,4.326221529733112,8.90208613152687,7.330584741238406,7.322560457111343,1
968,9,4.326221529733112,4.494589414383506,3.785345853308499,3.697100008969571,2
968,10,4.326221529733112,8.90208613152687,7.330584741238406,7.322560457111343,2
969,5,4.326221529733112,3.368708609591748,2.201707822852903,1.926436669496179,1
969,6,4.326221529733112,0.6554057287720531,0.6219743398134916,0.3748016749532289,1
969,9,4.326221529733112,3.368708609591748,2.201707822852903,1.926436669496179,2
969,10,4.326221529733112,0.6554057287720531,0.6219743398134918,0.3748016749532289,2
970,5,4.326221529733112,0.16388844134563,1.57334897067517,0.1442131406717383,1
970,6,4.326221529733112,4.876113881521954,20.34631559749873,4.290721733354818,1
970,9,4.326221529733112,0.16388844134563,1.573348970675175,0.1442131406717383,2
970,10,4.326221529733112,4.876113881521954,20.3463155974988,4.290721733354818,2
971,5,4.326221529733112,0.4317295294052775,1.775455228171521,0.3783776637080039,1
971,6,4.326221529733112,5.668146402814886,12.32670068321507,4.967693538142785,1
971,9,4.326221529733112,0.4317295294052775,1.775455228171522,0.3783776637080039,2
971,10,4.326221529733112,5.668146402814886,12.32670068321509,4.967693538142785,2
972,5,4.326221529733112,0.04684694089441517,0.1514067715556097,0.03732840495585365,1
972,6,4.326221529733112,14.72540564076525,27.92427226571442,11.7334428759515,1
972,9,4.326221529733112,0.04684694089441517,0.1514067715556097,0.03732840495585365,2
972,10,4.326221529733112,14.72540564076525,27.92427226571442,11.7334428759515,2
973,5,4.326221529733112,2.248149775189708,10.48397461449263,0.6236347954524781,1
973,6,4.326221529733112,8.555011775896444,14.97954323933544,2.373152837872875,1
973,9,4.326221529733112,2.248149775189708,10.48397461449264,0.6236347954524781,2
973,10,4.326221529733112,8.555011775896444,14.97954323933545,2.373152837872875,2
974,5,4.326221529733112,0.3099148078997724,0.4031613619783012,0.2278731109473607,1
974,6,4.326221529733112,4.272571124363439,5.732787178629525,3.141521634446802,1
974,9,4.326221529733112,0.3099148078997724,0.4031613619783012,0.2278731109473607,2
974,10,4.326221529733112,4.272571124363439,5.732787178629524,3.141521634446802,2
975,5,4.326221529733112,6.403159189038496,9.161059821476858,3.741373716420862,1
975,6,4.326221529733112,2.534469900022349,4.666308693542939,1.480893850841043,1
975,9,4.326221529733112,6.403159189038496,9.16105982147687,3.741373716420862,2
975,10,4.326221529733112,2.534469900022349,4.666308693542945,1.480893850841043,2
976,5,4.326221529733112,7.458182957401675,25.8991508987495,2.625692746910666,1
976,6,4.326221529733112,7.007955603538038,3.512940221711199,2.467187826308345,1
976,9,4.326221529733112,7.458182957401675,25.89915089874952,2.625692746910666,2
976,10,4.326221529733112,7.007955603538038,3.5129402217112,2.467187826308345,2
977,5,4.326221529733112,0.7691727188006395,0.8169326430055274,0.1960860811046058,1
977,6,4.326221529733112,1.034819766379942,1.491494273825209,0.263807786832881,1
977,9,4.326221529733112,0.7691727188006395,0.8169326430055271,0.1960860811046058,2
977,10,4.326221529733112,1.034819766379942,1.491494273825209,0.263807786832881,2
978,5,4.326221529733112,4.947590967497649,11.14780597640257,8.412792510049199,1
978,6,4.326221529733112,4.447380946916422,12.31266864476138,7.562244608607445,1
978,9,4.326221529733112,4.947590967497649,11.14780597640256,8.412792510049199,2
978,10,4.326221529733112,4.447380946916422,12.31266864476138,7.562244608607445,2
979,5,4.326221529733112,0.5791942447382742,1.09377565646888,0.2469191952224908,1
979,6,4.326221529733112,29.26286300705885,20.07085852139754,12.47519748210559,1
979,9,4.326221529733112,0.5791942447382742,1.09377565646888,0.2469191952224908,2
979,10,4.326221529733112,29.26286300705885,20.07085852139753,12.47519748210559,2
980,5,4.326221529733112,1.398765812086145,3.359594767018806,1.239240226997159,1
980,6,4.326221529733112,10.10060123381859,33.12038459477189,8.94865406178104,1
980,9,4.326221529733112,1.398765812086145,3.359594767018806,1.239240226997159,2
980,10,4.326221529733112,10.10060123381859,33.12038459477189,8.94865406178104,2
981,5,4.326221529733112,0.09204833236123292,0.06942989484920091,0.06610490449480463,1
981,6,4.326221529733112,5.255787449603633,3.794160691798682,3.774466288401396,1
981,9,4.326221529733112,0.09204833236123292,0.06942989484920091,0.06610490449480463,2
981,10,4.326221529733112,5.255787449603633,3.794160691798682,3.774466288401396,2
982,5,4.326221529733112,6.575601502586159,20.51382155392816,3.309895985222711,1
982,6,4.326221529733112,9.606115391707041,8.471843344412974,4.835336015434066,1
982,9,4.326221529733112,6.575601502586159,20.51382155392818,3.309895985222711,2
982,10,4.326221529733112,9.606115391707041,8.47184334441298,4.835336015434066,2
983,5,4.326221529733112,4.711007143208229,23.19234993664216,3.442642872180939,1
983,6,4.326221529733112,5.579387515011154,49.50757598786217,4.077225543455194,1
983,9,4.326221529733112,4.711007143208229,23.19234993664216,3.442642872180939,2
983,10,4.326221529733112,5.579387515011154,49.50757598786217,4.077225543455194,2
984,5,4.326221529733112,4.580281566427417,8.994074917375245,3.671944199242389,1
984,6,4.326221529733112,2.592803099264619,4.921936072405042,2.078612015887141,1
984,9,4.326221529733112,4.580281566427417,8.994074917375247,3.671944199242389,2
984,10,4.326221529733112,2.592803099264619,4.921936072405044,2.078612015887141,2
985,5,4.326221529733112,1.273633291502056,2.554566330570819,0.9260099298538448,1
985,6,4.326221529733112,3.132005834389907,3.101272972295499,2.277161348055535,1
985,9,4.326221529733112,1.273633291502056,2.554566330570819,0.9260099298538448,2
985,10,4.326221529733112,3.132005834389907,3.101272972295499,2.277161348055535,2
986,5,4.326221529733112,0.8486281892299001,0.6854138517689485,0.5316824379501037,1
986,6,4.326221529733112,7.615146819749667,7.93886823866735,4.771040931537591,1
986,9,4.326221529733112,0.8486281892299001,0.6854138517689486,0.5316824379501037,2
986,10,4.326221529733112,7.615146819749667,7.938868238667351,4.771040931537591,2
987,5,4.326221529733112,3.292352470744746,0.5028380186835334,0.01602654916029078,1
987,6,4.326221529733112,0.5892956086230184,0.223918638147254,0.002868579572041968,1
987,9,4.326221529733112,3.292352470744746,0.5028380186835332,0.01602654916029078,2
987,10,4.326221529733112,0.5892956086230184,0.223918638147254,0.002868579572041968,2
988,5,4.326221529733112,1.216499819408101,0.6867858400102823,0.6187772333898699,1
988,6,4.326221529733112,0.1509037813663102,0.1033910608573749,0.07675777904130562,1
988,9,4.326221529733112,1.216499819408101,0.6867858400102823,0.6187772333898699,2
988,10,4.326221529733112,0.1509037813663102,0.1033910608573749,0.07675777904130562,2
989,5,4.326221529733112,0.05566549523142878,0.0451747338059764,0.02627889538578695,1
989,6,4.326221529733112,2.560245486660983,6.225847219587145,1.208655793435043,1
989,9,4.326221529733112,0.05566549523142878,0.04517473380597641,0.02627889538578695,2
989,10,4.326221529733112,2.560245486660983,6.225847219587145,1.208655793435043,2
990,5,4.326221529733112,2.435748653424424,4.467822487695032,3.362793936851301,1
990,6,4.326221529733112,1.570152423791921,2.206089568334976,2.167752014657401,1
990,9,4.326221529733112,2.435748653424424,4.467822487695033,3.362793936851301,2
990,10,4.326221529733112,1.570152423791921,2.206089568334976,2.167752014657401,2
991,5,4.326221529733112,0.1410208801628831,0.1332498271231507,0.1177191580914967,1
991,6,4.326221529733112,6.556838493164868,7.300188521957642,5.473412917759126,1
991,9,4.326221529733112,0.1410208801628831,0.1332498271231507,0.1177191580914967,2
991,10,4.326221529733112,6.556838493164868,7.300188521957644,5.473412917759126,2
992,5,4.326221529733112,2.052482747830346,6.603925711246408,0.9138801594228971,1
992,6,4.326221529733112,4.552592470648196,28.2626248960555,2.027068893641856,1
992,9,4.326221529733112,2.052482747830346,6.603925711246408,0.9138801594228971,2
992,10,4.326221529733112,4.552592470648196,28.2626248960555,2.027068893641856,2
993,5,4.326221529733112,5.744300270900117,7.543996492319683,3.390554909482608,1
993,6,4.326221529733112,1.367947836516357,1.838574092699792,0.8074268464886269,1
993,9,4.326221529733112,5.744300270900117,7.543996492319683,3.390554909482608,2
993,10,4.326221529733112,1.367947836516357,1.838574092699792,0.8074268464886269,2
994,5,4.326221529733112,5.920267157800575,4.815154555753554,4.641629535040118,1
994,6,4.326221529733112,9.407213572901551,45.39537776898953,7.375478031405583,1
994,9,4.326221529733112,5.920267157800575,4.815154555753552,4.641629535040118,2
994,10,4.326221529733112,9.407213572901551,45.3953777689895,7.375478031405583,2
995,5,4.326221529733112,1.666447344374303,2.361406327753627,1.983793745848843,1
995,6,4.326221529733112,0.1001895712263206,0.1418391238546884,0.1192689618841082,1
995,9,4.326221529733112,1.666447344374303,2.361406327753627,1.983793745848843,2
995,10,4.326221529733112,0.1001895712263206,0.1418391238546884,0.1192689618841082,2
996,5,4.326221529733112,0.3099978178371431,0.4284579364637977,0.03549434782558897,1
996,6,4.326221529733112,2.0349752085032,0.9670566790144758,0.2330020203723145,1
996,9,4.326221529733112,0.3099978178371431,0.4284579364637977,0.03549434782558897,2
996,10,4.326221529733112,2.0349752085032,0.9670566790144753,0.2330020203723145,2
997,5,4.326221529733112,1.06995402505292,0.6380933450220018,0.363244793202263,1
997,6,4.326221529733112,1.43861975580249,2.107740444488719,0.4884052243901968,1
997,9,4.326221529733112,1.06995402505292,0.6380933450220014,0.363244793202263,2
997,10,4.326221529733112,1.43861975580249,2.107740444488718,0.4884052243901968,2
998,5,4.326221529733112,3.95636075485405,8.633186705830489,2.507597081108181,1
998,6,4.326221529733112,7.941012069357344,36.64226263385691,5.03312511674631,1
998,9,4.326221529733112,3.95636075485405,8.633186705830497,2.507597081108181,2
998,10,4.326221529733112,7.941012069357344,36.64226263385694,5.03312511674631,2
999,5,4.326221529733112,3.938859622096656,5.843561653547867,2.438940230125588,1
999,6,4.326221529733112,11.60884224993324,18.33836465410557,7.188190264438176,1
999,9,4.326221529733112,3.938859622096656,5.84356165354787,2.438940230125588,2
999,10,4.326221529733112,11.60884224993324,18.33836465410559,7.188190264438176,2
1000,5,4.326221529733112,1.397741268392346,1.600523859423805,0.5680955991731842,1
1000,6,4.326221529733112,2.219749078042532,0.9219003358990753,0.9021910642697893,1
1000,9,4.326221529733112,1.397741268392346,1.600523859423805,0.5680955991731842,2
1000,10,4.326221529733112,2.219749078042532,0.9219003358990753,0.9021910642697893,2
