event,index,tau0_mm,tau_generated_mm,L3D_mm,Rxy_mm,n_daughters
1,9,4.326221529733112,13.80054639532693,20.9091249917021,7.487344909997107,2
1,10,4.326221529733112,3.046813782116973,8.576442934678608,1.653017569722255,2
2,9,4.326221529733112,15.49607812416419,100.179579014999,1.889885293405519,2
2,10,4.326221529733112,3.232512957096499,8.41230493502456,0.3942338602974078,2
3,9,4.326221529733112,4.290199821746975,2.907206320779506,2.057895858940983,2
3,10,4.326221529733112,6.134804897590466,5.943430728411808,2.942704330499331,2
4,9,4.326221529733112,1.473423537448193,1.685872107971861,1.525375256498298,2
4,10,4.326221529733112,3.013751792045858,4.217543005255048,3.120014236216036,2
5,9,4.326221529733112,5.483862739536281,5.173468961707879,2.742155841303985,2
5,10,4.326221529733112,2.321181305401941,1.783010385045497,1.160685665861829,2
6,9,4.326221529733112,5.005554758945409,6.714468987082643,4.575047926751427,2
6,10,4.326221529733112,6.060862956037124,6.078436449139956,5.539593478982174,2
7,9,4.326221529733112,0.6478626513602437,4.790338241805008,0.4601269955335984,2
7,10,4.326221529733112,1.691884830540395,4.660469334172858,1.201615623667969,2
8,9,4.326221529733112,4.296415530793801,5.554917427771786,5.183252642223071,2
8,10,4.326221529733112,2.914402800704881,6.170456419871414,3.515974167066869,2
9,9,4.326221529733112,5.07854186358225,3.661666461679737,0.8312451902243488,2
9,10,4.326221529733112,3.116209373905731,2.008712402959194,0.5100546817121294,2
10,9,4.326221529733112,3.384312732397479,7.538148251817495,2.904367465709485,2
10,10,4.326221529733112,3.394799554213615,3.6799761109801,2.913367102123081,2
11,9,4.326221529733112,3.619948090098481,9.138282076618028,2.812586730788905,2
11,10,4.326221529733112,5.69254024145941,8.00470458256682,4.422926171622265,2
12,9,4.326221529733112,1.626671401701074,0.4999429106876883,0.4420486653075918,2
12,10,4.326221529733112,0.7661230553279822,0.2149383836583205,0.2081942755709327,2
13,9,4.326221529733112,4.378679412765974,2.378217118178964,1.856150623029095,2
13,10,4.326221529733112,11.14797395908381,11.6481251562524,4.725698517534169,2
14,9,4.326221529733112,0.2325378781741836,0.5038034125476563,0.1294145691446952,2
14,10,4.326221529733112,4.854526008064855,10.80490443703018,2.701694866523379,2
15,9,4.326221529733112,0.5260508009647969,1.326872512119345,0.4599123642193305,2
15,10,4.326221529733112,0.6563539056120966,0.6574378662246195,0.5738329376954058,2
16,9,4.326221529733112,4.578402734719401,15.89637181265115,4.725081098989068,2
16,10,4.326221529733112,0.09343389083648057,0.1130473569185674,0.09642723394527229,2
17,9,4.326221529733112,0.5603423700054103,0.2945410258176582,0.2522347770800847,2
17,10,4.326221529733112,6.783977509537395,4.899787878826897,3.053767029642878,2
18,9,4.326221529733112,1.513082464071795,1.421000277308822,0.6858954260105946,2
18,10,4.326221529733112,1.502622949661906,2.705053557436,0.6811540234351341,2
19,9,4.326221529733112,1.266521674447461,0.5290389754297546,0.5286552284404211,2
19,10,4.326221529733112,0.3715985974961791,0.4633140421192152,0.1551079191228099,2
20,9,4.326221529733112,3.077968875608876,11.77299088997509,1.532633094121375,2
20,10,4.326221529733112,2.897774231284675,5.647180520156475,1.442907600968014,2
21,9,4.326221529733112,3.707532030026965,6.959309243786979,1.214069281949584,2
21,10,4.326221529733112,0.7818875353728817,0.6252686090497667,0.2560370701985764,2
22,9,4.326221529733112,2.377092166669663,1.394871665044757,1.393623812496958,2
22,10,4.326221529733112,1.221792478164359,1.23921716787623,0.7163033538935308,2
23,9,4.326221529733112,3.814580484165603,2.323719063957786,2.306713798511306,2
23,10,4.326221529733112,2.69710493056971,1.864402215072889,1.630965498094321,2
24,9,4.326221529733112,0.4808443851271049,0.3511803581095568,0.1558339562691088,2
24,10,4.326221529733112,2.329198872015012,2.746638423831496,0.7548560124450637,2
25,9,4.326221529733112,7.027834258296404,18.27406198349079,7.716740025073591,2
25,10,4.326221529733112,0.05229188943555173,0.1240759964999761,0.05741781911229386,2
26,9,4.326221529733112,8.144633482596127,8.536103724796158,4.431573787129971,2
26,10,4.326221529733112,0.223106420705186,0.3496302655792538,0.1213943595927583,2
27,9,4.326221529733112,2.765373068211614,7.678100737087297,4.119862183696624,2
27,10,4.326221529733112,3.821997810965078,5.918676514941877,5.694025312016731,2
28,9,4.326221529733112,19.93471981375026,9.2144755057839,6.759379173922355,2
28,10,4.326221529733112,4.689880907820191,1.851234486365261,1.590224674972851,2
29,9,4.326221529733112,2.997558155090073,13.92064188182878,3.203555117767507,2
29,10,4.326221529733112,0.3248187058882712,0.9064014674302501,0.347140763834062,2
30,9,4.326221529733112,0.5886676638786553,1.273591805990717,0.3949890237967428,2
30,10,4.326221529733112,1.322301832551196,2.01432573045866,0.8872488537296386,2
31,9,4.326221529733112,0.873539851002691,1.195306260480503,0.625299674559513,2
31,10,4.326221529733112,1.764435587787694,1.412353901023353,1.263023086535144,2
32,9,4.326221529733112,11.00940647322012,40.54725446652459,10.57913096866652,2
32,10,4.326221529733112,5.595255931024496,26.26019438543238,5.376579149975108,2
33,9,4.326221529733112,2.286117271765475,1.893549546741844,1.619780510863961,2
33,10,4.326221529733112,2.265460787337692,2.705810712209728,1.605144791466571,2
34,9,4.326221529733112,0.4772214742516294,1.287550881383156,0.552489255305169,2
34,10,4.326221529733112,1.134299539765,3.99914928489317,1.31320223801857,2
35,9,4.326221529733112,2.875671531246372,2.989641847884851,1.455514084225009,2
35,10,4.326221529733112,0.6567144185832512,0.388714697806911,0.3323943903799309,2
36,9,4.326221529733112,4.361328201244047,6.541116761428158,2.683629963366626,2
36,10,4.326221529733112,1.421040651732728,3.974754575245196,0.8744004340384638,2
37,9,4.326221529733112,1.638966107987765,0.9702448927235404,0.8940315034705886,2
37,10,4.326221529733112,4.160901502824252,3.45055642997723,2.269709549351319,2
38,9,4.326221529733112,0.357219417764261,0.9273099126041816,0.5653996303486926,2
38,10,4.326221529733112,4.426884177720972,41.48748206581435,7.006782255413913,2
39,9,4.326221529733112,7.930379705359014,34.869647397617,2.53513112298216,2
39,10,4.326221529733112,1.871164955240934,0.7988090749647615,0.598161587528937,2
40,9,4.326221529733112,3.979509068857366,7.902316777362504,1.057992947254422,2
40,10,4.326221529733112,12.69855969580389,34.14052048498564,3.376041206587163,2
41,9,4.326221529733112,3.824559569531407,10.80157522011879,1.680019685514862,2
41,10,4.326221529733112,6.480514941765182,18.41754643454708,2.846704954257687,2
42,9,4.326221529733112,0.5109613225535269,0.9358631700861885,0.07353563049855148,2
42,10,4.326221529733112,0.5699903631769376,0.9023443536686042,0.08203086786460945,2
43,9,4.326221529733112,4.034582222616442,7.710396826276364,2.370637021930905,2
43,10,4.326221529733112,13.01825832582578,7.857010032279917,7.649259191017053,2
44,9,4.326221529733112,0.7577064302283931,1.313612865966567,0.4080613972661156,2
44,10,4.326221529733112,4.094765029402121,16.59129350850895,2.20522813680042,2
45,9,4.326221529733112,1.335207257009123,1.541325964968991,0.3292386587713231,2
45,10,4.326221529733112,4.344473878934611,1.196791497788859,1.07127095472168,2
46,9,4.326221529733112,4.885695775712082,3.541892034241059,2.281272276556,2
46,10,4.326221529733112,0.467063199649436,0.237890970281303,0.2180852794921525,2
47,9,4.326221529733112,0.9393189358262267,0.8416299348288532,0.8384766189931795,2
47,10,4.326221529733112,2.928328311716272,3.510129282732389,2.613952224810785,2
48,9,4.326221529733112,6.45660591397574,9.244412130199979,5.015158182076951,2
48,10,4.326221529733112,15.87193843216819,15.75335885564977,12.32850245997049,2
49,9,4.326221529733112,0.4038035645307744,0.1921533947519214,0.1910847553664104,2
49,10,4.326221529733112,2.501449566261425,3.11994745627696,1.183716342340632,2
50,9,4.326221529733112,8.086647882124302,52.12400276401227,3.725916052009328,2
50,10,4.326221529733112,1.981313590540652,4.084386462184667,0.9128885316471084,2
51,9,4.326221529733112,0.5014827320059984,0.6264045998981495,0.5952038409220567,2
51,10,4.326221529733112,5.439235823972005,8.27096690826232,6.455763773078953,2
52,9,4.326221529733112,9.701761621031711,2.608450573756183,1.738567264160537,2
52,10,4.326221529733112,8.196822372045316,9.736734563945211,1.468880354190897,2
53,9,4.326221529733112,6.805292107859444,6.272856243359873,3.79676538712251,2
53,10,4.326221529733112,0.1008835754402738,0.1549701133189835,0.05628432421268599,2
54,9,4.326221529733112,0.6443683216318639,0.8484927876159134,0.3719432102296127,2
54,10,4.326221529733112,8.797001483141775,12.8062447890793,5.07781786005263,2
55,9,4.326221529733112,3.465871280233262,6.468939183421515,0.8376255805577925,2
55,10,4.326221529733112,1.631256731194558,1.742308964183817,0.3942392131809602,2
56,9,4.326221529733112,3.349523089926071,4.251112974026199,2.970392376593254,2
56,10,4.326221529733112,4.175042475534898,3.764005827505353,3.702471667856336,2
57,9,4.326221529733112,1.183409270931434,1.126727575340668,1.126181354353156,2
57,10,4.326221529733112,5.81225393586121,5.941802603169455,5.531181958867625,2
58,9,4.326221529733112,20.06645949636699,16.99048287165343,7.040484205657269,2
58,10,4.326221529733112,1.428342562295885,2.673636657204197,0.5011458674078942,2
59,9,4.326221529733112,21.2167869582025,50.21267110420806,10.2008117610156,2
59,10,4.326221529733112,16.99744042968602,8.348282802551768,8.172193583499732,2
60,9,4.326221529733112,24.99816080264497,43.56292934507744,24.4303507885029,2
60,10,4.326221529733112,0.6358210388430423,0.9535477806127545,0.6213789542469987,2
61,9,4.326221529733112,1.036665181603769,0.5531746492504597,0.1807504256641148,2
61,10,4.326221529733112,5.559894254655667,1.220260927593842,0.9694096715216852,2
62,9,4.326221529733112,1.782890250136398,0.9576675113623709,0.756450888605945,2
62,10,4.326221529733112,0.8616041759275771,0.3777051591183837,0.3655644224074625,2
63,9,4.326221529733112,1.417224447380449,3.858849653599883,1.668688353616199,2
63,10,4.326221529733112,3.116413407607748,5.135602215854971,3.669371332071307,2
64,9,4.326221529733112,0.1466872529002954,0.276762884470848,0.1464129727496158,2
64,10,4.326221529733112,2.680693958059124,6.316828974592829,2.675681517453655,2
65,9,4.326221529733112,2.622737691218757,3.281341118704657,1.668797251934814,2
65,10,4.326221529733112,3.289403933042075,22.15793744570124,2.092984083899501,2
66,9,4.326221529733112,6.541329660470979,0.433553754371139,0.112492468655626,2
66,10,4.326221529733112,9.351113228852709,0.7049796027793916,0.1608128417909737,2
67,9,4.326221529733112,2.358610841268396,8.847717804993309,2.217437550014332,2
67,10,4.326221529733112,0.2931221154191981,0.3976956683461146,0.2755774602988866,2
68,9,4.326221529733112,8.12152169871648,6.8043287235785,5.384481323283177,2
68,10,4.326221529733112,4.021396908029505,3.478761033945139,2.666142792946749,2
69,9,4.326221529733112,2.212103897955747,1.19798375774444,0.966924226627186,2
69,10,4.326221529733112,0.2666003853234762,0.1917128822413559,0.1165326690286266,2
70,9,4.326221529733112,1.820335261844573,1.515055788690266,1.313062952476465,2
70,10,4.326221529733112,0.6198630425015467,1.163639526274703,0.4471259848547729,2
71,9,4.326221529733112,1.197529524078849,1.000367083627967,0.9776093988578214,2
71,10,4.326221529733112,5.619284780219532,12.32082478333721,4.587332091229189,2
72,9,4.326221529733112,5.912269695040394,9.650544356239616,1.559729552429724,2
72,10,4.326221529733112,2.051515408099598,2.083993987209549,0.5412150281239846,2
73,9,4.326221529733112,10.53259163220139,23.01138085919597,4.501851335172987,2
73,10,4.326221529733112,5.087501453008769,14.41334727927932,2.174505193849912,2
74,9,4.326221529733112,6.691874483459333,2.584896861831084,2.330013905132994,2
74,10,4.326221529733112,4.008572068377791,2.864090689763289,1.395726814980501,2
75,9,4.326221529733112,5.140172370434765,7.623232213477311,3.11845558474061,2
75,10,4.326221529733112,0.4370395965670679,0.7515453980957317,0.2651445267684827,2
76,9,4.326221529733112,6.03930133274641,4.092019307427072,3.693064338398251,2
76,10,4.326221529733112,3.468900695609364,7.625851221225711,2.12125091075295,2
77,9,4.326221529733112,5.325660400924774,4.546926098114493,4.531764425304277,2
77,10,4.326221529733112,11.76617700560697,10.79491318038242,10.01219348619823,2
78,9,4.326221529733112,0.306955592216213,0.3287279383920457,0.2117217107408097,2
78,10,4.326221529733112,8.22028699340281,11.40007119586494,5.669918610890659,2
79,9,4.326221529733112,5.434349696899582,15.65562326438732,5.395928738795114,2
79,10,4.326221529733112,2.987527658609614,11.10375740906585,2.966405779928736,2
80,9,4.326221529733112,3.478691036773045,20.59588346929127,4.302850109539785,2
80,10,4.326221529733112,7.694775574626478,34.45790529242131,9.517794358328267,2
81,9,4.326221529733112,0.9073981988610691,2.72360990457606,2.366801492970851,2
81,10,4.326221529733112,3.070713620073004,8.173359653265603,8.009460002892812,2
82,9,4.326221529733112,1.46131500599003,2.271810983021906,2.162530207858296,2
82,10,4.326221529733112,0.9700249048704498,2.716793300438471,1.435493477148027,2
83,9,4.326221529733112,3.458522627839972,4.7035496387039,1.560265985782162,2
83,10,4.326221529733112,2.801248077796205,15.90834900394739,1.26374540919306,2
84,9,4.326221529733112,9.691423958284187,21.53661664428088,9.488555504364591,2
84,10,4.326221529733112,1.442321104269599,5.087909795507052,1.412129312667224,2
85,9,4.326221529733112,20.99807042588112,53.89276609598189,23.23726117697925,2
85,10,4.326221529733112,2.578874505814577,14.9338393174596,2.853880343234061,2
86,9,4.326221529733112,2.62195445127103,5.72352922259064,3.785506419154614,2
86,10,4.326221529733112,8.358785706476201,17.42071393830797,12.06818712387031,2
87,9,4.326221529733112,3.372581487842935,4.781014354003367,2.245984021286599,2
87,10,4.326221529733112,4.647227522097757,26.96900645216222,3.094839604480735,2
88,9,4.326221529733112,4.285518463111277,2.142420319834874,1.141865727092688,2
88,10,4.326221529733112,3.862603958312802,6.303302752265563,1.029181209997139,2
89,9,4.326221529733112,8.427466997676389,16.94279384770268,3.119964188838372,2
89,10,4.326221529733112,4.279030690858582,7.844462223726834,1.584156012963333,2
90,9,4.326221529733112,3.205216077019237,3.923569873967545,2.410793314712161,2
90,10,4.326221529733112,11.63852016807393,13.8416483377282,8.753876787123982,2
91,9,4.326221529733112,3.535598003313261,2.936554752810804,1.505176136234501,2
91,10,4.326221529733112,4.113799104871991,4.833809386232103,1.751328130662357,2
92,9,4.326221529733112,1.480798216610899,1.348938234965539,0.8477022506134492,2
92,10,4.326221529733112,1.958861402421616,4.003452584672878,1.121375755890007,2
93,9,4.326221529733112,0.5825698394279532,0.1980146246713202,0.1938354726206299,2
93,10,4.326221529733112,7.349689406805964,5.60523130379817,2.445424433887563,2
94,9,4.326221529733112,1.032906629053359,2.076358047420791,0.4422048901550087,2
94,10,4.326221529733112,0.1024859609044867,0.08623613019723636,0.04387598240678722,2
95,9,4.326221529733112,10.76052224604769,76.32519521381781,3.088863572575404,2
95,10,4.326221529733112,6.96430479205502,20.47576937404522,1.999139715397391,2
96,9,4.326221529733112,5.786225868602255,9.121179159823557,0.3003386011602345,2
96,10,4.326221529733112,0.7074571376452593,0.8401255356962886,0.03672111872683038,2
97,9,4.326221529733112,2.541666513508682,6.543067673650095,0.9659084328610376,2
97,10,4.326221529733112,10.34343397090466,24.82194174563676,3.93081076692716,2
98,9,4.326221529733112,6.651985244240212,21.61058464864647,5.821509531675893,2
98,10,4.326221529733112,3.122016036682632,7.212322460620326,2.732243901372163,2
99,9,4.326221529733112,17.05960409713218,32.47862527989777,9.28862091037459,2
99,10,4.326221529733112,10.77250371249754,8.08058995238498,5.865417665689766,2
100,9,4.326221529733112,0.8351231728763545,3.357148391556281,0.8969367466149957,2
100,10,4.326221529733112,1.146199288961287,5.538691900624668,1.231037881121723,2
101,9,4.326221529733112,5.787853956239792,12.2695400142907,3.315341544498908,2
101,10,4.326221529733112,1.633920761758088,2.055062711131213,0.9359264112108264,2
102,9,4.326221529733112,0.3211139491922564,0.8245511541595244,0.1588734964569477,2
102,10,4.326221529733112,19.5426923015825,41.85454342756297,9.668891257899793,2
103,9,4.326221529733112,3.559029976311699,3.63849835715136,2.953241404113358,2
103,10,4.326221529733112,1.686791053349038,2.882854924880221,1.399679466594659,2
104,9,4.326221529733112,4.897619666557086,3.913558820519971,3.864667850010448,2
104,10,4.326221529733112,1.091707446763485,0.9435851306366195,0.8614565765352197,2
105,9,4.326221529733112,7.194246400458075,9.902915619170315,3.63807011245572,2
105,10,4.326221529733112,1.713584207004058,1.392988701164457,0.866545172581336,2
106,9,4.326221529733112,4.635675904539675,0.9526066051698371,0.8507592642001963,2
106,10,4.326221529733112,3.932789041822671,0.7676475440380581,0.7217624312776231,2
107,9,4.326221529733112,9.578528192404777,54.09875499758416,9.344157366465936,2
107,10,4.326221529733112,13.08206731761652,83.96834031959466,12.76197065342875,2
108,9,4.326221529733112,3.750841823057747,43.35913818234273,3.083280073126073,2
108,10,4.326221529733112,3.669896430822948,37.18135448960413,3.016741059575917,2
109,9,4.326221529733112,4.426320868611064,9.440801033618353,3.972323704725474,2
109,10,4.326221529733112,0.3280610627689661,0.4719080169369978,0.2944126227892548,2
110,9,4.326221529733112,1.643668904891919,1.759110798468783,1.653000756657279,2
110,10,4.326221529733112,0.7895712418424689,1.003113445462025,0.7940539948866712,2
111,9,4.326221529733112,2.808617300479687,9.165825904136565,1.214191749586591,2
111,10,4.326221529733112,6.688645730805339,27.77381627038388,2.891564636045064,2
112,9,4.326221529733112,6.613157387222993,19.5993809195082,2.928428534123998,2
112,10,4.326221529733112,5.224216808801708,43.84493332939218,2.313379929669178,2
113,9,4.326221529733112,1.97397096171744,7.962247015780687,1.358433691074936,2
113,10,4.326221529733112,3.11321064447172,4.025418422861991,2.142427780793699,2
114,9,4.326221529733112,1.246385384833874,2.28780433810379,0.1804503823436469,2
114,10,4.326221529733112,0.02263611383036915,0.1537856744897823,0.003277233065444571,2
115,9,4.326221529733112,8.603717786764758,19.52049637714365,2.528241745679612,2
115,10,4.326221529733112,0.5484902393285876,0.323530346449752,0.1611763605614244,2
116,9,4.326221529733112,0.5323337504187104,1.341370891599021,0.1506667242697799,2
116,10,4.326221529733112,2.233978272115726,9.172344967575695,0.6322841414522286,2
117,9,4.326221529733112,1.822939015004727,3.312870798528626,2.19038946262963,2
117,10,4.326221529733112,8.125283851392636,17.39786919707429,9.763100127032487,2
118,9,4.326221529733112,1.696892557763358,5.20812115505464,1.250346979835697,2
118,10,4.326221529733112,0.5036424369196277,0.6506754278343331,0.3711064657797661,2
119,9,4.326221529733112,10.82716148844717,5.804955202683149,5.23039615399261,2
119,10,4.326221529733112,2.258695632781003,4.844685616316083,1.091132977312968,2
120,9,4.326221529733112,1.676972570527408,1.86346909736738,1.672655489155439,2
120,10,4.326221529733112,0.6877427124576129,0.7912168477387258,0.6859722355250508,2
121,9,4.326221529733112,8.208928645480148,5.231979043464814,4.30341783853432,2
121,10,4.326221529733112,0.05277199925368623,0.03905519842176618,0.02766499415103027,2
122,9,4.326221529733112,1.343738249539358,1.309848798645703,1.100643955743176,2
122,10,4.326221529733112,1.536086725306828,1.893654558454537,1.258194868149259,2
123,9,4.326221529733112,2.340243463190285,4.235592037274899,2.298091274838049,2
123,10,4.326221529733112,1.356940005120523,5.698603593632911,1.332498962306733,2
124,9,4.326221529733112,8.911656780440595,61.92111561469567,4.917759086820376,2
124,10,4.326221529733112,3.374294865060602,11.72959271193437,1.862052101320121,2
125,9,4.326221529733112,1.717212982662655,3.599615608069918,1.515973576120686,2
125,10,4.326221529733112,2.732204974145947,13.99534620980973,2.412019118868052,2
126,9,4.326221529733112,6.316046265626656,19.01850128723635,5.321583389449785,2
126,10,4.326221529733112,5.453642455239342,57.89724441040194,4.594965249026775,2
127,9,4.326221529733112,3.483567724361674,9.198108833096802,1.35360209498333,2
127,10,4.326221529733112,11.79384354821208,6.379428673548254,4.582707327066754,2
128,9,4.326221529733112,6.833202326856803,10.03735363211281,3.713592790349784,2
128,10,4.326221529733112,3.546805417617855,5.870642579850845,1.927557592707476,2
129,9,4.326221529733112,15.70942082001913,124.9111718139832,11.74634174883854,2
129,10,4.326221529733112,3.332919479263083,4.441568665489024,2.492110414083204,2
130,9,4.326221529733112,2.395656912415766,5.046452931572513,2.014350953150921,2
130,10,4.326221529733112,8.026072118392074,15.94274639721262,6.748598239569318,2
131,9,4.326221529733112,4.321072631050795,13.10579738644626,2.959547877054478,2
131,10,4.326221529733112,3.831493842046206,5.353616672822407,2.624230239661032,2
132,9,4.326221529733112,1.859301949146622,7.604228380965559,1.023421451169955,2
132,10,4.326221529733112,5.275918598664504,10.78368526307262,2.904040557252158,2
133,9,4.326221529733112,11.30365201743188,21.77252741552186,2.909440635543599,2
133,10,4.326221529733112,24.26082196021215,96.77120756514202,6.244479319946925,2
134,9,4.326221529733112,2.137036378115698,1.13631349815018,1.069420365421757,2
134,10,4.326221529733112,2.929738882899313,3.511537156659014,1.466106266989756,2
135,9,4.326221529733112,14.69804437872545,1.126823906410327,1.096869819318136,2
135,10,4.326221529733112,10.31947889006323,5.358036955155981,0.7701109517661237,2
136,9,4.326221529733112,1.390122769359339,7.029783865830639,1.250154962689833,2
136,10,4.326221529733112,0.5599146139519551,1.518962346121233,0.503538283627421,2
137,9,4.326221529733112,0.03858412810267413,0.0279943623184585,0.02783590973919451,2
137,10,4.326221529733112,0.7565669912016064,1.178416469638252,0.5458133049605521,2
138,9,4.326221529733112,4.368731079731707,3.408150803963483,1.531112362134786,2
138,10,4.326221529733112,1.149315970239173,0.4110721389664871,0.4028016048404157,2
139,9,4.326221529733112,2.330682758255931,3.961375792319463,3.864316897539079,2
139,10,4.326221529733112,1.390454612128985,3.322963442115466,2.305400524321878,2
140,9,4.326221529733112,0.2229396618753705,0.2492458686389633,0.06576940517413971,2
140,10,4.326221529733112,5.4872680203432,1.907904153118054,1.618798336254773,2
141,9,4.326221529733112,0.214819076803573,0.100176337253781,0.05642220600065277,2
141,10,4.326221529733112,2.508594740275449,1.20863504723867,0.6588821221748273,2
142,9,4.326221529733112,1.139631544689871,2.611506320718215,0.3999802366083677,2
142,10,4.326221529733112,3.500996937565045,2.266128625152474,1.228756425686261,2
143,9,4.326221529733112,0.5361988911729607,1.170029248787675,0.6708528866597109,2
143,10,4.326221529733112,7.846670169218499,10.31706445776048,9.817180565539225,2
144,9,4.326221529733112,4.41814546696232,9.822381561062056,7.405784481762097,2
144,10,4.326221529733112,4.847217457114127,12.23746279897308,8.125003599825629,2
145,9,4.326221529733112,3.541880335292212,1.653133491024244,0.2516201594480484,2
145,10,4.326221529733112,2.957477814244132,0.5841014744867744,0.2101033825929016,2
146,9,4.326221529733112,4.334962197260316,8.116169552243626,2.333282786254801,2
146,10,4.326221529733112,4.986235271717047,5.601783749094468,2.683828923598633,2
147,9,4.326221529733112,0.236370851007898,0.1727708484476401,0.06157512854539938,2
147,10,4.326221529733112,0.1412367017708613,0.05805126994587607,0.03679247263267007,2
148,9,4.326221529733112,1.574860313456462,3.4739219898013,3.013460017501457,2
148,10,4.326221529733112,0.7023619877417976,2.344385180822859,1.343953968353821,2
149,9,4.326221529733112,5.131105338871334,10.73078925393348,7.221438179592467,2
149,10,4.326221529733112,7.571305887846746,11.78853689129656,10.65573863659882,2
150,9,4.326221529733112,2.208156948734636,2.328523585718338,0.9446883625694612,2
150,10,4.326221529733112,9.589016585477228,11.35993705196887,4.10234987235706,2
151,9,4.326221529733112,1.847537604559607,2.286617096931693,0.1485622110676915,2
151,10,4.326221529733112,0.6858882766252166,0.2808834726781622,0.05515291199993713,2
152,9,4.326221529733112,2.410779765024046,2.151399865282166,1.043957506992721,2
152,10,4.326221529733112,2.090095859061796,6.560757454493197,0.9050894212977595,2
153,9,4.326221529733112,11.52754188094369,9.97909367267436,3.308171824042606,2
153,10,4.326221529733112,7.891381313318062,7.201014096152411,2.264667140932393,2
154,9,4.326221529733112,3.268305925991347,6.102141309194287,1.241786961992803,2
154,10,4.326221529733112,4.213615219337471,5.019898744520277,1.600955528861826,2
155,9,4.326221529733112,2.634839927130682,3.942256540605072,2.499193961711405,2
155,10,4.326221529733112,4.028364193267171,4.706403056956037,3.82097726838053,2
156,9,4.326221529733112,1.109892003568358,0.3428282189526653,0.3293962542478922,2
156,10,4.326221529733112,2.296965834774674,0.7871131040769692,0.681698705529561,2
157,9,4.326221529733112,0.8521050248022175,2.358900479207885,0.8762084745479474,2
157,10,4.326221529733112,1.092124078170082,2.897089752148749,1.123016934177338,2
158,9,4.326221529733112,1.455967883104426,1.866969729802501,0.9030966576156761,2
158,10,4.326221529733112,0.9001814031754907,0.9713103146404147,0.5583576573970814,2
159,9,4.326221529733112,18.01620924527412,13.49213643468663,10.02859667411117,2
159,10,4.326221529733112,4.189819062649594,6.542921956044638,2.332233431837896,2
160,9,4.326221529733112,1.724786513269451,5.700787928198586,0.7877451701571838,2
160,10,4.326221529733112,0.2885799340775554,1.470415905426342,0.1318003402304891,2
161,9,4.326221529733112,0.1453789640598984,0.08151778345415644,0.06304667073685279,2
161,10,4.326221529733112,5.135070492263779,6.34503671904932,2.226932215605096,2
162,9,4.326221529733112,5.360676498186911,4.341031600889132,1.340982258538976,2
162,10,4.326221529733112,9.699327258741004,2.599871345329276,2.426303056738132,2
163,9,4.326221529733112,9.299766379711334,45.74863429427928,12.05724268842261,2
163,10,4.326221529733112,6.517101926048076,26.15927000023088,8.449489625779952,2
164,9,4.326221529733112,8.684175383977845,10.76401281946725,6.613744406887829,2
164,10,4.326221529733112,10.38170354147356,10.83308043487515,7.906557697817619,2
165,9,4.326221529733112,6.29533031792919,30.44665784381933,6.3734647094551,2
165,10,4.326221529733112,0.6394094270562988,7.469603504906462,0.6473454469306951,2
166,9,4.326221529733112,7.958185580440934,18.50449399982059,5.93136037651379,2
166,10,4.326221529733112,0.6962188058547034,1.241411467838718,0.5189027821341071,2
167,9,4.326221529733112,7.667857988115217,10.8840053908109,2.735535846274823,2
167,10,4.326221529733112,5.823963098964474,9.965134817745886,2.077719729459305,2
168,9,4.326221529733112,0.5128257175742512,0.3999560074056442,0.3969678595739571,2
168,10,4.326221529733112,1.063178256905172,6.601150194019598,0.8229844614376411,2
169,9,4.326221529733112,0.3068866303522367,1.302506082339923,0.1940490722313414,2
169,10,4.326221529733112,6.952299363390339,43.09218531371835,4.396044362675535,2
170,9,4.326221529733112,2.571738287270485,3.562027339180198,3.06111181536762,2
170,10,4.326221529733112,4.221619409598062,5.344907679964417,5.024947180150889,2
171,9,4.326221529733112,4.362793716310938,4.639064390647445,3.857405129009885,2
171,10,4.326221529733112,14.89159956206517,19.74101478982517,13.1665479197682,2
172,9,4.326221529733112,2.410047356191124,4.049152935140375,2.152392261348774,2
172,10,4.326221529733112,1.920771118657635,4.490828640016582,1.715423923517734,2
173,9,4.326221529733112,11.61454786493632,39.87140059040825,8.358273797602823,2
173,10,4.326221529733112,4.78460346938937,5.638792176962242,3.443184037395673,2
174,9,4.326221529733112,1.436156949947471,2.700758223234275,0.4306298763230429,2
174,10,4.326221529733112,2.22695179166692,7.412902465696611,0.6677487266680573,2
175,9,4.326221529733112,1.298216577585428,2.317148800041027,0.6111702610272903,2
175,10,4.326221529733112,6.202538623120407,17.74597110043506,2.920011356175197,2
176,9,4.326221529733112,3.350614098919057,18.76644396682984,4.385584222530406,2
176,10,4.326221529733112,5.313896234249396,20.32078552249113,6.955303952372843,2
177,9,4.326221529733112,1.743216101154241,3.608744727852268,3.603461574874471,2
177,10,4.326221529733112,1.380730100886175,2.854218279956316,2.854154376225359,2
178,9,4.326221529733112,1.067125730568024,0.3409276031815712,0.1960577214823775,2
178,10,4.326221529733112,10.52810148271452,6.799279167346151,1.934275904993439,2
179,9,4.326221529733112,2.022089957079263,2.70005033504162,1.495760026760138,2
179,10,4.326221529733112,0.1800442854313354,0.2397077940603236,0.133180546321376,2
180,9,4.326221529733112,0.7509673570685197,1.111408908808548,1.067471246884839,2
180,10,4.326221529733112,0.5071865409882229,1.082193699679168,0.7209461825682361,2
181,9,4.326221529733112,2.971794185630806,14.87062373073669,2.090252819948267,2
181,10,4.326221529733112,3.672601229118214,13.04614859263916,2.583175212074901,2
182,9,4.326221529733112,1.629145304454669,0.3977771549821501,0.3274414499220979,2
182,10,4.326221529733112,5.022371358744924,6.348871180948748,1.009444986434244,2
183,9,4.326221529733112,5.303602337602879,11.81929675886039,0.822567138408908,2
183,10,4.326221529733112,5.172395367035009,17.12373069142729,0.8022174712488896,2
184,9,4.326221529733112,5.388591102991391,39.54959539579819,1.223685369780242,2
184,10,4.326221529733112,0.5856185079404129,1.392780847287771,0.1329870436896578,2
185,9,4.326221529733112,2.494363155344013,5.410997265267632,1.683715982282195,2
185,10,4.326221529733112,6.926400815420893,5.223999684576853,4.675378453867594,2
186,9,4.326221529733112,2.073459452791515,0.4543338279543441,0.2108912962007272,2
186,10,4.326221529733112,0.8789638848524839,0.2908694388497046,0.08939930450079821,2
187,9,4.326221529733112,5.236705689027521,8.244169610193424,3.072428682705004,2
187,10,4.326221529733112,2.033309306129484,3.78873393167029,1.192963325407613,2
188,9,4.326221529733112,1.587449888447928,2.41038224106229,0.4789335620714982,2
188,10,4.326221529733112,2.883854259464777,3.444546914968324,0.8700587042347032,2
189,9,4.326221529733112,5.356852806401946,3.439822779668105,3.363171275589933,2
189,10,4.326221529733112,0.7548607147650882,0.9874496244005196,0.4739211557082944,2
190,9,4.326221529733112,4.589577741492149,5.089886451680909,3.871567495090118,2
190,10,4.326221529733112,2.515608524224426,4.69670406059227,2.122057570723812,2
191,9,4.326221529733112,5.950575234465688,2.937403395782022,2.87066694971871,2
191,10,4.326221529733112,2.984906458751603,3.304779828290943,1.439973780939774,2
192,9,4.326221529733112,6.022436746212754,10.17158974392247,3.062513361898179,2
192,10,4.326221529733112,6.398092505873596,3.381494436948552,3.253540820037746,2
193,9,4.326221529733112,0.2617840802439646,0.1434656641922159,0.121558508408545,2
193,10,4.326221529733112,3.840413402521854,4.13630023475134,1.783282331177985,2
194,9,4.326221529733112,0.5644943379472609,0.2730804731914943,0.2339040826972654,2
194,10,4.326221529733112,0.7741692061033836,1.035919208540488,0.320785038632221,2
195,9,4.326221529733112,2.087577855735167,1.476644437614398,1.446740703901017,2
195,10,4.326221529733112,10.57675422242623,15.34289667100336,7.329940201608551,2
196,9,4.326221529733112,2.116599527124968,2.28676589931183,1.697144491434583,2
196,10,4.326221529733112,1.659443891367574,1.885562341209077,1.330585225493612,2
197,9,4.326221529733112,6.66725599947697,8.032525690782522,6.336167472606368,2
197,10,4.326221529733112,0.2648402836742262,0.3238842529111258,0.2516886093745487,2
198,9,4.326221529733112,0.4254165840023293,0.512262949533312,0.4992640752977053,2
198,10,4.326221529733112,2.940347558343598,4.487409947494799,3.450758526993023,2
199,9,4.326221529733112,4.782276111867369,4.532842467940357,3.839746030778676,2
199,10,4.326221529733112,1.333597222883711,1.17666909126773,1.070760977292398,2
200,9,4.326221529733112,0.9477737128495018,2.347806135718848,0.9335749327863065,2
200,10,4.326221529733112,19.18641881656881,56.29535872775143,18.89898339049251,2
201,9,4.326221529733112,2.39354370979256,3.034340298989782,1.507433601939986,2
201,10,4.326221529733112,5.12379834315912,3.689851449323629,3.226924898192845,2
202,9,4.326221529733112,2.391398416614567,3.533944412443894,1.319909267281351,2
202,10,4.326221529733112,1.370694797354931,0.7565424554808875,0.7565417594464784,2
203,9,4.326221529733112,1.327806019128293,4.347913290736069,0.8486010781998756,2
203,10,4.326221529733112,9.340498440047202,15.85242085938015,5.969514321340388,2
204,9,4.326221529733112,8.353049290743561,16.49860677270215,5.135062182102327,2
204,10,4.326221529733112,3.345107309760049,2.24549625559092,2.056414782618122,2
205,9,4.326221529733112,4.671588837571899,26.56551115491461,0.5438378025427097,2
205,10,4.326221529733112,0.1796790242221273,0.8146983774177474,0.02091713314110258,2
206,9,4.326221529733112,1.50987038093328,3.085862884130432,1.691416846944801,2
206,10,4.326221529733112,4.007877758072823,11.24409474443075,4.489784054383201,2
207,9,4.326221529733112,0.05375899896628578,0.08571151729641377,0.01208927619231079,2
207,10,4.326221529733112,1.251115019916307,0.8509593835820628,0.2813496403383949,2
208,9,4.326221529733112,0.1257627804120869,0.1660122120077011,0.124088082151664,2
208,10,4.326221529733112,5.024205519592091,7.224428811866265,4.957301557894541,2
209,9,4.326221529733112,1.098566775220035,6.068348031679291,0.8996095968725095,2
209,10,4.326221529733112,4.548176246355053,30.29968076228814,3.724473643096551,2
210,9,4.326221529733112,4.663517680143384,5.656233561988022,2.76925552354785,2
210,10,4.326221529733112,2.006276141293425,3.364320040834041,1.191352036617188,2
211,9,4.326221529733112,12.9877756099499,21.93537437883828,8.74654755279054,2
211,10,4.326221529733112,3.181478326026942,3.939223396696501,2.14254944822491,2
212,9,4.326221529733112,0.4304790518110832,2.375824063479255,0.24405861909334,2
212,10,4.326221529733112,1.653471972700325,15.00589597910226,0.9374302528056081,2
213,9,4.326221529733112,1.207223253285045,0.8234758049879838,0.6102557723503595,2
213,10,4.326221529733112,0.1344497849628692,0.1957344443767823,0.06796485831563286,2
214,9,4.326221529733112,4.518644948853867,22.73458462637431,5.355798119042835,2
214,10,4.326221529733112,2.506696582065399,10.45537853227401,2.971103282332958,2
215,9,4.326221529733112,8.344176323407682,14.41506952047628,5.531547003460023,2
215,10,4.326221529733112,9.47690398475533,14.43033723772061,6.282458304709346,2
216,9,4.326221529733112,5.063485842458642,4.374885755160629,2.815242624160529,2
216,10,4.326221529733112,1.241365076459539,0.8160572551804847,0.6901853750807111,2
217,9,4.326221529733112,1.123619088911681,0.9849220864374731,0.9619291843525728,2
217,10,4.326221529733112,6.10751053320412,8.582550508542619,5.228633692330922,2
218,9,4.326221529733112,2.013405463713895,1.030923199019306,0.3937995361528089,2
218,10,4.326221529733112,2.055246392726896,1.186740870549043,0.4019831527836735,2
219,9,4.326221529733112,2.797500406097997,2.789245112794134,1.837724253990954,2
219,10,4.326221529733112,5.250147967189492,4.015785628225849,3.448908974352244,2
220,9,4.326221529733112,6.861407399746586,3.308390402154383,3.080762917390928,2
220,10,4.326221529733112,4.876639595952486,2.189753704186728,2.189604778349931,2
221,9,4.326221529733112,0.03392778677809115,0.1561343316528508,0.03077951008092872,2
221,10,4.326221529733112,0.0990078155763611,0.1183947328392444,0.08982053788404502,2
222,9,4.326221529733112,6.812478103458103,7.108276730471432,3.786526845758848,2
222,10,4.326221529733112,8.95257268809125,5.600360466744096,4.976039013594381,2
223,9,4.326221529733112,11.51150519146122,10.80538900116922,6.925125121066245,2
223,10,4.326221529733112,5.618475671171662,10.51352096414375,3.379979104851666,2
224,9,4.326221529733112,0.2886565450292424,0.1550232218985587,0.1083809148738742,2
224,10,4.326221529733112,5.440892657904794,12.14600075638036,2.042873907239928,2
225,9,4.326221529733112,2.047284823397372,1.816739243812461,1.142098734031617,2
225,10,4.326221529733112,2.672849337986833,1.550952206152567,1.491076283223878,2
226,9,4.326221529733112,2.62245765344312,4.777450715637666,1.036980808779986,2
226,10,4.326221529733112,14.39274000992636,13.4015022179862,5.691224472760481,2
227,9,4.326221529733112,0.319000961627643,0.4289520457511848,0.1896622481338047,2
227,10,4.326221529733112,2.849200264710932,2.309453397489139,1.693994039489064,2
228,9,4.326221529733112,2.687952255038178,3.958628675003404,2.273202353926725,2
228,10,4.326221529733112,11.57142396993868,26.77333821806096,9.785958123863747,2
229,9,4.326221529733112,8.358959351888688,25.61855963468331,13.80236873982555,2
229,10,4.326221529733112,1.122081558656401,3.34555232568795,1.852788460471996,2
230,9,4.326221529733112,1.21180592144972,2.368266947493744,1.133007517810955,2
230,10,4.326221529733112,7.604795558839816,8.64589341522645,7.110289186632246,2
231,9,4.326221529733112,4.311935583142068,11.77442848311257,4.933521282736462,2
231,10,4.326221529733112,7.476028948474343,16.84090915869493,8.553733518619877,2
232,9,4.326221529733112,1.964861342378231,2.050011925882802,1.107197779228783,2
232,10,4.326221529733112,0.6922351513087582,0.6734143652475457,0.3900739485797363,2
233,9,4.326221529733112,0.04582013037124921,0.04482691147767941,0.02719549564161239,2
233,10,4.326221529733112,3.578811572163431,2.348360420092705,2.124122164741651,2
234,9,4.326221529733112,7.253559293162877,17.44500170689548,12.84082828710406,2
234,10,4.326221529733112,13.97518478486041,31.06664656188559,24.73998499910135,2
235,9,4.326221529733112,4.974399403856538,16.65037597169013,3.141749926386768,2
235,10,4.326221529733112,6.952062026333689,24.13733019283513,4.390809540250586,2
236,9,4.326221529733112,1.025170250862845,0.512040075080926,0.4396083805059354,2
236,10,4.326221529733112,7.309197790735909,6.84465333572806,3.134293646229556,2
237,9,4.326221529733112,23.7621819154656,38.39051171119291,14.37606519839584,2
237,10,4.326221529733112,4.550889985703984,24.52198450740658,2.753277934574943,2
238,9,4.326221529733112,2.92209737557176,15.55196680922905,6.0019711439606,2
238,10,4.326221529733112,4.490412247639346,28.99639625354888,9.223280839347495,2
239,9,4.326221529733112,7.429024034916413,8.588307374490974,7.212619173418648,2
239,10,4.326221529733112,4.091025120442572,4.752581840602031,3.971854995213166,2
240,9,4.326221529733112,13.49154979237572,36.76392320264329,24.84394568023247,2
240,10,4.326221529733112,5.431598699997616,39.27064990263442,10.00198977405991,2
241,9,4.326221529733112,14.53598952170638,12.76617221965178,12.75267045443202,2
241,10,4.326221529733112,3.986219595258665,3.529105945052134,3.497178144041867,2
242,9,4.326221529733112,0.3387858928075869,1.784358806972699,0.1594623222415797,2
242,10,4.326221529733112,6.129530622258555,43.0726745717967,2.885094119994407,2
243,9,4.326221529733112,2.178587350194898,5.012496438307979,2.23126733635427,2
243,10,4.326221529733112,1.192644008795942,3.63950178989342,1.221483095679838,2
244,9,4.326221529733112,4.604248858043864,13.88688396449262,6.599951387693875,2
244,10,4.326221529733112,5.665501192654658,17.62477696861031,8.121201440516531,2
245,9,4.326221529733112,3.314097846380589,5.384467108745689,0.8794397421653131,2
245,10,4.326221529733112,1.037312980159753,0.8980000056710679,0.2752647333007148,2
246,9,4.326221529733112,27.3967480887447,25.83848028951643,24.92635275544966,2
246,10,4.326221529733112,2.135263982077176,2.12135018529878,1.942724847155411,2
247,9,4.326221529733112,1.537855456665763,10.39459107353543,1.005531169755095,2
247,10,4.326221529733112,0.07477569900420478,0.1601031611929666,0.04889230373573041,2
248,9,4.326221529733112,4.62173016967373,5.192489767861183,4.764185186306046,2
248,10,4.326221529733112,4.553290972721006,13.6023585993753,4.693636496461639,2
249,9,4.326221529733112,3.018853528341495,1.533850033403933,0.57548897918369,2
249,10,4.326221529733112,3.888277823381206,7.410779137360878,0.7412287526879656,2
250,9,4.326221529733112,3.994570371437965,36.47761699978496,1.342839457833082,2
250,10,4.326221529733112,6.843989256106353,17.53925871012506,2.300717716177558,2
251,9,4.326221529733112,12.10476982851474,22.06638551178849,5.637165839516538,2
251,10,4.326221529733112,8.999448800508302,38.02459662337407,4.191024370673907,2
252,9,4.326221529733112,7.283733433764238,6.796977209283915,2.285829158531515,2
252,10,4.326221529733112,2.636622369407223,3.175327308769508,0.8274421828906486,2
253,9,4.326221529733112,12.86880849317855,36.71337320803895,10.57539716735756,2
253,10,4.326221529733112,4.299960105032257,7.291175797751172,3.533643844231048,2
254,9,4.326221529733112,0.9497024550343888,1.259830082121754,0.8791436159305946,2
254,10,4.326221529733112,0.04915702804146259,0.06847154961581438,0.04550487065889305,2
255,9,4.326221529733112,2.089450246446496,4.294575679038677,1.263551087994897,2
255,10,4.326221529733112,1.774167562001478,1.382696991550333,1.072890516088977,2
256,9,4.326221529733112,0.9205285857313577,3.461767893770931,0.3675467013797397,2
256,10,4.326221529733112,1.853960363403828,6.61969133719677,0.7402453618715995,2
257,9,4.326221529733112,9.43035943075917,6.869415940999283,6.821939621828507,2
257,10,4.326221529733112,3.233926002930119,4.654029344046713,2.339428109335006,2
258,9,4.326221529733112,0.3865132951509945,0.3844024324472557,0.3575513397817821,2
258,10,4.326221529733112,2.126777269182714,2.664583152846409,1.967415019234074,2
259,9,4.326221529733112,6.536376020100967,6.308383961518602,1.002752074373631,2
259,10,4.326221529733112,0.0004214392199920713,0.0004686760893640366,6.465341815860322e-05,2
260,9,4.326221529733112,3.898766508389127,19.17178039084566,3.069560313213422,2
260,10,4.326221529733112,4.936179546596129,23.49762076170604,3.886331946918178,2
261,9,4.326221529733112,2.143961461251623,0.8866642823377723,0.5065791774354812,2
261,10,4.326221529733112,2.703800891459529,1.325651876480807,0.6388590729356105,2
262,9,4.326221529733112,5.822118293307817,6.621527326920073,6.587520538636168,2
262,10,4.326221529733112,6.48447601750807,20.65086528789356,7.336954832526905,2
263,9,4.326221529733112,0.05040765180186543,0.03799106730241365,0.02681819319345425,2
263,10,4.326221529733112,2.199441805951771,4.906271871243489,1.170160742690888,2
264,9,4.326221529733112,0.0176196350615802,0.02042957260410716,0.009953998660781943,2
264,10,4.326221529733112,0.8979032990857096,1.43888877591797,0.5072595547736204,2
265,9,4.326221529733112,1.47697782430276,1.477540367518666,1.234827343120091,2
265,10,4.326221529733112,1.68952429913654,1.420851045993349,1.412526828169866,2
266,9,4.326221529733112,4.168946187724787,4.72363281400235,4.588796727831461,2
266,10,4.326221529733112,2.204597837234266,2.547402774537322,2.426620754058232,2
267,9,4.326221529733112,12.51708326515267,6.025015899180284,5.097694512391233,2
267,10,4.326221529733112,3.370619954476995,3.049805288729992,1.372715230961931,2
268,9,4.326221529733112,5.901136584470438,3.256034572603304,2.465259791028987,2
268,10,4.326221529733112,4.275033870702132,2.037259223252021,1.785938853620814,2
269,9,4.326221529733112,0.3989800397287606,0.4029932357456385,0.1545519288695157,2
269,10,4.326221529733112,4.259433655450158,1.695064396752549,1.649966468971956,2
270,9,4.326221529733112,10.17603401059243,42.90166112668069,7.224593204811756,2
270,10,4.326221529733112,1.643751728758191,10.06980375753881,1.167000577791175,2
271,9,4.326221529733112,3.92610767320546,4.85485845965662,2.030295204975218,2
271,10,4.326221529733112,4.831917211147358,7.037899657089459,2.49871352525087,2
272,9,4.326221529733112,1.07823941385148,0.6603398067689034,0.4772720986387228,2
272,10,4.326221529733112,0.7072891468074446,0.4267281520868546,0.3130746020824634,2
273,9,4.326221529733112,16.91065363982685,31.85433282342816,14.54135275161367,2
273,10,4.326221529733112,0.8221284441165821,4.048238215095913,0.7069424971770005,2
274,9,4.326221529733112,2.131202684848304,5.14149419180324,1.411532566447859,2
274,10,4.326221529733112,1.275560458832792,1.233698153925469,0.8448258539256752,2
275,9,4.326221529733112,3.25037159205433,2.331697766179431,1.369072866823558,2
275,10,4.326221529733112,10.89310368857613,16.49683945885653,4.58823007559559,2
276,9,4.326221529733112,3.244321145294704,10.47364103625384,2.501536037499117,2
276,10,4.326221529733112,2.12191753011129,5.644569465422219,1.636105962528671,2
277,9,4.326221529733112,5.718918302310625,3.783596601365784,3.205575321611752,2
277,10,4.326221529733112,3.797334822854367,4.940246148509791,2.12848691877986,2
278,9,4.326221529733112,1.677983274284318,2.773999801182795,0.8514764716102499,2
278,10,4.326221529733112,4.763977191399993,10.55898451391942,2.417434399931721,2
279,9,4.326221529733112,7.805025925083291,2.878335308797307,2.37492850933341,2
279,10,4.326221529733112,0.519002702076876,0.1869639981877322,0.1579231543129427,2
280,9,4.326221529733112,1.857397218818349,11.11733331112427,0.8179557816981277,2
280,10,4.326221529733112,1.94400325132458,6.392208594659937,0.85609512222297,2
281,9,4.326221529733112,6.566167853545373,22.54559380264901,1.132875200676168,2
281,10,4.326221529733112,12.09918117196482,2.673387357572182,2.087498005523267,2
282,9,4.326221529733112,4.981259295095205,7.915420253004385,2.549799785874143,2
282,10,4.326221529733112,1.337750608686668,2.618063924383997,0.6847658420313325,2
283,9,4.326221529733112,6.370052736060351,3.474530686622124,2.701444780577101,2
283,10,4.326221529733112,5.38542601926056,2.295960584532493,2.283879210066514,2
284,9,4.326221529733112,6.239065356227147,23.14983325315163,5.251755748892534,2
284,10,4.326221529733112,1.789572897821091,6.311331967020329,1.506379436274656,2
285,9,4.326221529733112,24.5519570466,59.04385239437764,15.71771230910536,2
285,10,4.326221529733112,8.588137161012716,124.3115599339072,5.497967795875882,2
286,9,4.326221529733112,1.896928173412421,1.034542804432345,0.5509981109328932,2
286,10,4.326221529733112,16.85839633738222,5.784264044343706,4.896835138752536,2
287,9,4.326221529733112,7.721967117526214,8.095410190676255,4.487200671460133,2
287,10,4.326221529733112,0.7567880648572157,1.208129852171906,0.4397661711188691,2
288,9,4.326221529733112,13.32494416905435,19.45349336471606,10.61836811771717,2
288,10,4.326221529733112,0.7774703009471853,2.072490196597716,0.6195497520523905,2
289,9,4.326221529733112,13.10282146167628,14.14027929012918,6.590032432411874,2
289,10,4.326221529733112,1.016375447575357,0.5355113124165443,0.5111835784849234,2
290,9,4.326221529733112,4.085359730608884,3.598146757423353,0.9580172732542769,2
290,10,4.326221529733112,7.643546652762368,1.842657024379996,1.792412469190293,2
291,9,4.326221529733112,7.272359573592462,14.79552115558112,10.53700997990684,2
291,10,4.326221529733112,7.945342836446542,17.66593580434585,11.51210359089295,2
292,9,4.326221529733112,0.06561551439886601,0.1037955411757855,0.06739823819791728,2
292,10,4.326221529733112,3.188739188345386,5.025400208818771,3.275374815484949,2
293,9,4.326221529733112,1.949554206652524,2.172564093788742,0.2397867408883952,2
293,10,4.326221529733112,2.513834373143752,9.655638257419495,0.3091907623868386,2
294,9,4.326221529733112,0.9270269223922716,3.400254127300634,0.6034321657740795,2
294,10,4.326221529733112,22.26375177115221,48.09534892454505,14.49220472999164,2
295,9,4.326221529733112,4.881494119513622,6.630949005388614,2.80090096414336,2
295,10,4.326221529733112,9.642535628596692,17.95661303817175,5.532688696880812,2
296,9,4.326221529733112,8.266171421150279,24.59402938836212,8.879336402535534,2
296,10,4.326221529733112,0.2020611645853974,0.3950236254542355,0.2170495823073768,2
297,9,4.326221529733112,0.9496661143748352,0.9949608549859923,0.9922843747203595,2
297,10,4.326221529733112,4.367070191450054,4.594643006498876,4.563051633294926,2
298,9,4.326221529733112,1.851025484314587,6.878273498571351,1.729766047283226,2
298,10,4.326221529733112,3.264500612284452,3.655573619924531,3.050645368373143,2
299,9,4.326221529733112,9.57038205277297,21.34318848239051,6.503086439284389,2
299,10,4.326221529733112,8.270436554848532,24.44380748250209,5.61977186597414,2
300,9,4.326221529733112,3.934009769093941,3.988244228621096,0.909597195505623,2
300,10,4.326221529733112,2.068428669459765,5.10686595381962,0.4782491725426883,2
301,9,4.326221529733112,3.45843761929578,3.310057393292236,2.292494298278061,2
301,10,4.326221529733112,9.214099152332576,10.99754156257506,6.107749248573217,2
302,9,4.326221529733112,0.3073867569764774,0.1983563199159522,0.1686574887269853,2
302,10,4.326221529733112,0.5960324851106927,0.539747346045282,0.3270321178676098,2
303,9,4.326221529733112,8.478477086139819,6.492943327013867,1.624329334212127,2
303,10,4.326221529733112,0.4778017985372018,0.2956848411323472,0.09153854747947959,2
304,9,4.326221529733112,2.081983900433876,1.061127489909547,0.2283985469864548,2
304,10,4.326221529733112,1.482302235664835,1.501128134823334,0.1626120532200409,2
305,9,4.326221529733112,3.926390720113941,3.370238899219757,1.444809437439591,2
305,10,4.326221529733112,0.7597561056712074,0.5755352811680735,0.2795704426466903,2
306,9,4.326221529733112,2.702380014606895,0.891053668432343,0.8906972296812935,2
306,10,4.326221529733112,0.8029988581838818,1.332181391380242,0.2646662773391133,2
307,9,4.326221529733112,16.09379781615721,16.18543601960972,7.234539302411205,2
307,10,4.326221529733112,0.4593349410193578,1.080892239539063,0.2064818212416653,2
308,9,4.326221529733112,1.617007840932747,5.440065212591104,1.002031748413188,2
308,10,4.326221529733112,1.451724139097299,2.135748353236822,0.8996083015121252,2
309,9,4.326221529733112,3.722120499055938,2.042301254540604,2.039328980329818,2
309,10,4.326221529733112,3.845926342265678,3.314613880794586,2.107161508603911,2
310,9,4.326221529733112,4.953338044745033,8.744333213922681,6.041457748199947,2
310,10,4.326221529733112,6.86146936506441,10.68644008123239,8.368755955104353,2
311,9,4.326221529733112,3.076905244596381,10.0967469355496,0.5640541432668638,2
311,10,4.326221529733112,1.505277549261754,3.268889007859701,0.2759454617326247,2
312,9,4.326221529733112,7.323254817500759,13.45657122256068,7.058457188349965,2
312,10,4.326221529733112,5.698139468278056,16.66707140256945,5.492103510309638,2
313,9,4.326221529733112,2.080590896758428,2.905260371128422,1.041350371663591,2
313,10,4.326221529733112,18.87453960580995,33.28744573254291,9.446839772351201,2
314,9,4.326221529733112,4.253714922770112,28.10736454668102,2.436322631405001,2
314,10,4.326221529733112,1.526340356792365,12.52952932177013,0.874214098028542,2
315,9,4.326221529733112,1.693900465601178,4.966004565655171,0.6479289960041279,2
315,10,4.326221529733112,1.907573495803438,5.082818733081345,0.7296604523344,2
316,9,4.326221529733112,0.05733797125518267,0.09433343150712559,0.01089842045698159,2
316,10,4.326221529733112,5.501622392917123,4.006611716478734,1.045711815765306,2
317,9,4.326221529733112,6.095241178833335,5.087657088991893,3.52618057620101,2
317,10,4.326221529733112,0.7383458858897226,0.4391707777487688,0.4271432163149614,2
318,9,4.326221529733112,0.5199238630940347,0.7010420136266836,0.3876890398155405,2
318,10,4.326221529733112,0.6163727490849481,0.5553014573778615,0.4596076006959303,2
319,9,4.326221529733112,4.272836767426366,19.45262126952184,2.966522880128866,2
319,10,4.326221529733112,3.961297087546514,11.36303438952469,2.750228732063794,2
320,9,4.326221529733112,1.920770883024038,7.349252730398375,4.074881180251794,2
320,10,4.326221529733112,13.00797482958096,68.44694568488305,27.59618666376106,2
321,9,4.326221529733112,4.745559198735341,7.861485427420671,4.124560449658873,2
321,10,4.326221529733112,3.567136803396435,4.846564171164322,3.100345135665444,2
322,9,4.326221529733112,2.366359338176891,2.380766595084582,0.4649137233731773,2
322,10,4.326221529733112,1.871984326108842,1.223877394574242,0.3677848875724857,2
323,9,4.326221529733112,2.365050620530351,3.172789440718132,0.4708342301208724,2
323,10,4.326221529733112,2.806742905062944,9.378702648262713,0.5587663212706161,2
324,9,4.326221529733112,3.761535806114501,10.73561125729986,1.508966470096147,2
324,10,4.326221529733112,10.68763843656009,11.8736778579619,4.287421116413287,2
325,9,4.326221529733112,7.602186378375751,32.51602665396271,0.9366911430988571,2
325,10,4.326221529733112,4.262461410847673,19.19337446857453,0.5251923134505836,2
326,9,4.326221529733112,0.6298381161295808,2.504273770610496,0.2894288471207689,2
326,10,4.326221529733112,3.059173784221663,2.799205919175597,1.405778911810402,2
327,9,4.326221529733112,6.081974550919393,32.52670208637707,1.13378105280412,2
327,10,4.326221529733112,4.26504914432816,6.614042547156375,0.7950759853782529,2
328,9,4.326221529733112,4.753592016018594,6.972770514390059,0.8735073085105702,2
328,10,4.326221529733112,1.822937805296595,1.759969575696124,0.3349781576796906,2
329,9,4.326221529733112,9.721132492075489,32.92171863154382,6.187215001334741,2
329,10,4.326221529733112,8.082077598096568,31.00214579784619,5.144004754349172,2
330,9,4.326221529733112,0.5376351415042707,1.847924059631938,0.788260943652268,2
330,10,4.326221529733112,1.806482011172972,3.997452634022501,2.648597728998603,2
331,9,4.326221529733112,14.55207911845379,50.81168503583276,7.659617366692751,2
331,10,4.326221529733112,6.092366237814359,12.20595955963988,3.206771613840277,2
332,9,4.326221529733112,7.78114930889963,4.475306972566707,0.7034867130622556,2
332,10,4.326221529733112,7.172200386273657,6.63354860583475,0.6484321884676713,2
333,9,4.326221529733112,2.589763383157873,41.34960489672702,0.1395774181871508,2
333,10,4.326221529733112,2.364894725595752,22.02866494857106,0.1274579377520465,2
334,9,4.326221529733112,0.5459750743929819,0.5988963878286532,0.3507617783080009,2
334,10,4.326221529733112,7.972499673823675,8.471628991060312,5.121933755418151,2
335,9,4.326221529733112,1.48696375729123,7.97484260880382,0.9606568250741248,2
335,10,4.326221529733112,3.471559220521125,4.567518465282214,2.242809915500485,2
336,9,4.326221529733112,5.385088831555706,1.429204172157686,1.412246579192062,2
336,10,4.326221529733112,3.251614387389546,8.27352103366241,0.8527401198163641,2
337,9,4.326221529733112,3.199970517204421,2.889610354765875,2.747445872100275,2
337,10,4.326221529733112,5.95660884113457,7.544087956037941,5.114253485869136,2
338,9,4.326221529733112,0.4898107934046477,1.295121318257826,0.3411272109634006,2
338,10,4.326221529733112,1.211136244654434,1.39792812884348,0.8434920887795482,2
339,9,4.326221529733112,0.02936182243875097,0.04735351583363386,0.01754013271410104,2
339,10,4.326221529733112,13.76462180991484,8.407574977645766,8.222694412410814,2
340,9,4.326221529733112,0.5399662564025464,0.2799094797948654,0.2454319122239034,2
340,10,4.326221529733112,14.62046476882226,14.89679030233425,6.645468273741808,2
341,9,4.326221529733112,4.145390669233463,15.13703892900716,1.631954113728046,2
341,10,4.326221529733112,1.116492032212682,1.45858051562766,0.4395396984986689,2
342,9,4.326221529733112,1.716456086655791,2.240096399974338,1.617348267695461,2
342,10,4.326221529733112,0.2207511131494696,0.5188823058392377,0.2080049895944331,2
343,9,4.326221529733112,5.96249144762688,8.857487720924,6.877021538244896,2
343,10,4.326221529733112,0.2114309663858757,0.5432775531476,0.2438603597941109,2
344,9,4.326221529733112,7.422471206593213,9.530884230138204,6.014193967289892,2
344,10,4.326221529733112,0.9223579946816328,0.7681835531398274,0.7473575488401208,2
345,9,4.326221529733112,1.879970880072485,2.579623285667827,1.577183720325424,2
345,10,4.326221529733112,7.505735343903327,6.428576121130757,6.296865403052965,2
346,9,4.326221529733112,1.766177357760595,2.532198406335098,0.8738219025486936,2
346,10,4.326221529733112,1.950945379855241,6.215804641955642,0.9652364730545784,2
347,9,4.326221529733112,2.715687559815738,4.404035313312656,2.861469190851806,2
347,10,4.326221529733112,5.787740869147512,15.35314898098065,6.098434306935944,2
348,9,4.326221529733112,5.701143012379945,13.6561537448291,1.807582896314599,2
348,10,4.326221529733112,9.057415268736316,7.182113393038872,2.871709916596523,2
349,9,4.326221529733112,0.6785017529186339,0.8316459952062484,0.3479170959916847,2
349,10,4.326221529733112,2.105665609170456,3.000482230486198,1.079727592037629,2
350,9,4.326221529733112,0.2313874401539671,0.1547218649686617,0.1119101202847056,2
350,10,4.326221529733112,0.1119413026270624,0.09703082620159585,0.05414021017513042,2
351,9,4.326221529733112,1.501237423386095,1.6227863360683,0.6570783934623687,2
351,10,4.326221529733112,6.295310217994907,8.873240288125711,2.755401817160456,2
352,9,4.326221529733112,0.2805356694002228,1.032640368774595,0.1906926061568494,2
352,10,4.326221529733112,0.6065256864415328,2.553843641141954,0.41228255963274,2
353,9,4.326221529733112,1.176307105861437,2.084821975442249,0.2046069097044225,2
353,10,4.326221529733112,6.091800336477053,13.54018791221988,1.059608018324556,2
354,9,4.326221529733112,7.025123649939337,32.62892366782822,4.7888957861219,2
354,10,4.326221529733112,1.711543517441912,4.985170200959128,1.166727298602439,2
355,9,4.326221529733112,7.279795675143233,37.8356796067112,7.736825713240962,2
355,10,4.326221529733112,2.286402396962282,5.213061349981206,2.429944141981087,2
356,9,4.326221529733112,21.26719337382472,25.23590131950639,8.45724623929482,2
356,10,4.326221529733112,3.043003728216372,7.17080951981558,1.210100053366361,2
357,9,4.326221529733112,3.339105527021852,6.205645949449799,3.35314578292962,2
357,10,4.326221529733112,1.291090938979891,1.765940530197599,1.29651971235551,2
358,9,4.326221529733112,7.070276211087984,5.516874227767132,3.017760818911299,2
358,10,4.326221529733112,2.145315438760012,0.9491193272998678,0.9156712810091521,2
359,9,4.326221529733112,17.03979578862073,7.762702974505274,1.307737307761547,2
359,10,4.326221529733112,2.829827784372749,5.288461273133413,0.2171781524891144,2
360,9,4.326221529733112,0.5830307211968332,0.8486548580597195,0.3965410178696737,2
360,10,4.326221529733112,3.396892214061966,5.622387865615281,2.310353549453781,2
361,9,4.326221529733112,13.48866178518985,6.631780994316389,4.968846954351474,2
361,10,4.326221529733112,9.420401450838769,4.037138410650613,3.470213265274604,2
362,9,4.326221529733112,4.306679282931871,4.191449299730686,3.790679305657168,2
362,10,4.326221529733112,0.9008369798556871,0.799945416561059,0.7929042013513866,2
363,9,4.326221529733112,6.143995605869218,15.27281536570064,3.510762441377064,2
363,10,4.326221529733112,14.13670887171406,34.3067732956,8.077907234192136,2
364,9,4.326221529733112,5.469625506723527,8.777888799229331,6.402885839845128,2
364,10,4.326221529733112,1.614283048860529,2.555019759570107,1.889721711723318,2
365,9,4.326221529733112,3.231810055145306,3.987765230662023,2.793961683547244,2
365,10,4.326221529733112,8.523709904320187,11.06468872414832,7.368910445843639,2
366,9,4.326221529733112,4.280565787498724,8.067052279722043,1.443841934482685,2
366,10,4.326221529733112,0.7013264321999798,0.8634025636343758,0.2365585679184612,2
367,9,4.326221529733112,3.513598953229182,3.480372326138738,3.441978818691865,2
367,10,4.326221529733112,9.834111311797704,9.921716248238345,9.633655771885106,2
368,9,4.326221529733112,20.31128303877558,56.93385721416754,9.548080206097804,2
368,10,4.326221529733112,15.05590822666461,63.04108695972278,7.077594214476928,2
369,9,4.326221529733112,0.4555289305025036,0.3979795179126935,0.3569520844641512,2
369,10,4.326221529733112,1.775049536318906,1.845124792873065,1.390927314577391,2
370,9,4.326221529733112,0.04223205662191485,0.03523621630766428,0.01086793267674768,2
370,10,4.326221529733112,4.580148740401961,15.4400517324995,1.178648451952238,2
371,9,4.326221529733112,0.6290449209943992,2.484058627944345,0.4444395357482145,2
371,10,4.326221529733112,0.8605815189830499,2.857954382782273,0.6080272457580583,2
372,9,4.326221529733112,2.133150816874263,5.178397844544517,1.175256292608298,2
372,10,4.326221529733112,3.544003600664479,2.515214411251063,1.952563550480971,2
373,9,4.326221529733112,0.01253263960147445,0.00793309296065026,0.007921952113540033,2
373,10,4.326221529733112,3.357490688030508,2.190314244391955,2.12228878337051,2
374,9,4.326221529733112,1.808224825568602,13.54121273049139,1.306414935108069,2
374,10,4.326221529733112,0.3125408438609305,1.276320868461221,0.2258060062430593,2
375,9,4.326221529733112,2.508812460947454,1.747655575388384,1.727181671210879,2
375,10,4.326221529733112,3.878956185570373,3.866736281881741,2.670451510997789,2
376,9,4.326221529733112,1.439480826657104,17.46132801211828,0.2881272065539618,2
376,10,4.326221529733112,2.314827372015977,6.126355755535486,0.4633370115130327,2
377,9,4.326221529733112,0.1429401299872883,1.484419396376706,0.1905016889669014,2
377,10,4.326221529733112,0.9808903823533456,3.422886150156393,1.307269515889762,2
378,9,4.326221529733112,11.0061895032194,39.34462143017597,9.332955936175193,2
378,10,4.326221529733112,1.56057905522475,3.532005133620188,1.323329527723486,2
379,9,4.326221529733112,2.887452334616945,1.212874024031225,1.210291486597951,2
379,10,4.326221529733112,2.315804494093834,2.244500197891284,0.9706821581866443,2
380,9,4.326221529733112,9.053281950983008,4.75734048813675,4.603589121288358,2
380,10,4.326221529733112,2.960233499785657,5.019611818380051,1.505277181233366,2
381,9,4.326221529733112,2.577007831387138,18.27288272006077,2.97514901869189,2
381,10,4.326221529733112,3.431576111281526,9.583067252937401,3.961745934838807,2
382,9,4.326221529733112,1.288551478551965,1.607542070194049,1.593975390960514,2
382,10,4.326221529733112,0.2568580752255042,0.3679390545346462,0.3177408568410773,2
383,9,4.326221529733112,0.06236137901767275,0.03776227507290608,0.006820660122265863,2
383,10,4.326221529733112,3.95539088388297,5.480654617640129,0.4326135389345548,2
384,9,4.326221529733112,2.030804854056907,22.38629848656911,0.850254278533198,2
384,10,4.326221529733112,1.882313853235339,17.38847965860375,0.7880842928154679,2
385,9,4.326221529733112,3.593632692482433,1.867475159427421,1.448090532356833,2
385,10,4.326221529733112,12.54729834173948,5.243108195156283,5.056060396305612,2
386,9,4.326221529733112,0.2810133199617471,0.9779881434491707,0.1238834483230348,2
386,10,4.326221529733112,6.536638019445538,26.44576503623308,2.881647241485198,2
387,9,4.326221529733112,7.026712162725122,10.8880656434627,5.598977005125525,2
387,10,4.326221529733112,1.63569654372144,8.001495833556575,1.30334459752623,2
388,9,4.326221529733112,1.696432735461948,0.678168265167568,0.3479309303205723,2
388,10,4.326221529733112,3.377367416095796,1.556111716406076,0.6926832774166046,2
389,9,4.326221529733112,8.375360872421879,19.84731556029098,7.623800973351502,2
389,10,4.326221529733112,7.887988672372057,19.33500042731229,7.18016293676743,2
390,9,4.326221529733112,7.575946753224239,22.65501465202256,1.610594797999323,2
390,10,4.326221529733112,9.437504251014232,13.8958441799423,2.006349271965392,2
391,9,4.326221529733112,3.758429497858634,3.195173152019627,2.128965557660877,2
391,10,4.326221529733112,3.690737591936363,17.89754019170764,2.090621420482557,2
392,9,4.326221529733112,1.246048153668805,0.9190609103995704,0.519307746214656,2
392,10,4.326221529733112,1.021038694351446,2.793726198576752,0.4255319520360514,2
393,9,4.326221529733112,0.7722128302600954,3.049015420270301,0.5874913268926317,2
393,10,4.326221529733112,3.580135873486385,6.928853156097738,2.723729381784551,2
394,9,4.326221529733112,4.658068861604303,42.99767735694499,0.3683116372506387,2
394,10,4.326221529733112,6.279776520901448,32.17328183489795,0.4965394116532517,2
395,9,4.326221529733112,1.809926363095815,1.32329022756006,0.5736554940052081,2
395,10,4.326221529733112,0.9493230428665695,0.3753631378451491,0.3008875887053532,2
396,9,4.326221529733112,6.102383204344904,32.97831981029466,3.293465944361369,2
396,10,4.326221529733112,2.140381900506134,11.37935438657629,1.155167524095394,2
397,9,4.326221529733112,10.61202058617643,33.92344353626785,5.659037263821593,2
397,10,4.326221529733112,0.9250166523225011,1.784730880146137,0.4932805833384299,2
398,9,4.326221529733112,2.281911338446798,2.542236124090927,1.645592464360972,2
398,10,4.326221529733112,1.789859915049373,1.406691058340648,1.290751283295615,2
399,9,4.326221529733112,8.596674195456719,6.001145250630243,5.699040646549353,2
399,10,4.326221529733112,4.90610587336266,4.307794119905247,3.25243183036354,2
400,9,4.326221529733112,0.06013236180196931,0.04133010451099651,0.03836106073388983,2
400,10,4.326221529733112,0.7841383412450209,1.000638788580384,0.5002361063304643,2
401,9,4.326221529733112,0.3412332067285747,1.475103764122154,0.2229290045482417,2
401,10,4.326221529733112,6.129029746284975,10.1523881864696,4.004119391793811,2
402,9,4.326221529733112,0.7358731931666398,0.5473280992771367,0.2511222537782151,2
402,10,4.326221529733112,1.51983661622334,0.6704969990138215,0.5186556596772682,2
403,9,4.326221529733112,2.741833100093868,2.649158608364366,2.179601973073184,2
403,10,4.326221529733112,0.09486585358025795,0.1165090622320493,0.07541297886940057,2
404,9,4.326221529733112,3.033060579726784,4.869705768591611,0.7848116198746986,2
404,10,4.326221529733112,4.495446130728996,18.72142191637185,1.163207350192351,2
405,9,4.326221529733112,6.374799043934802,7.798973021228278,7.784429288567418,2
405,10,4.326221529733112,1.22446469814242,4.163931362508024,1.495224993500863,2
406,9,4.326221529733112,12.75641709960097,12.75676631916177,9.082164656592155,2
406,10,4.326221529733112,0.07517756912783342,0.08374613962987598,0.05352404644425432,2
407,9,4.326221529733112,0.3598964234101716,0.4320108475258391,0.4051681867439433,2
407,10,4.326221529733112,2.093227963167509,4.899101835257434,2.356537389958202,2
408,9,4.326221529733112,1.777457877997246,2.34491006806102,0.5831708502113676,2
408,10,4.326221529733112,0.06939951261778668,0.160503669005818,0.02276946940828259,2
409,9,4.326221529733112,2.594881644867016,2.631044692290044,0.5341694228217315,2
409,10,4.326221529733112,0.5135600801208651,0.4658649204915906,0.1057189225277763,2
410,9,4.326221529733112,3.742192535561152,1.411677497217362,1.21299004296502,2
410,10,4.326221529733112,0.388554813830024,0.1864565093312124,0.1259457165400154,2
411,9,4.326221529733112,8.077438602637423,8.494608307764127,5.62557195205941,2
411,10,4.326221529733112,0.5804554115805883,0.6018911690055582,0.4042610341529121,2
412,9,4.326221529733112,0.1671031986822378,0.04634335643173103,0.03635595546782868,2
412,10,4.326221529733112,4.722018646936282,2.543130712142904,1.027350170434051,2
413,9,4.326221529733112,7.76939539866887,13.15048788556318,9.387413574324926,2
413,10,4.326221529733112,0.7340500273629172,1.861633150888114,0.8869198743934229,2
414,9,4.326221529733112,6.299113617445275,19.99343058742744,4.625325158532458,2
414,10,4.326221529733112,3.769779598491882,6.848077461131787,2.768080952014734,2
415,9,4.326221529733112,7.237450484013305,10.77177115651122,6.032705193327019,2
415,10,4.326221529733112,1.735713672316033,2.713365047905212,1.446786946347887,2
416,9,4.326221529733112,1.996486876488665,2.847025982399455,1.0144960634336,2
416,10,4.326221529733112,6.79547797751342,4.448639309781531,3.453058338886721,2
417,9,4.326221529733112,2.083329181888155,5.873187429499371,1.606854060583683,2
417,10,4.326221529733112,0.6319830592459422,2.084353276262469,0.4874431529102246,2
418,9,4.326221529733112,0.3412113160284639,0.4247839582576307,0.03243598697725193,2
418,10,4.326221529733112,14.78360426146265,26.68340100499716,1.405348453512741,2
419,9,4.326221529733112,5.267218093321904,16.91427456518221,2.736924038903752,2
419,10,4.326221529733112,7.955741849621741,5.008840907949963,4.13392054966341,2
420,9,4.326221529733112,3.937821709395796,10.60594352342906,2.529414261831816,2
420,10,4.326221529733112,8.325467787259779,5.401293989527979,5.347768007695654,2
421,9,4.326221529733112,4.485691194398605,20.8840586027081,13.07832759491662,2
421,10,4.326221529733112,0.8987819508506081,4.643984475865492,2.620457869302444,2
422,9,4.326221529733112,7.364424265340606,7.329592735027139,7.325573184005486,2
422,10,4.326221529733112,9.294804624831773,11.53885028158251,9.245769805888369,2
423,9,4.326221529733112,4.258598686803299,14.26499509405349,12.89693377570492,2
423,10,4.326221529733112,12.62966694992946,53.0501996405987,38.24825728876501,2
424,9,4.326221529733112,0.2703751147990909,0.2959802842043011,0.13992527313096,2
424,10,4.326221529733112,6.45086038746261,3.550221449102501,3.338467012084763,2
425,9,4.326221529733112,0.3473834705019115,0.5738382597714984,0.1799489221961375,2
425,10,4.326221529733112,8.860093241432496,4.727599062434263,4.589637575586046,2
426,9,4.326221529733112,9.048254344099968,17.69984496566511,8.448256556734991,2
426,10,4.326221529733112,0.5285208791483421,0.5787338264216749,0.4934741899190573,2
427,9,4.326221529733112,6.27268552232037,5.981240389880812,1.976315442202697,2
427,10,4.326221529733112,0.03085366871064631,0.01459435608744476,0.009720969065718477,2
428,9,4.326221529733112,1.797777450218427,3.377455472055984,0.7011197632105207,2
428,10,4.326221529733112,3.211382637295222,2.954216421729505,1.252415216335727,2
429,9,4.326221529733112,0.7290918102596111,2.374577338565146,0.4208977148711956,2
429,10,4.326221529733112,3.685045526969,6.726000618603351,2.127341467387065,2
430,9,4.326221529733112,3.605764266589718,6.729297777660942,2.372128838384802,2
430,10,4.326221529733112,8.913683081469388,7.213405891509504,5.864056308310561,2
431,9,4.326221529733112,0.1490972999436972,0.2001340378295554,0.01309776525975885,2
431,10,4.326221529733112,12.27844216946076,19.14096965512021,1.078625524082937,2
432,9,4.326221529733112,4.580821992139931,19.82724990402799,3.357525643655593,2
432,10,4.326221529733112,9.586852670700274,17.6512117670271,7.026709123178042,2
433,9,4.326221529733112,0.3309654594212983,1.975108808831746,0.3447803189071575,2
433,10,4.326221529733112,8.934600329219711,39.55786283703503,9.307540298019788,2
434,9,4.326221529733112,7.430091953190526,4.623753129282123,2.589342835741878,2
434,10,4.326221529733112,21.56865010491049,14.16567650951016,7.516546225486691,2
435,9,4.326221529733112,7.639625473425806,2.676311276134249,2.275627702242197,2
435,10,4.326221529733112,18.81672601323209,5.606715535844385,5.604968873167913,2
436,9,4.326221529733112,1.208432605429744,3.196343797648069,0.8135744698998438,2
436,10,4.326221529733112,2.427350208690031,5.053812542214529,1.634207940453556,2
437,9,4.326221529733112,7.506535548855507,6.735671636645622,3.307879002002024,2
437,10,4.326221529733112,0.7355009624018661,0.9192974284137696,0.3241106597906347,2
438,9,4.326221529733112,20.35119403465133,22.30469512326506,21.62598751988587,2
438,10,4.326221529733112,6.101292673462092,9.845979247258464,6.483476054859544,2
439,9,4.326221529733112,0.7409348574467414,0.4316456418308472,0.3305924936819589,2
439,10,4.326221529733112,0.6371636431984785,0.2886489554416365,0.2842915481319596,2
440,9,4.326221529733112,4.441382659553755,5.430432846320899,2.74753918971594,2
440,10,4.326221529733112,6.087077071198534,3.933107804539366,3.765602760654647,2
441,9,4.326221529733112,3.898768218366477,8.183114740232,1.434202852205957,2
441,10,4.326221529733112,2.343390062176333,1.578919915100174,0.8620406556029006,2
442,9,4.326221529733112,5.652759050120904,7.416313776530896,3.398028838295868,2
442,10,4.326221529733112,13.81484086168728,8.322267782002191,8.304480560422517,2
443,9,4.326221529733112,13.14520716257142,29.45178876952468,1.953205149396391,2
443,10,4.326221529733112,0.2028446802347227,0.1470291908599227,0.03014005553980345,2
444,9,4.326221529733112,0.7554912772836234,0.5327125494730861,0.52440836378619,2
444,10,4.326221529733112,13.66863340565344,11.34065109906375,9.487794095021716,2
445,9,4.326221529733112,5.240558693953755,57.49333677876408,2.890268901474697,2
445,10,4.326221529733112,2.345346405464571,7.103843644838016,1.293503646227749,2
446,9,4.326221529733112,0.3788840324487149,1.928700207949595,0.3139549040312192,2
446,10,4.326221529733112,1.762759892649427,3.725371416978683,1.460676791655885,2
447,9,4.326221529733112,9.576579752481825,15.63519965871755,13.74872680977113,2
447,10,4.326221529733112,12.55153138554063,22.01415121065465,18.01975032049877,2
448,9,4.326221529733112,0.2499557324009481,0.5394814278639249,0.1597420858737975,2
448,10,4.326221529733112,7.442571127236137,26.57498118856501,4.756409563841197,2
449,9,4.326221529733112,4.117031985706384,1.288852545126534,1.288748112917286,2
449,10,4.326221529733112,2.235940428018215,5.425019737613215,0.6999129511765342,2
450,9,4.326221529733112,0.03576927709804475,0.02333248347200496,0.01406662095246532,2
450,10,4.326221529733112,0.9881322552042879,2.345733270234422,0.3885927536853475,2
451,9,4.326221529733112,1.145093705584504,0.584243873747414,0.5773600925862445,2
451,10,4.326221529733112,3.426550986747614,2.210978938681109,1.727678516886315,2
452,9,4.326221529733112,3.476617979649538,3.300423516022931,3.077940636202106,2
452,10,4.326221529733112,1.538059790324274,1.661940886722446,1.361684475331624,2
453,9,4.326221529733112,23.44759675172078,122.381798779948,28.06631111996421,2
453,10,4.326221529733112,0.8120129741770893,1.420153874594958,0.9719635239389348,2
454,9,4.326221529733112,10.39065692668125,28.13833787656955,4.823888870803206,2
454,10,4.326221529733112,1.317460129294821,5.20697826282839,0.6116342114147828,2
455,9,4.326221529733112,2.913290784150968,1.4678999769891,0.8246500807120856,2
455,10,4.326221529733112,0.3148264853255883,0.1290314919055943,0.08911629691977732,2
456,9,4.326221529733112,0.500708042120164,1.816288165242121,0.3583362427587153,2
456,10,4.326221529733112,0.9935982183168005,7.937976498945892,0.7110775590018388,2
457,9,4.326221529733112,2.165947195327307,2.945191627137484,2.831286866410069,2
457,10,4.326221529733112,0.4178012687614643,0.5488643080923706,0.5461422363230981,2
458,9,4.326221529733112,0.7035509067737165,4.367662092472518,0.4804063580121987,2
458,10,4.326221529733112,3.458967076574292,7.820927391938001,2.361889892746047,2
459,9,4.326221529733112,2.263657738811447,2.728207284112464,0.5328016938652247,2
459,10,4.326221529733112,0.9121655450685883,1.380546965935481,0.2146982466321168,2
460,9,4.326221529733112,3.187078241489102,7.194446345176428,1.97962225707463,2
460,10,4.326221529733112,16.18652618161997,78.87345184142163,10.05410130090956,2
461,9,4.326221529733112,0.9056899513701824,1.055611774693992,1.053550773656399,2
461,10,4.326221529733112,5.533164138069743,7.219878403608873,6.436495568502276,2
462,9,4.326221529733112,3.072407309582419,6.168312065356497,0.6863134477606631,2
462,10,4.326221529733112,1.130063026870079,0.3489436838633208,0.2524331489965977,2
463,9,4.326221529733112,0.04655779912135236,0.1676995958231947,0.01710672554739654,2
463,10,4.326221529733112,2.36488819692618,1.840771361420816,0.8689305357765483,2
464,9,4.326221529733112,1.221294026620456,2.367416079559404,0.5281513119904084,2
464,10,4.326221529733112,4.469827643825616,8.02005619074405,1.932986883584545,2
465,9,4.326221529733112,3.444671583692834,20.34954699482402,2.5239665923386,2
465,10,4.326221529733112,3.475546924454464,19.57370194880086,2.54658945397172,2
466,9,4.326221529733112,7.564082057272842,10.55462424103898,1.156404640007317,2
466,10,4.326221529733112,1.108202970217334,1.036518869543232,0.1694232092044834,2
467,9,4.326221529733112,10.83524540487119,136.5640090054216,7.963326881787892,2
467,10,4.326221529733112,0.9227764387291066,2.261642962512748,0.6781914156838934,2
468,9,4.326221529733112,1.005066540808958,0.4767849812841468,0.1819614856736149,2
468,10,4.326221529733112,2.233450710131102,4.74565225693324,0.4043533367125531,2
469,9,4.326221529733112,13.88629541736383,17.04949182987961,6.856745013962137,2
469,10,4.326221529733112,13.15422391508594,41.34752191124058,6.495264325827633,2
470,9,4.326221529733112,3.573581917876206,2.525606233250711,1.970721204965265,2
470,10,4.326221529733112,1.33935296583185,1.089508188698083,0.7386122247525264,2
471,9,4.326221529733112,1.012984918083657,0.780879286406966,0.2716456443263386,2
471,10,4.326221529733112,3.767016019531544,16.5381195723976,1.010176435547659,2
472,9,4.326221529733112,0.2521067310731036,0.306420544099961,0.2576671014990761,2
472,10,4.326221529733112,1.341277040800782,2.816306178238979,1.370859738410479,2
473,9,4.326221529733112,18.44118387659702,34.61322767628395,19.89400831293709,2
473,10,4.326221529733112,0.8216886521742304,0.9935672397083907,0.8864225304832596,2
474,9,4.326221529733112,0.1248999225003748,0.2110772452150992,0.05169090224492091,2
474,10,4.326221529733112,0.3537940669493749,1.333618463324095,0.1464207035793658,2
475,9,4.326221529733112,1.931947938519114,14.21764382260346,0.868675065704502,2
475,10,4.326221529733112,5.877476484098776,7.402394811504919,2.642730256445085,2
476,9,4.326221529733112,2.510069923661603,4.768473072651195,1.220824561781289,2
476,10,4.326221529733112,3.121747639561049,5.137170901994883,1.518326704022405,2
477,9,4.326221529733112,4.243735113137387,4.878924545756969,2.493688400728411,2
477,10,4.326221529733112,0.3577280896531225,0.2926691271196568,0.2102068965193316,2
478,9,4.326221529733112,2.662570678921372,4.031708776481175,3.986944002862046,2
478,10,4.326221529733112,16.38752727646423,24.59543769633012,24.53874900444163,2
479,9,4.326221529733112,0.2400120751149538,0.5032042682205201,0.1841399108663896,2
479,10,4.326221529733112,1.012990876477359,2.630975229437112,0.7771777716336443,2
480,9,4.326221529733112,0.07989738289259363,0.06123295794522788,0.03204985139501822,2
480,10,4.326221529733112,0.06384969018343133,0.03900352636569361,0.02561251705513152,2
481,9,4.326221529733112,6.42026685608091,24.27260199924514,11.80258075072175,2
481,10,4.326221529733112,11.32819487608886,33.24125960252368,20.82498092089681,2
482,9,4.326221529733112,18.67334279219468,15.68668632925741,5.20215467072356,2
482,10,4.326221529733112,2.368646959576788,13.76586646866011,0.6598747734234325,2
483,9,4.326221529733112,2.472027762968712,7.658435261006962,2.207830422328357,2
483,10,4.326221529733112,6.479444364139025,9.5125317308263,5.786955389914535,2
484,9,4.326221529733112,0.8908016920119327,1.301952547694649,0.4219663129722701,2
484,10,4.326221529733112,0.05601421375614179,0.03339270473018147,0.02653352756811237,2
485,9,4.326221529733112,0.07150904342869777,0.1341744194555951,0.02400869241933125,2
485,10,4.326221529733112,7.30649371288616,9.552855112702138,2.453107352657758,2
486,9,4.326221529733112,0.4951409176205771,0.9526183593027011,0.5033509271050178,2
486,10,4.326221529733112,8.178779863548622,12.27627264662246,8.314393499710159,2
487,9,4.326221529733112,15.73246845970548,29.92046466472561,11.13933578122069,2
487,10,4.326221529733112,5.483714323371633,3.882803766377839,3.882730503021746,2
488,9,4.326221529733112,13.65171081456487,16.70064658630323,7.260543463452036,2
488,10,4.326221529733112,6.166777606705359,13.11450018428962,3.279746945354124,2
489,9,4.326221529733112,3.73943742962267,14.44040571065828,0.07309263662754097,2
489,10,4.326221529733112,0.05258858258788627,0.1798550544126822,0.001027918832764549,2
490,9,4.326221529733112,3.82482893692882,5.146926995382684,3.259458168222305,2
490,10,4.326221529733112,3.417583306787271,4.704498877133612,2.91240994266073,2
491,9,4.326221529733112,2.212413242884975,3.303712053617419,2.013781843450354,2
491,10,4.326221529733112,0.2820442044906404,0.6912127885683553,0.2567221561705232,2
492,9,4.326221529733112,3.4531970697985,6.326846877691103,5.407309382178046,2
492,10,4.326221529733112,3.704051678018472,6.102007787035622,5.800118842273415,2
493,9,4.326221529733112,9.067980382495955,6.098215786747187,3.193511966713585,2
493,10,4.326221529733112,2.498077729806123,6.539339768991601,0.8797594158139012,2
494,9,4.326221529733112,4.346906782854057,3.189435959833458,3.04778236002755,2
494,10,4.326221529733112,0.1494823956108131,0.1079379350366088,0.104807816508586,2
495,9,4.326221529733112,3.497251516732744,10.50051960809384,3.044307516588489,2
495,10,4.326221529733112,11.67946589255036,36.83636231942295,10.16680831684863,2
496,9,4.326221529733112,0.4901182491182614,0.2923329638700221,0.1230202970914215,2
496,10,4.326221529733112,1.0214313974051,0.8061831274619707,0.2563805656968332,2
497,9,4.326221529733112,3.603593010075626,11.78486204707586,1.380083221148822,2
497,10,4.326221529733112,11.11680401526164,18.72961711293532,4.257449343298752,2
498,9,4.326221529733112,0.855191863312045,2.768299598233083,0.4414582431563454,2
498,10,4.326221529733112,4.867345602364924,18.8251990848905,2.512570489308722,2
499,9,4.326221529733112,4.776335487379161,3.223453884962353,1.527283579697513,2
499,10,4.326221529733112,7.661867429386644,2.506335629658254,2.449962810535818,2
500,9,4.326221529733112,4.204582693492478,3.335477173549105,2.366682986357666,2
500,10,4.326221529733112,3.073245009392681,3.706726206863838,1.72987361811089,2
501,9,4.326221529733112,18.87842313007532,21.5132876550104,10.0039700283036,2
501,10,4.326221529733112,8.232618864772636,6.970535128567695,4.362592776428762,2
502,9,4.326221529733112,1.432788430122939,3.746920790786987,1.240754433428732,2
502,10,4.326221529733112,1.209868019096389,3.863119252830451,1.047711634877368,2
503,9,4.326221529733112,3.586030386378405,2.151762404094925,1.138042692752882,2
503,10,4.326221529733112,8.981973284426804,4.960526595089513,2.850469171056515,2
504,9,4.326221529733112,0.5294323576743087,0.9202427498395324,0.6371174685322846,2
504,10,4.326221529733112,0.6689708722323814,0.9864264564345625,0.8050377398744543,2
505,9,4.326221529733112,17.29254776832654,15.66656936347742,14.35719966974341,2
505,10,4.326221529733112,3.280442264212301,2.72785229469817,2.723598929628344,2
506,9,4.326221529733112,0.3500704578104324,3.234294631068809,0.2272336110829602,2
506,10,4.326221529733112,4.145357437520222,15.67081065719303,2.690785579705821,2
507,9,4.326221529733112,0.01459281969153244,0.02486707828809272,0.009038788782170602,2
507,10,4.326221529733112,3.135667744547628,1.946771390307645,1.942231798456144,2
508,9,4.326221529733112,4.330924659131394,3.446580061529461,1.809671956637681,2
508,10,4.326221529733112,0.2869286364280174,0.1478825269784897,0.119892805293965,2
509,9,4.326221529733112,0.3067093113221064,0.3515079686554661,0.2076019532004867,2
509,10,4.326221529733112,4.265195204124834,4.407748470079699,2.886977416305923,2
510,9,4.326221529733112,0.6186155420034813,0.7878121535037531,0.3616350860176246,2
510,10,4.326221529733112,3.446281132131916,2.241198361152281,2.014653834307365,2
511,9,4.326221529733112,2.049383875322341,2.72647993717445,1.360409311420989,2
511,10,4.326221529733112,10.83466782331721,20.76260780403106,7.192202090823893,2
512,9,4.326221529733112,1.357607482108432,4.188898188548655,0.5712713930019977,2
512,10,4.326221529733112,0.146489978315158,0.1968455003669125,0.06164192159796066,2
513,9,4.326221529733112,2.171994362676155,5.180749484883716,2.545517514382585,2
513,10,4.326221529733112,1.295165901931517,4.562677645703277,1.517898731254377,2
514,9,4.326221529733112,2.762084043265698,4.066705783893387,1.363207412697349,2
514,10,4.326221529733112,1.867587825580391,3.233794606745374,0.9217350116126101,2
515,9,4.326221529733112,9.015794881378842,23.774858241822,5.132566194961313,2
515,10,4.326221529733112,4.569572196815569,5.381204091567691,2.601393675365403,2
516,9,4.326221529733112,5.480015175325263,24.29632366331579,3.375668703914834,2
516,10,4.326221529733112,1.801518029751974,7.347888901653103,1.10972831972333,2
517,9,4.326221529733112,0.6863701142751942,0.9835463457926391,0.1823938265351674,2
517,10,4.326221529733112,1.857319939222916,2.652453038986901,0.4935583350284214,2
518,9,4.326221529733112,4.120938551166534,4.690671032572558,3.05018850972495,2
518,10,4.326221529733112,0.09612036310744093,0.2860820541084542,0.07114525573741276,2
519,9,4.326221529733112,3.551913097464855,2.87375970909022,2.008597800977476,2
519,10,4.326221529733112,2.068656923130007,2.600372022991404,1.16982021596796,2
520,9,4.326221529733112,1.39295941017615,6.896979480522583,1.346708647149363,2
520,10,4.326221529733112,5.848996981597661,17.69570123983324,5.654791341889853,2
521,9,4.326221529733112,2.242236024706016,1.447857575188093,1.421501880545266,2
521,10,4.326221529733112,2.611840018151497,1.688660840686324,1.655818324465872,2
522,9,4.326221529733112,1.851739224952654,2.592311045918335,0.1791675711058702,2
522,10,4.326221529733112,7.1782174767228,5.576553085821525,0.6945382874886261,2
523,9,4.326221529733112,1.965906421868084,4.177341883248403,0.786098134912209,2
523,10,4.326221529733112,6.830650977353257,12.45077805800905,2.731341600904522,2
524,9,4.326221529733112,2.296458422108765,1.384695012333468,0.9068704168331246,2
524,10,4.326221529733112,0.3861838104350132,0.3870047389308357,0.1525038162118389,2
525,9,4.326221529733112,3.986314708609242,2.103739515582291,1.408046803787405,2
525,10,4.326221529733112,14.58664596215321,5.27833792230082,5.152297730189463,2
526,9,4.326221529733112,0.6225781763599298,1.448790792400265,0.2895252252269848,2
526,10,4.326221529733112,5.640579488402821,7.465143074564104,2.623108404375553,2
527,9,4.326221529733112,4.331861316076095,9.156015190248832,2.031101159466682,2
527,10,4.326221529733112,0.6175979158674217,1.165665387546739,0.2895761778769953,2
528,9,4.326221529733112,0.5704528205855692,0.3489778692770461,0.2680044591768287,2
528,10,4.326221529733112,1.22122979543952,0.7143954587686909,0.5737460120215193,2
529,9,4.326221529733112,1.740504275897913,3.385216602996291,0.442327629154596,2
529,10,4.326221529733112,0.09403513295026428,0.08121228134765396,0.02389786568818938,2
530,9,4.326221529733112,16.65694251546141,28.58165247458967,5.197648757292324,2
530,10,4.326221529733112,1.576355759270956,2.088663967586317,0.491887604560081,2
531,9,4.326221529733112,1.207302818850875,3.276889276782352,1.293904419314574,2
531,10,4.326221529733112,9.081018618128649,21.85600676562457,9.732413391578378,2
532,9,4.326221529733112,8.687667737347462,96.65420644069586,2.69835078970033,2
532,10,4.326221529733112,5.094200338595218,23.1717148757828,1.582235868373235,2
533,9,4.326221529733112,9.779240968940234,12.21817725705419,6.145369575985778,2
533,10,4.326221529733112,11.23851910343585,13.88457343833961,7.06239406480993,2
534,9,4.326221529733112,11.42976662946221,22.06856537730593,19.70517372246907,2
534,10,4.326221529733112,6.164965329022498,10.6415802986249,10.62853833675368,2
535,9,4.326221529733112,5.852748556935153,5.864194278937979,5.614825099467213,2
535,10,4.326221529733112,11.13172360702989,12.28344472730948,10.67920148987457,2
536,9,4.326221529733112,4.773239108698072,1.909157773681155,0.5793481086535309,2
536,10,4.326221529733112,0.213449785655973,0.232334026840583,0.02590729833478193,2
537,9,4.326221529733112,15.30431539164089,4.773449121297534,3.63340797695843,2
537,10,4.326221529733112,12.87570733738334,3.148296924768844,3.056830478949957,2
538,9,4.326221529733112,0.1486853016377628,0.1549966335279864,0.08383488470574361,2
538,10,4.326221529733112,4.707759395699787,3.887038324507797,2.654428257625663,2
539,9,4.326221529733112,8.490368806921055,6.223932009348931,4.395491616805787,2
539,10,4.326221529733112,8.7463629044363,4.676521277776682,4.528020595837038,2
540,9,4.326221529733112,1.494018406211706,1.967404442024558,1.768629707026903,2
540,10,4.326221529733112,15.00548720200858,29.16157155886091,17.76360339574271,2
541,9,4.326221529733112,4.639709104217607,10.5079457553688,2.002104917407578,2
541,10,4.326221529733112,7.217437027301523,18.06369181665609,3.114433650658067,2
542,9,4.326221529733112,0.6819286884374418,0.9132733700349919,0.6673151604783947,2
542,10,4.326221529733112,1.876698325172343,1.957539281071742,1.836481241024666,2
543,9,4.326221529733112,5.006649344836872,2.751128903635834,1.282859466965658,2
543,10,4.326221529733112,5.82555808371485,3.954962896896047,1.492689386317589,2
544,9,4.326221529733112,3.304247829889596,2.860353396208391,2.5461537460806,2
544,10,4.326221529733112,8.467801423268824,9.806142023788118,6.525032450620674,2
545,9,4.326221529733112,10.33512253696867,25.33939296425273,8.99839645337847,2
545,10,4.326221529733112,0.2127014514578083,0.2102659984231205,0.1851910298673411,2
546,9,4.326221529733112,6.701617894593152,6.168217531549678,4.191150476397693,2
546,10,4.326221529733112,0.5506605796102868,0.3753304834038043,0.3443797284278312,2
547,9,4.326221529733112,10.49681313911244,2.591906290222289,2.413427762785944,2
547,10,4.326221529733112,4.785423639181333,1.110768264116374,1.10026482461218,2
548,9,4.326221529733112,7.327353028479239,4.427923410852107,3.035545908142382,2
548,10,4.326221529733112,1.0343887936969,3.205848488601664,0.4285223678906924,2
549,9,4.326221529733112,7.496626868841183,8.339597127612207,7.679310083500324,2
549,10,4.326221529733112,1.058018101874485,1.108684303089457,1.083800650666041,2
550,9,4.326221529733112,0.6079650383756464,0.4758288777819035,0.4744963025611415,2
550,10,4.326221529733112,1.044658838222827,1.374044057311065,0.8153211531684764,2
551,9,4.326221529733112,3.820880541385489,10.8951491900092,2.369632028804055,2
551,10,4.326221529733112,2.65920851696146,3.159540474733192,1.649186779018084,2
552,9,4.326221529733112,3.167112846341216,14.08969600020635,1.594783847112189,2
552,10,4.326221529733112,5.612253147939132,5.241757170587117,2.826022027152479,2
553,9,4.326221529733112,1.184224341729853,2.515642884471962,0.2960796482522832,2
553,10,4.326221529733112,6.723903864565547,7.141911289342365,1.681109753405897,2
554,9,4.326221529733112,0.8643006378291566,2.654765370546053,0.04788614324065298,2
554,10,4.326221529733112,3.953486916604136,2.4384823989639,0.2190409592477645,2
555,9,4.326221529733112,3.301192997652287,3.060707813242706,0.894027445835582,2
555,10,4.326221529733112,1.992369854584616,0.9009175942129047,0.5395726131495058,2
556,9,4.326221529733112,0.5199362490200786,1.327471045622531,0.3479356791214985,2
556,10,4.326221529733112,6.147871203760254,6.947885331508329,4.11408849924065,2
557,9,4.326221529733112,1.198660980445304,1.803060834937231,0.2591175978632467,2
557,10,4.326221529733112,6.72603983612912,7.633156554084055,1.453985166700611,2
558,9,4.326221529733112,2.951872767678445,11.70006518582947,1.167522854658484,2
558,10,4.326221529733112,9.463714087444487,17.76617693825418,3.743082224961434,2
559,9,4.326221529733112,0.3231500571279838,0.463560469837907,0.2747428695916331,2
559,10,4.326221529733112,1.799941250756758,1.645483592281302,1.530313900372946,2
560,9,4.326221529733112,9.718450654301703,37.71515333622581,6.645594441327214,2
560,10,4.326221529733112,7.419482329557296,31.43183568771315,5.073532014591916,2
561,9,4.326221529733112,10.49861730024381,2.951076456650779,2.669423655482926,2
561,10,4.326221529733112,1.680906669375332,3.429317644069197,0.427394569929254,2
562,9,4.326221529733112,2.618133420406234,4.020542854964083,0.4145653646818978,2
562,10,4.326221529733112,6.525803629871755,27.6820687150388,1.03332096850911,2
563,9,4.326221529733112,3.140303462252667,2.597067303537247,2.07109346803987,2
563,10,4.326221529733112,3.118999478106988,2.09259261047215,2.05704306082996,2
564,9,4.326221529733112,3.801335620821153,4.951647381821394,2.364842788555902,2
564,10,4.326221529733112,0.919681931404843,1.202375161232055,0.5721418470222029,2
565,9,4.326221529733112,10.02809223469104,93.420999960023,9.185289595227712,2
565,10,4.326221529733112,3.508322191664651,13.42249715673394,3.213468182145876,2
566,9,4.326221529733112,1.027525667058703,1.916565193905787,0.271040449082761,2
566,10,4.326221529733112,7.535781868911641,7.54585365398262,1.987786551148848,2
567,9,4.326221529733112,7.945502942159563,18.55278157277746,2.587015703779634,2
567,10,4.326221529733112,6.500742431039197,7.054826410381671,2.116608964561537,2
568,9,4.326221529733112,4.824050150080133,3.668769272180383,1.002724883035996,2
568,10,4.326221529733112,1.236090254354821,0.2620781260007081,0.2569331613808543,2
569,9,4.326221529733112,0.6622160071018156,0.4141894252430871,0.4037227268762834,2
569,10,4.326221529733112,0.2324585644493782,0.1517714774141867,0.1417193249918225,2
570,9,4.326221529733112,1.499309622458157,4.101039779868382,1.553170466383882,2
570,10,4.326221529733112,10.67751446076381,33.39007449028002,11.06109096242261,2
571,9,4.326221529733112,6.36784959511198,4.314816409190936,3.690928322257108,2
571,10,4.326221529733112,1.082419878544089,1.620487821581051,0.6273914178750675,2
572,9,4.326221529733112,8.477696675296105,8.419794918384927,6.961306373076533,2
572,10,4.326221529733112,4.561657023393111,9.363125341795433,3.745721665328002,2
573,9,4.326221529733112,0.7384428843297699,1.407175808643254,0.9700876690045244,2
573,10,4.326221529733112,1.777287029082889,2.914206831377426,2.334810542266727,2
574,9,4.326221529733112,1.868612821754369,7.071970085569904,2.905706470862154,2
574,10,4.326221529733112,10.49065034460285,19.18143671745119,16.31303726217917,2
575,9,4.326221529733112,3.690951017454769,3.039522392626019,2.209265427451963,2
575,10,4.326221529733112,0.9112390292048511,2.077523789680827,0.5454336494433952,2
576,9,4.326221529733112,19.35531318162982,52.95330810935879,18.31776945603127,2
576,10,4.326221529733112,2.936995102572939,23.40235661537118,2.779557151959958,2
577,9,4.326221529733112,4.388844778574311,4.04011837177585,0.3646251375070007,2
577,10,4.326221529733112,7.521512222148806,16.64879802224056,0.6248870868366616,2
578,9,4.326221529733112,0.4601029414351979,0.3959813252085124,0.3948824427850407,2
578,10,4.326221529733112,2.175381074004381,1.949141201017151,1.867016519850226,2
579,9,4.326221529733112,9.952828321010722,21.61223078937844,2.091682159146095,2
579,10,4.326221529733112,11.68957121951276,78.12441777149816,2.456675306687043,2
580,9,4.326221529733112,3.902567982275702,12.32337069276652,1.18788650213474,2
580,10,4.326221529733112,1.485319603228523,4.200220645895086,0.4521102812416408,2
581,9,4.326221529733112,4.269962527239341,4.671092487555348,3.832127126923586,2
581,10,4.326221529733112,1.440819380571258,1.327869869953428,1.29307997390181,2
582,9,4.326221529733112,1.503940474293633,1.116248671769531,0.6237139851107565,2
582,10,4.326221529733112,4.407687911859314,18.77156760588573,1.827955720070296,2
583,9,4.326221529733112,5.433558881330734,11.82319663538991,4.685754775866224,2
583,10,4.326221529733112,5.220097857710304,8.101159092323181,4.50167174065197,2
584,9,4.326221529733112,2.322928744884765,3.020065269871143,0.7600530166841941,2
584,10,4.326221529733112,2.549035398418746,2.859350723063526,0.8340342115397408,2
585,9,4.326221529733112,1.301196695778506,3.988628344432838,0.5244687775497725,2
585,10,4.326221529733112,1.53252519260476,2.704574534655501,0.6177095414838547,2
586,9,4.326221529733112,9.779692676384709,36.62797052197256,8.029794841643133,2
586,10,4.326221529733112,3.395354347458416,12.67365431829441,2.787817544676765,2
587,9,4.326221529733112,3.696759361413109,4.393753789471906,0.6948069493445019,2
587,10,4.326221529733112,0.1295670049992086,0.08318253508757328,0.02435215459758564,2
588,9,4.326221529733112,5.72270486984208,10.34902651675303,10.34704806240426,2
588,10,4.326221529733112,2.477997612619475,4.492526300789828,4.480391874027265,2
589,9,4.326221529733112,1.825365811430418,2.862470823852564,1.159302485356607,2
589,10,4.326221529733112,5.143820123510717,3.769273754151069,3.26687583172181,2
590,9,4.326221529733112,5.605929464726064,28.28351947772169,5.534565206355158,2
590,10,4.326221529733112,14.03926534810453,14.27793151760258,13.86054355612622,2
591,9,4.326221529733112,3.857463502363647,15.27414176251707,2.652517906637414,2
591,10,4.326221529733112,1.080287732624186,1.840748015788814,0.7428411320938152,2
592,9,4.326221529733112,6.267521404849738,3.443694743307291,2.366087484806891,2
592,10,4.326221529733112,2.983371776788299,4.728104249936353,1.126269567762909,2
593,9,4.326221529733112,0.6716104388259904,0.5668092326566941,0.5479354016090781,2
593,10,4.326221529733112,3.789228023335053,6.536033108945063,3.091453108417821,2
594,9,4.326221529733112,9.347835340626469,7.703556071201261,2.453214611770633,2
594,10,4.326221529733112,13.89226301246036,3.670599531961991,3.645838995966359,2
595,9,4.326221529733112,1.016344233185879,2.974840630179378,0.3328525491974459,2
595,10,4.326221529733112,3.054099664708731,15.04934669213683,1.000217077746183,2
596,9,4.326221529733112,2.913753411066486,1.335374113118369,1.335010540088348,2
596,10,4.326221529733112,0.6811044438532843,0.3230465971553302,0.3120653957852712,2
597,9,4.326221529733112,47.02305086751326,39.43386320257844,20.80208655427567,2
597,10,4.326221529733112,2.238954932195488,3.688902145448977,0.9904702785422654,2
598,9,4.326221529733112,1.676526238612133,1.48894393580255,1.209012379612735,2
598,10,4.326221529733112,7.321493928502513,15.8744542694534,5.279831948318754,2
599,9,4.326221529733112,2.225079857178462,0.5682431019123455,0.5081940251858561,2
599,10,4.326221529733112,1.008427876551842,0.2411911611443478,0.2303184849933243,2
600,9,4.326221529733112,12.93168898007065,12.3812289049267,3.848652685006587,2
600,10,4.326221529733112,7.969316919335474,4.832384869857175,2.371780902443366,2
601,9,4.326221529733112,13.24149562177308,20.58589710991246,4.768457937573962,2
601,10,4.326221529733112,1.223831455876341,2.855382573150797,0.4407197635915395,2
602,9,4.326221529733112,1.974396247667134,4.461437801836829,1.896988794937935,2
602,10,4.326221529733112,9.763583388995126,11.41885920825385,9.380795931541119,2
603,9,4.326221529733112,4.460697617975812,5.081141255158083,2.537558393754326,2
603,10,4.326221529733112,10.82398649635818,38.54356711055576,6.157444449278987,2
604,9,4.326221529733112,0.4721798940561167,0.6331764373747815,0.4140535644682578,2
604,10,4.326221529733112,12.89395261217222,24.19014048479158,11.30668015805056,2
605,9,4.326221529733112,3.514551173436669,13.02823098191469,2.580979149556616,2
605,10,4.326221529733112,0.184178407219539,0.4882096142714796,0.1352550028080403,2
606,9,4.326221529733112,10.84978857817112,8.366497355687658,6.869774802094201,2
606,10,4.326221529733112,2.787522793586714,2.953586722496636,1.764979447265246,2
607,9,4.326221529733112,4.255232338593232,9.631658655569794,2.137406349617393,2
607,10,4.326221529733112,0.8857334861870785,1.732818149335268,0.4449045849446821,2
608,9,4.326221529733112,1.219006617516212,4.554947522327757,0.6926398670855219,2
608,10,4.326221529733112,11.96544226463606,38.13820165960368,6.798767308321676,2
609,9,4.326221529733112,7.51342157373815,20.52854488894926,5.087279964234901,2
609,10,4.326221529733112,4.627434047094881,8.407351641505882,3.133200005159811,2
610,9,4.326221529733112,0.7685857636491966,0.373115673546605,0.06708445542831679,2
610,10,4.326221529733112,25.19958175500016,26.17830039952701,2.199494576934582,2
611,9,4.326221529733112,2.275510551516933,3.601997089415766,1.170175024280935,2
611,10,4.326221529733112,2.824206292739353,7.317025628538524,1.452340295665753,2
612,9,4.326221529733112,0.7433030894143763,0.4926972117843095,0.4710343268849834,2
612,10,4.326221529733112,9.847260215697416,7.469073115694914,6.240250650668958,2
613,9,4.326221529733112,17.24064177031475,34.9277061790163,21.15804618985188,2
613,10,4.326221529733112,2.009041822612962,2.672075972323439,2.465534650419989,2
614,9,4.326221529733112,6.728299053177644,24.16127870287668,6.894709152502722,2
614,10,4.326221529733112,4.327671818138353,4.721845510652662,4.434707532723992,2
615,9,4.326221529733112,2.287838946536023,1.985204278847104,1.407882854294916,2
615,10,4.326221529733112,4.673062201117689,12.90668216843925,2.875693745824457,2
616,9,4.326221529733112,7.04888598394054,3.539875844992697,2.727970407952169,2
616,10,4.326221529733112,1.406340602925766,0.7159686235666383,0.5442640946418609,2
617,9,4.326221529733112,17.2736628901804,17.95073272715664,10.03892621444966,2
617,10,4.326221529733112,0.02026715663806978,0.01532429747044479,0.01177865351198546,2
618,9,4.326221529733112,0.3299937290664633,0.475904153136674,0.2262092879207805,2
618,10,4.326221529733112,7.71712740641427,5.305119362756487,5.290057784847533,2
619,9,4.326221529733112,21.65387126168448,20.14944845967448,12.90194634804099,2
619,10,4.326221529733112,7.049573833830376,13.48498216433948,4.200321609077385,2
620,9,4.326221529733112,19.11118547895446,12.03394009620132,7.94412136888058,2
620,10,4.326221529733112,0.2916666106285042,0.1532822423085234,0.1212397293006459,2
621,9,4.326221529733112,0.06867536545058067,0.07920962304336958,0.04963270415798524,2
621,10,4.326221529733112,3.376259346728133,5.179546917929863,2.440072655126629,2
622,9,4.326221529733112,6.459421863853912,9.807349503841682,4.143647996519459,2
622,10,4.326221529733112,1.626217555161453,1.091162723792886,1.043200654234576,2
623,9,4.326221529733112,15.50557802739672,11.99830204114108,11.99808077453742,2
623,10,4.326221529733112,1.934166427331177,1.496642588492402,1.496641078811436,2
624,9,4.326221529733112,8.088520554640288,9.622401892031053,8.557378255305373,2
624,10,4.326221529733112,0.2099647683234971,0.2363746396680192,0.2221355476188969,2
625,9,4.326221529733112,6.280360788549926,3.748462423968462,1.830354809840912,2
625,10,4.326221529733112,5.299108556862596,1.668864277832725,1.54437764986461,2
626,9,4.326221529733112,0.4825507400616199,1.242459111314464,0.2953199613494663,2
626,10,4.326221529733112,1.274894166141277,5.827161172767569,0.7802323457662173,2
627,9,4.326221529733112,5.465458721981694,3.739011253857137,1.339048932232119,2
627,10,4.326221529733112,1.057020332130779,4.608232742417511,0.2589722142433739,2
628,9,4.326221529733112,0.9521433577544455,1.682609683782835,0.4899251451696285,2
628,10,4.326221529733112,0.0839822899911522,0.08628315068544803,0.04321306794874921,2
629,9,4.326221529733112,0.5457371661444275,0.873498220807347,0.2072629649144116,2
629,10,4.326221529733112,0.0717721701348748,0.2696506126102449,0.02725801668519481,2
630,9,4.326221529733112,0.5804962018852267,2.064661222561503,0.9411460752457319,2
630,10,4.326221529733112,0.366266067738105,1.193875326974757,0.5938193411566188,2
631,9,4.326221529733112,0.3790347101585831,1.478927733870827,0.2567678541350039,2
631,10,4.326221529733112,0.8626011344389309,1.121080622600651,0.5843481779587854,2
632,9,4.326221529733112,2.348247678188351,2.011973791451651,1.98798011063251,2
632,10,4.326221529733112,1.042621025336741,0.9484590840523289,0.8826623701362666,2
633,9,4.326221529733112,6.521426874474734,9.80253852097678,4.320608106905263,2
633,10,4.326221529733112,1.309248396873984,5.56416594940906,0.8674097473403126,2
634,9,4.326221529733112,2.195472241780986,3.25029219888652,1.06607913963583,2
634,10,4.326221529733112,1.396617007182799,2.504008863698406,0.6781703858894583,2
635,9,4.326221529733112,4.143321780292712,4.000094499295018,1.08940663007772,2
635,10,4.326221529733112,10.63850287534252,2.7984319255514,2.797189352182116,2
636,9,4.326221529733112,0.1079282482222007,0.02743297721844606,0.003661907544775678,2
636,10,4.326221529733112,5.972596068557259,21.95974916923524,0.2026447659960123,2
637,9,4.326221529733112,0.009299683568801087,0.01020700267171305,0.004510018406823474,2
637,10,4.326221529733112,3.056885590948927,4.224660922070075,1.482481654427999,2
638,9,4.326221529733112,4.244635639151563,4.198557452804432,4.109715423298213,2
638,10,4.326221529733112,0.05673927335513911,0.05493959246762219,0.05493575577218639,2
639,9,4.326221529733112,0.60592340686013,1.87793531520899,0.1670258171890613,2
639,10,4.326221529733112,1.995223448691524,0.9068610499747549,0.5499933213001069,2
640,9,4.326221529733112,0.1688394569916762,0.2460260496488452,0.09004632234629241,2
640,10,4.326221529733112,1.435461819832659,0.7747385158973771,0.7655678361416407,2
641,9,4.326221529733112,1.821245885612374,2.061427944947555,1.361337454071203,2
641,10,4.326221529733112,2.441069574303246,3.425668036659956,1.824640739476698,2
642,9,4.326221529733112,12.50405982070457,20.57755450715841,6.656657622355721,2
642,10,4.326221529733112,6.340515695723737,3.642689352868327,3.375435077951128,2
643,9,4.326221529733112,8.482278439433721,42.70900370071084,6.691246443277746,2
643,10,4.326221529733112,3.730376789916823,25.22433159691452,2.942708212875312,2
644,9,4.326221529733112,4.530295006683485,6.754488414114904,2.866401956159985,2
644,10,4.326221529733112,4.600424232341787,15.97997940782521,2.91077402228689,2
645,9,4.326221529733112,0.03221230150654326,0.03968996290416012,0.008534445756033968,2
645,10,4.326221529733112,4.194323616661666,8.346682829632384,1.111259541091155,2
646,9,4.326221529733112,4.217750180149881,10.62365878836623,0.8232124943654205,2
646,10,4.326221529733112,2.268033870604759,9.892355417696665,0.4426705566187553,2
647,9,4.326221529733112,6.703077342973828,20.45921329875721,6.710642638993482,2
647,10,4.326221529733112,0.5405878775547086,0.8598492228980874,0.5411980013991879,2
648,9,4.326221529733112,13.39780292845405,38.07538776150113,5.713171457335603,2
648,10,4.326221529733112,5.631741613903659,6.224934140353969,2.401521026653596,2
649,9,4.326221529733112,3.978197345361649,12.23874013561579,2.441671405029239,2
649,10,4.326221529733112,1.184676540690116,9.940212742904654,0.7271109456107325,2
650,9,4.326221529733112,0.5543380975601532,0.1967949097335218,0.1868701379348083,2
650,10,4.326221529733112,2.806224141423079,3.813192616411133,0.9459921565769984,2
651,9,4.326221529733112,0.9509236711161612,5.685803500641974,0.8642447572170751,2
651,10,4.326221529733112,0.4738619431964889,0.5525708573762794,0.4306683201729175,2
652,9,4.326221529733112,1.123764318218318,0.3341065884768682,0.3063617325182852,2
652,10,4.326221529733112,0.323039514973499,0.1809585305532591,0.08806734995470911,2
653,9,4.326221529733112,0.4252951349084509,1.181109564877376,0.2525718126469707,2
653,10,4.326221529733112,3.886282716879276,13.99154568795308,2.307963081853933,2
654,9,4.326221529733112,3.665046796992471,10.55283540789338,3.648777734818776,2
654,10,4.326221529733112,12.57626193211164,15.67839515315944,12.52043618182269,2
655,9,4.326221529733112,4.017838623440468,2.138657894176459,1.225497927199958,2
655,10,4.326221529733112,0.6147669925127505,1.094954777703637,0.1875126767511127,2
656,9,4.326221529733112,10.54888941716301,12.65174891664885,7.217708138439916,2
656,10,4.326221529733112,6.466644918591056,4.73471610963647,4.424575309451701,2
657,9,4.326221529733112,0.7015141978834262,0.9808246481132212,0.6584246859911145,2
657,10,4.326221529733112,1.609377946904687,1.937055853143038,1.510524195417398,2
658,9,4.326221529733112,0.3920517115445462,0.317534209843034,0.3005213487693599,2
658,10,4.326221529733112,0.9609141415510193,0.819603038581678,0.7365742971323628,2
659,9,4.326221529733112,6.556425381118851,19.66867883073346,3.0539015054877,2
659,10,4.326221529733112,11.7673196828927,19.33072077453705,5.48107134699191,2
660,9,4.326221529733112,1.748096591210839,1.139828467194668,0.4050903402109323,2
660,10,4.326221529733112,1.789771411641602,0.8090408949577904,0.4147477397341668,2
661,9,4.326221529733112,1.902984862289515,0.7676174840064901,0.7352828564534164,2
661,10,4.326221529733112,7.803324095226215,4.846449178385067,3.015079386215732,2
662,9,4.326221529733112,2.054124652010253,1.671350728389132,1.300229513431872,2
662,10,4.326221529733112,0.1136086796732432,0.5977028521412144,0.07191255805659891,2
663,9,4.326221529733112,0.4749876826501045,2.05176714027334,0.3712637431627681,2
663,10,4.326221529733112,0.3272056208322613,0.5809129224214262,0.2557531237364098,2
664,9,4.326221529733112,7.462311774275219,41.01511055728107,5.306129521120099,2
664,10,4.326221529733112,12.79630664729715,24.13540658150961,9.098904269397599,2
665,9,4.326221529733112,2.081068754296455,9.668799248129192,0.327684174723167,2
665,10,4.326221529733112,1.926888741341903,2.736447788578035,0.303407057400871,2
666,9,4.326221529733112,2.803027311361876,3.868088517921699,3.382086397475022,2
666,10,4.326221529733112,9.737348832737638,11.92934918408982,11.748924065485,2
667,9,4.326221529733112,12.05719070091276,83.14481748723266,5.160961321523001,2
667,10,4.326221529733112,3.335688156047518,1.625080096813894,1.427808349478986,2
668,9,4.326221529733112,7.127975603085011,15.02629175851802,8.441421952457151,2
668,10,4.326221529733112,3.526909933003664,8.480590771654724,4.176800902616843,2
669,9,4.326221529733112,7.460329934816452,16.35873740044877,4.226132346097112,2
669,10,4.326221529733112,6.103175233923293,5.666362107763925,3.457330506203224,2
670,9,4.326221529733112,9.34195470452282,20.39830891386939,2.794199341974061,2
670,10,4.326221529733112,6.393063492842129,5.906356309540401,1.912179449580228,2
671,9,4.326221529733112,9.675004812842765,5.550331952631836,3.205269226742868,2
671,10,4.326221529733112,6.843253936154098,3.42032218055394,2.267127683825598,2
672,9,4.326221529733112,0.1571913950474909,0.3376691903194432,0.04566404817830928,2
672,10,4.326221529733112,2.859237508578744,4.494236418997364,0.8306075488771026,2
673,9,4.326221529733112,4.858054425522617,5.154671233770197,4.921785848734048,2
673,10,4.326221529733112,14.07041763262571,18.07340283480748,14.25500340758025,2
674,9,4.326221529733112,5.844143635660616,13.74121028316633,1.538393811282393,2
674,10,4.326221529733112,0.7532593144378914,1.753600059463482,0.1982855897913056,2
675,9,4.326221529733112,1.44380825504165,9.628864055150569,0.62634020150111,2
675,10,4.326221529733112,1.314547596105502,5.467697464994068,0.5702654790568215,2
676,9,4.326221529733112,3.896508475945837,3.713256230021377,3.637577988711106,2
676,10,4.326221529733112,3.367099549648697,4.039328498866445,3.143349304438015,2
677,9,4.326221529733112,8.858363744943677,26.44199376345011,23.35307898760917,2
677,10,4.326221529733112,1.718872492897312,4.895766247765958,4.531419825605147,2
678,9,4.326221529733112,3.219712097861326,3.113149907467561,3.01908178426913,2
678,10,4.326221529733112,2.515255754049886,3.043198964965635,2.358522314735606,2
679,9,4.326221529733112,2.147947483280327,8.284355180954059,0.750241903148573,2
679,10,4.326221529733112,0.7688133849323198,0.5125650424891065,0.2685335752235628,2
680,9,4.326221529733112,8.022097774461294,4.230319481821037,3.73625650375967,2
680,10,4.326221529733112,7.669952162667335,16.95765100512393,3.572246244931334,2
681,9,4.326221529733112,2.340389378158533,8.900332639257071,1.428301077629958,2
681,10,4.326221529733112,4.611134193143223,14.55374539289612,2.814099225806982,2
682,9,4.326221529733112,6.30011628406111,19.39415803201397,2.657866812980945,2
682,10,4.326221529733112,5.794997045782438,16.96597788613391,2.444769212954794,2
683,9,4.326221529733112,4.325518844855009,10.95941945568519,1.006933630747191,2
683,10,4.326221529733112,0.873101022702676,1.160375519449836,0.2032483996329833,2
684,9,4.326221529733112,10.05194564675284,33.65887580059034,3.978683443202744,2
684,10,4.326221529733112,2.635486055080942,4.092373706225938,1.04315772295581,2
685,9,4.326221529733112,1.490308195242482,0.782870030262051,0.7631732922368069,2
685,10,4.326221529733112,6.346463263084225,11.77567116507635,3.24996620028643,2
686,9,4.326221529733112,1.726482568602693,2.168106943058628,1.404670857198959,2
686,10,4.326221529733112,17.9353057009781,31.91632400811078,14.59221291385993,2
687,9,4.326221529733112,5.365538590116064,22.83270503207306,4.09438175472534,2
687,10,4.326221529733112,0.2384708847650151,0.640796934452592,0.1819744324295254,2
688,9,4.326221529733112,1.737547457247772,2.46326381057756,1.521864236296884,2
688,10,4.326221529733112,4.993345926669726,5.867689599964525,4.373517715190522,2
689,9,4.326221529733112,0.3866917711177785,0.3363060602027991,0.2613828938438152,2
689,10,4.326221529733112,0.988972448454708,1.282707538695768,0.6684923233863203,2
690,9,4.326221529733112,8.24073960272746,2.978093949118578,1.985409824259291,2
690,10,4.326221529733112,0.2467752517863923,0.08397895427305826,0.05945461607822233,2
691,9,4.326221529733112,4.562768035748262,1.626837661322914,0.8512901438622426,2
691,10,4.326221529733112,0.264635570814457,0.1213863219940854,0.04937390009412591,2
692,9,4.326221529733112,5.943021468563465,6.291157643611586,3.794337598210309,2
692,10,4.326221529733112,2.612004927662539,3.235413106338046,1.667641376724859,2
693,9,4.326221529733112,1.249161796104172,2.358306461754871,0.4199406853239905,2
693,10,4.326221529733112,0.3223353478338271,0.5043633991656193,0.1083620450894705,2
694,9,4.326221529733112,10.94282502360839,28.33103846062094,9.355856139773577,2
694,10,4.326221529733112,4.654719829083579,18.79709259741351,3.979675175094521,2
695,9,4.326221529733112,3.788798463328685,20.80443924868635,3.89780852578848,2
695,10,4.326221529733112,1.007728024329013,1.041704604790944,1.036722043392798,2
696,9,4.326221529733112,0.6182154389285354,0.4417984975852312,0.3971003695511767,2
696,10,4.326221529733112,4.866076833061455,10.27825524543204,3.125643241815732,2
697,9,4.326221529733112,2.081332880298325,0.8376726457086506,0.7473731360128163,2
697,10,4.326221529733112,0.9387465929467123,0.368853777074903,0.3370887913861089,2
698,9,4.326221529733112,1.449127120823982,2.80835610108617,0.5081480062843474,2
698,10,4.326221529733112,12.71409343919593,5.623997979681419,4.458298474992834,2
699,9,4.326221529733112,3.218705378245373,6.378759500300895,0.8292754027985411,2
699,10,4.326221529733112,4.07688645440395,3.856764072786498,1.050379348010651,2
700,9,4.326221529733112,4.349364741495802,3.14443193282103,1.121306296708532,2
700,10,4.326221529733112,4.287594430117717,3.034850650912308,1.105381341407112,2
701,9,4.326221529733112,4.897135645155011,21.46623182616655,1.95050588575048,2
701,10,4.326221529733112,1.735476497657949,9.683390751976779,0.6912320524779563,2
702,9,4.326221529733112,0.2082020999422305,0.6213107565472674,0.07177555850992076,2
702,10,4.326221529733112,1.618917610912848,5.196258222164987,0.5581053972897377,2
703,9,4.326221529733112,0.5562569989167683,2.174602155930511,0.636739207970752,2
703,10,4.326221529733112,1.098056830921642,2.396240647124676,1.256929509542291,2
704,9,4.326221529733112,1.534157671815139,2.085066126609299,1.093534103073194,2
704,10,4.326221529733112,2.783035274803792,8.574046436426192,1.983723080726696,2
705,9,4.326221529733112,16.8765253880024,91.06263989620393,12.08942130052525,2
705,10,4.326221529733112,2.45646121637486,7.374308368138763,1.759674688385102,2
706,9,4.326221529733112,3.626598443607442,1.459191626289004,1.358518102754907,2
706,10,4.326221529733112,0.4349674472777025,0.1844112419229612,0.1629381251948202,2
707,9,4.326221529733112,4.654945068081656,2.586450926697791,2.55458144890981,2
707,10,4.326221529733112,5.576188882566741,8.770044147454136,3.060149683118073,2
708,9,4.326221529733112,5.934688557995078,9.563731719719184,3.889685019734686,2
708,10,4.326221529733112,19.02958144020895,13.81827919954727,12.47227670609356,2
709,9,4.326221529733112,0.6898050529066597,0.9035905308618816,0.7216415054952414,2
709,10,4.326221529733112,11.29364851717921,25.11761638117441,11.81488231222642,2
710,9,4.326221529733112,5.25221194990738,6.781499821902794,4.211987853982054,2
710,10,4.326221529733112,2.258036159427728,2.757068893030896,1.810821986635476,2
711,9,4.326221529733112,5.060848806634858,23.28308638798257,5.64350172191967,2
711,10,4.326221529733112,1.520408353357971,5.849195351531754,1.695452183623363,2
712,9,4.326221529733112,1.674495652922886,2.49864463065632,0.3295925851524275,2
712,10,4.326221529733112,9.636255118774168,3.508231059418152,1.896713335887861,2
713,9,4.326221529733112,3.888639432010312,28.31935003280079,2.424475436171145,2
713,10,4.326221529733112,0.7885862344372486,1.449170444851438,0.4916650124353156,2
714,9,4.326221529733112,0.7468547812837016,1.228575463879344,0.3828171589386377,2
714,10,4.326221529733112,5.153311875237408,5.119071010162937,2.64144551342672,2
715,9,4.326221529733112,2.047405395674462,7.73961648081314,1.611590276076716,2
715,10,4.326221529733112,7.16681845454421,12.84580869711465,5.641274051612912,2
716,9,4.326221529733112,0.3307518793306928,0.3416955818621217,0.1158754636532115,2
716,10,4.326221529733112,2.726720840326287,8.710757189774021,0.9552781446474548,2
717,9,4.326221529733112,6.1807612307463,24.79864403923293,9.422936802672949,2
717,10,4.326221529733112,2.076446981943162,4.55060417329431,3.165666485807422,2
718,9,4.326221529733112,14.95212673993085,23.46991416897959,15.0547563539758,2
718,10,4.326221529733112,6.557340612524121,7.057959741501672,6.602349416149857,2
719,9,4.326221529733112,0.9049039946092906,0.619395310454798,0.5343553433879177,2
719,10,4.326221529733112,0.2831776541771143,0.4650050788734196,0.1672193885086463,2
720,9,4.326221529733112,4.947052704698562,10.53981507714064,1.078990342607631,2
720,10,4.326221529733112,13.73800788894237,96.97884489890886,2.996365457104927,2
721,9,4.326221529733112,0.5575805642294139,0.4230356453894195,0.2934700574868216,2
721,10,4.326221529733112,0.7950258274080317,1.631983358615161,0.4184440603581479,2
722,9,4.326221529733112,0.09850646785146261,0.06075636178941449,0.04962517140529833,2
722,10,4.326221529733112,3.833453812356732,5.935788829535952,1.931201134928041,2
723,9,4.326221529733112,6.888880084323675,25.78745688299654,4.676776649915408,2
723,10,4.326221529733112,3.812499663183478,14.67651315717333,2.588259511609332,2
724,9,4.326221529733112,2.149172333568475,9.562194351396782,1.223793425148253,2
724,10,4.326221529733112,2.104789536790012,11.4948540996018,1.19852073107956,2
725,9,4.326221529733112,11.40011185581077,46.12199889869352,1.744514674773975,2
725,10,4.326221529733112,8.521909841732954,25.96543483671786,1.304074641024353,2
726,9,4.326221529733112,3.358955011236245,13.24997119950101,0.5950755170132337,2
726,10,4.326221529733112,0.3458032493483651,0.7352184510209883,0.06126281736506458,2
727,9,4.326221529733112,10.41632221790835,12.62642052850084,11.01330276977238,2
727,10,4.326221529733112,1.933111678162878,2.747710543950872,2.043902229021644,2
728,9,4.326221529733112,1.67506888568644,2.8777276593851,1.415434680036441,2
728,10,4.326221529733112,6.043030938367009,20.43438467799974,5.106366452023616,2
729,9,4.326221529733112,0.3339967249409088,0.5791902553702719,0.1774117970812009,2
729,10,4.326221529733112,8.443158513669527,25.71887743516422,4.484822194638481,2
730,9,4.326221529733112,3.982312377122808,39.91976301045946,2.848975349397458,2
730,10,4.326221529733112,15.41359950225512,96.92229465129307,11.02700161837545,2
731,9,4.326221529733112,2.297029573606888,4.176297215480981,1.064831262231604,2
731,10,4.326221529733112,2.548438083911437,7.54761717288191,1.181376405767999,2
732,9,4.326221529733112,6.756724788640217,1.081120741943555,0.9067336467921596,2
732,10,4.326221529733112,4.273369858907794,1.426835059079929,0.5734743322347101,2
733,9,4.326221529733112,1.534202184628284,1.752472875405441,0.7088239765138266,2
733,10,4.326221529733112,2.738290863349993,1.784251659178258,1.26513065752249,2
734,9,4.326221529733112,4.235866744144149,7.600947133529409,4.532545586078937,2
734,10,4.326221529733112,6.292911969735457,27.87785848414483,6.733665645039259,2
735,9,4.326221529733112,5.173480342517864,23.27220202881248,4.247120182769076,2
735,10,4.326221529733112,3.512499311558499,8.24783533235807,2.883553378077047,2
736,9,4.326221529733112,0.5430961261759337,0.4082811927682372,0.270305033963964,2
736,10,4.326221529733112,2.923145140050138,2.047888978135365,1.454882125428539,2
737,9,4.326221529733112,0.6989716404978532,0.8833970263075069,0.6004719600580682,2
737,10,4.326221529733112,15.42203751441693,13.77879241804755,13.24875081881013,2
738,9,4.326221529733112,2.472215353982258,8.145975337020939,1.792509131873122,2
738,10,4.326221529733112,8.968564196079882,26.00896342444888,6.502764087832328,2
739,9,4.326221529733112,1.92764710820703,11.09969514286573,1.928053305768576,2
739,10,4.326221529733112,5.589499152265248,13.03958963546524,5.590676982437715,2
740,9,4.326221529733112,2.354349439292483,3.531916339398034,1.05145322433297,2
740,10,4.326221529733112,0.8834213556240817,2.01035627370359,0.3945362643765765,2
741,9,4.326221529733112,9.197674258428899,12.90267153177471,11.78314172590916,2
741,10,4.326221529733112,7.9351349235199,11.3135283295302,10.16570241464691,2
742,9,4.326221529733112,5.963488140255548,7.824941868616444,1.783346174383257,2
742,10,4.326221529733112,0.1796646752940844,0.14039037370749,0.05372766807309948,2
743,9,4.326221529733112,7.194056777948879,17.47871995249865,3.698580529158471,2
743,10,4.326221529733112,0.1758771495849908,0.2716680628936963,0.09042127704257624,2
744,9,4.326221529733112,0.8766770026982788,0.6493065756840414,0.5065372901745706,2
744,10,4.326221529733112,1.369375695894973,0.8432473589358225,0.7912148397809434,2
745,9,4.326221529733112,17.01097111366047,11.99714086224527,6.825578549611412,2
745,10,4.326221529733112,2.272746922571903,1.010174784736149,0.9119298680687747,2
746,9,4.326221529733112,11.86668195687868,11.50540272948648,10.19511688620798,2
746,10,4.326221529733112,1.337946774602897,3.861486524315179,1.149480857763663,2
747,9,4.326221529733112,2.050688795625745,6.106408092805756,1.682781123778666,2
747,10,4.326221529733112,3.462965678852203,13.56010335622602,2.841685822391053,2
748,9,4.326221529733112,0.3655234938605124,0.3071316094177758,0.09067281904525736,2
748,10,4.326221529733112,1.054779070755551,0.5272718652572825,0.2616515584408371,2
749,9,4.326221529733112,1.634510767955147,2.29792123384834,2.296284136506073,2
749,10,4.326221529733112,5.569092091925791,9.764134023842693,7.823881051226909,2
750,9,4.326221529733112,3.172682369818678,7.407837315917222,7.201197994184466,2
750,10,4.326221529733112,4.022188209811439,9.372135463746734,9.129364459632907,2
751,9,4.326221529733112,0.4283645387213489,4.086161348561757,0.1752360718462279,2
751,10,4.326221529733112,1.829645453521484,16.03701271836804,0.7484743790964877,2
752,9,4.326221529733112,9.566639902954909,5.34720385975506,3.343203798415082,2
752,10,4.326221529733112,8.698445681691771,15.32431254600178,3.039800487771768,2
753,9,4.326221529733112,6.313766315879525,33.75939789175067,2.71281611114826,2
753,10,4.326221529733112,10.74851782161782,22.66656088423212,4.618281839812931,2
754,9,4.326221529733112,13.99630624383568,19.74853362292004,17.6928533782754,2
754,10,4.326221529733112,1.200350653031572,2.106783298679785,1.517373779668355,2
755,9,4.326221529733112,3.075850380285267,13.52464249225358,2.56575409781356,2
755,10,4.326221529733112,8.365759721474603,35.63718655051125,6.978389594069395,2
756,9,4.326221529733112,1.745790145117509,8.78555560079373,0.1195287173092008,2
756,10,4.326221529733112,10.54690982624774,15.51839471336122,0.7221134834750386,2
757,9,4.326221529733112,10.64150242408854,12.42667861038969,12.26734552970369,2
757,10,4.326221529733112,2.605341377000435,3.584862050007937,3.003393846168843,2
758,9,4.326221529733112,13.18657220754676,49.70993450682066,13.03051915068763,2
758,10,4.326221529733112,2.201409319422397,7.012095553872233,2.175357313769447,2
759,9,4.326221529733112,2.318754987011594,3.105980432376309,2.066014080084943,2
759,10,4.326221529733112,4.806046246477771,9.198717717607055,4.282194225082574,2
760,9,4.326221529733112,2.823824066895268,3.848089268893291,1.046374255017715,2
760,10,4.326221529733112,1.445461258447803,1.416885338907897,0.5356188670522387,2
761,9,4.326221529733112,0.3967613084246495,2.028133161430147,0.3974648192486357,2
761,10,4.326221529733112,2.592928320691744,5.615966344413261,2.597525929129597,2
762,9,4.326221529733112,4.482544738267698,5.45673215810331,3.399309433710274,2
762,10,4.326221529733112,1.723193522120974,1.662262785514898,1.306772901973977,2
763,9,4.326221529733112,6.374770133575137,6.127633652693866,3.45909984638738,2
763,10,4.326221529733112,4.038292900033635,4.280687868940006,2.191272478453979,2
764,9,4.326221529733112,3.127759938979216,9.9428050172491,1.255300107435734,2
764,10,4.326221529733112,4.303121064951517,2.793998186677215,1.727021395671922,2
765,9,4.326221529733112,9.536780814598579,8.553347269950731,7.214487136494338,2
765,10,4.326221529733112,0.5642805736071781,0.4792186753349868,0.4268730737138147,2
766,9,4.326221529733112,13.55996648265455,8.393138403327479,3.845620774397214,2
766,10,4.326221529733112,5.514320227776422,38.34137804053809,1.563867023693736,2
767,9,4.326221529733112,5.685605223243011,7.99276500434113,3.768074055572721,2
767,10,4.326221529733112,7.389222007237484,11.46506857312179,4.897127859407922,2
768,9,4.326221529733112,4.67462200169269,2.126803691419055,1.407547523299267,2
768,10,4.326221529733112,1.637718356059635,0.5419369079703926,0.4931235969665099,2
769,9,4.326221529733112,4.59792096302198,3.089442687006748,1.640179124850347,2
769,10,4.326221529733112,1.955313931634148,0.9497212550724728,0.6975033105152698,2
770,9,4.326221529733112,5.114808086589266,3.269100886809118,2.252605112060971,2
770,10,4.326221529733112,3.149754828185777,3.463859537992056,1.387178894612506,2
771,9,4.326221529733112,2.058987769659033,4.568034898119469,0.5621926562646559,2
771,10,4.326221529733112,10.98723256682243,83.04971305578781,2.999989389331016,2
772,9,4.326221529733112,4.74445476486707,6.809443653576955,2.64243875115308,2
772,10,4.326221529733112,0.1617612568616856,0.1023253561253594,0.09009343217513455,2
773,9,4.326221529733112,1.032719546923677,1.147899204438099,1.14389786375768,2
773,10,4.326221529733112,11.88591499390756,17.41086163142068,13.1655034620363,2
774,9,4.326221529733112,0.4932175217169578,0.52353256700592,0.305502365359364,2
774,10,4.326221529733112,3.262467545439822,4.436267102055413,2.020795101865814,2
775,9,4.326221529733112,3.006068434485993,6.726012348498783,2.850566103405022,2
775,10,4.326221529733112,2.500842457549106,5.47614419557854,2.371475199188054,2
776,9,4.326221529733112,13.05926360583448,13.02466458075134,7.236230546959447,2
776,10,4.326221529733112,0.4727692954728376,2.233480729088868,0.261964818294702,2
777,9,4.326221529733112,4.053073243593016,14.73169063261593,0.9592760198973643,2
777,10,4.326221529733112,6.641781187496536,16.01138158702831,1.57196799555558,2
778,9,4.326221529733112,0.007858665762815556,0.02761688804578806,0.009189285477870127,2
778,10,4.326221529733112,4.002620233557551,17.02221700922323,4.680339016286371,2
779,9,4.326221529733112,0.8063796277724536,1.745357840481893,0.2844862000258958,2
779,10,4.326221529733112,9.93240670497295,7.202213938356013,3.504097255550741,2
780,9,4.326221529733112,0.8630802959940415,2.136841770324718,0.9145008859320334,2
780,10,4.326221529733112,1.846432166629702,5.841854711514762,1.956438885273687,2
781,9,4.326221529733112,2.214239394668529,1.636372064853931,0.90836248351348,2
781,10,4.326221529733112,1.084340241477038,1.066309132840182,0.4448362706820773,2
782,9,4.326221529733112,3.839148983345666,7.276184576503362,1.470207709923701,2
782,10,4.326221529733112,0.5052981361405636,1.670621486975912,0.1935046591801005,2
783,9,4.326221529733112,5.666892381638145,11.67964336225527,7.755251767871388,2
783,10,4.326221529733112,1.852322233435205,3.423120054247486,2.53493878268485,2
784,9,4.326221529733112,2.708261596207828,5.918925152219258,0.6675449554730307,2
784,10,4.326221529733112,2.74468113175408,6.659770811377919,0.6765218125346281,2
785,9,4.326221529733112,1.823419442250444,1.441257125362343,0.9779499618641884,2
785,10,4.326221529733112,4.067673339322833,2.182666185087644,2.181605008092466,2
786,9,4.326221529733112,4.034926434148833,3.643315726802735,3.011565675317008,2
786,10,4.326221529733112,3.085824647684672,2.4131682672807,2.303180427371224,2
787,9,4.326221529733112,1.871050615722283,2.946245672132385,0.2379483815248497,2
787,10,4.326221529733112,4.651929148567058,4.036239017482582,0.5916029222130361,2
788,9,4.326221529733112,0.3871063283345626,2.029157925662986,0.2098611886633274,2
788,10,4.326221529733112,20.7181644943413,41.00424270892525,11.23189756780994,2
789,9,4.326221529733112,0.2490731256427836,0.4770251697353372,0.185352956652547,2
789,10,4.326221529733112,1.54691168658424,12.56585111359244,1.151166566239597,2
790,9,4.326221529733112,2.993729912142619,7.118498235126083,2.597924607209739,2
790,10,4.326221529733112,11.28419728749436,9.795812245767729,9.792297457057453,2
791,9,4.326221529733112,0.5454783742482233,0.2877177009051297,0.07568397643649584,2
791,10,4.326221529733112,2.730735987720146,0.852979383601312,0.3788838713060601,2
792,9,4.326221529733112,5.744885636251669,8.140233375118653,7.851872453715306,2
792,10,4.326221529733112,4.150794842177699,7.214330437224754,5.67313498403833,2
793,9,4.326221529733112,0.2508891347729963,0.1651423548396914,0.1596971964873632,2
793,10,4.326221529733112,1.655280841526569,1.364921601969944,1.05362757151765,2
794,9,4.326221529733112,3.189229466781709,1.919246125071589,1.882921248169948,2
794,10,4.326221529733112,7.118109346915373,5.332678556432585,4.202532140037275,2
795,9,4.326221529733112,3.400653425496615,14.7580091443852,2.147648730323016,2
795,10,4.326221529733112,6.813705498430599,10.93000806174451,4.303127702689207,2
796,9,4.326221529733112,13.36738560145302,19.40837236049059,8.737631689591897,2
796,10,4.326221529733112,1.700876623388159,2.678044007280982,1.111783106113659,2
797,9,4.326221529733112,0.5857596097322023,1.617250853319529,0.3464865963882783,2
797,10,4.326221529733112,1.242264064967475,4.044484802726656,0.734819950939995,2
798,9,4.326221529733112,0.3222279569772331,0.2471888713511796,0.2169104381924682,2
798,10,4.326221529733112,0.2718615314306677,0.1885303026190504,0.1830058585340814,2
799,9,4.326221529733112,4.683237907867574,3.797964396071495,3.576260657344867,2
799,10,4.326221529733112,22.52502346964405,17.71251311321192,17.20078219919798,2
800,9,4.326221529733112,9.156759615401473,25.02227109892922,6.059390864034399,2
800,10,4.326221529733112,2.349331589338751,4.17580243982083,1.554645853657969,2
801,9,4.326221529733112,3.770511333290041,4.372710649917211,1.641129663262761,2
801,10,4.326221529733112,7.96022053912858,7.020948000662415,3.464716824356642,2
802,9,4.326221529733112,1.049061329848381,0.6435790134051181,0.6058704994240686,2
802,10,4.326221529733112,1.776265543067623,1.166523656167775,1.025856983827328,2
803,9,4.326221529733112,7.969632123418365,16.76911319534761,6.509706494091325,2
803,10,4.326221529733112,4.165094543892601,8.995752313347589,3.402107221638276,2
804,9,4.326221529733112,2.53476352559981,1.685047469144127,1.157610493921555,2
804,10,4.326221529733112,7.975764423923354,4.500162443368395,3.642481241714683,2
805,9,4.326221529733112,0.4362594905504139,0.8224619861703,0.4673582151998219,2
805,10,4.326221529733112,0.4492303636512006,0.4860691303543556,0.4812537160044434,2
806,9,4.326221529733112,4.972824489837042,2.418351981334819,1.683186507386726,2
806,10,4.326221529733112,3.159169984437921,2.68762049099792,1.069306247026083,2
807,9,4.326221529733112,9.474397637627048,13.33240173781271,11.52904803982158,2
807,10,4.326221529733112,0.1472315855794362,0.2957727598477402,0.1791607327502419,2
808,9,4.326221529733112,0.6241308080586108,1.366175382267207,0.5996102326993495,2
808,10,4.326221529733112,0.2960725680547696,0.6943680529125306,0.2844405998470486,2
809,9,4.326221529733112,0.2343080801334643,0.8019004117348405,0.1888912131225536,2
809,10,4.326221529733112,1.566606867992291,8.958267967614406,1.262945228404543,2
810,9,4.326221529733112,1.004739621901309,1.57076539987053,0.330961426144174,2
810,10,4.326221529733112,0.8495345273354508,1.800289602803283,0.2798368379198595,2
811,9,4.326221529733112,4.383691282784774,2.743925988844477,2.470914079903765,2
811,10,4.326221529733112,11.74051695305738,14.47254887230024,6.617666886941369,2
812,9,4.326221529733112,0.2036128280529175,0.09539055151033932,0.08773915548018474,2
812,10,4.326221529733112,0.1111379288084405,0.04891287226286302,0.04789063689511357,2
813,9,4.326221529733112,4.072640925150609,9.483971317178586,1.868917014658676,2
813,10,4.326221529733112,2.203235346060692,7.157260147052829,1.011055013497894,2
814,9,4.326221529733112,1.188930020457609,0.2960089821598127,0.1899130973530532,2
814,10,4.326221529733112,3.756633104917943,2.014268743055723,0.6000637685129602,2
815,9,4.326221529733112,4.547153937405708,9.750417895849296,0.1346179128996393,2
815,10,4.326221529733112,8.502056236132649,33.06700447534577,0.2517022915033593,2
816,9,4.326221529733112,15.26114490363239,23.554229440857,7.975862100878458,2
816,10,4.326221529733112,4.290050560249835,4.43453622450274,2.242089429752083,2
817,9,4.326221529733112,2.601266846242736,13.10886125347708,2.059374391092183,2
817,10,4.326221529733112,0.1490407963768076,0.329882833627746,0.1179928155889551,2
818,9,4.326221529733112,9.907416001622211,4.845180260763877,4.811547682353392,2
818,10,4.326221529733112,0.135764513188631,0.3768065549266678,0.06593418795290666,2
819,9,4.326221529733112,3.6115537166861,9.842225301179113,2.281629721231893,2
819,10,4.326221529733112,5.234085394649545,3.821145052062775,3.306677883461239,2
820,9,4.326221529733112,2.833369976373909,5.468408439387675,1.790985110165934,2
820,10,4.326221529733112,1.015633374356964,6.133802943752872,0.6419861387776852,2
821,9,4.326221529733112,8.159979349477615,6.739128038044156,6.690732712015536,2
821,10,4.326221529733112,1.06607602983891,0.8892240751506651,0.8741235070399381,2
822,9,4.326221529733112,3.413380907351563,5.107759293386608,3.552140855774848,2
822,10,4.326221529733112,1.595172146935878,3.403447516979616,1.660018705477986,2
823,9,4.326221529733112,0.6245794278872941,2.241217385451348,1.026923040425682,2
823,10,4.326221529733112,4.133969210266118,23.64141975530499,6.797002976535273,2
824,9,4.326221529733112,4.510704564504445,11.55348813254105,5.347978240512374,2
824,10,4.326221529733112,8.552048461269012,33.69711986836187,10.13947343006683,2
825,9,4.326221529733112,0.2990350517718895,0.2084367310876736,0.1972062628722099,2
825,10,4.326221529733112,0.8904221163913418,1.9665102448063,0.5872114887931249,2
826,9,4.326221529733112,1.241693764161215,1.558890731894515,0.5209170708549231,2
826,10,4.326221529733112,2.899309522290411,3.332650474596082,1.2163223070332,2
827,9,4.326221529733112,1.483714210713756,1.909832232923041,0.5828037093267532,2
827,10,4.326221529733112,5.49394043162533,2.620270428951358,2.158022642939548,2
828,9,4.326221529733112,2.384239871099366,7.271136956661505,1.012130329461959,2
828,10,4.326221529733112,3.420995991676002,3.602246455272384,1.452242218626488,2
829,9,4.326221529733112,8.496013674761544,31.3989548902823,10.11682474204488,2
829,10,4.326221529733112,1.082583271836108,1.326914160611385,1.289111064212456,2
830,9,4.326221529733112,5.685674372837467,11.70837649315545,3.457341157890413,2
830,10,4.326221529733112,3.407281613294783,7.259546993030254,2.071897577259311,2
831,9,4.326221529733112,21.14962467758864,28.59455077061747,8.297024129750362,2
831,10,4.326221529733112,0.8180374877750619,2.839576440029693,0.3209171263593271,2
832,9,4.326221529733112,5.317807421644498,2.977250368784306,2.953832323595708,2
832,10,4.326221529733112,5.490930430118188,4.378448701046537,3.049995327977236,2
833,9,4.326221529733112,0.9727828390118561,1.360563805474668,0.6300514055614025,2
833,10,4.326221529733112,5.320369847617804,20.67295931329747,3.445893951010835,2
834,9,4.326221529733112,2.483791914761922,7.042027765841163,1.17962588969517,2
834,10,4.326221529733112,0.1689916510575898,0.3795514995845193,0.08025910928572015,2
835,9,4.326221529733112,1.67121452620985,2.77052438988632,0.4772453766555063,2
835,10,4.326221529733112,5.523816402252689,38.28908164697501,1.577425158843985,2
836,9,4.326221529733112,3.148988110008595,7.612173554361014,2.789558993948731,2
836,10,4.326221529733112,7.010962662358012,9.532003948467654,6.210723339621042,2
837,9,4.326221529733112,7.057033802151064,21.6232187621892,5.605117072348758,2
837,10,4.326221529733112,7.007668412984484,41.86908949171864,5.565908136504296,2
838,9,4.326221529733112,1.749508004991493,3.91195375717065,0.6947063235683506,2
838,10,4.326221529733112,0.1603517842799458,0.08904161997780133,0.06367355748983156,2
839,9,4.326221529733112,3.289772526803161,11.45917521775882,1.80229985631367,2
839,10,4.326221529733112,4.354924676608074,18.26360603866214,2.38584280674711,2
840,9,4.326221529733112,9.310259354776665,20.1586976919491,4.80690201523058,2
840,10,4.326221529733112,5.884892106222061,37.17207245463815,3.038379345501266,2
841,9,4.326221529733112,0.6083942975112984,0.1382166782545165,0.004830047075957646,2
841,10,4.326221529733112,2.726605043410401,11.21290697107674,0.02164653871853755,2
842,9,4.326221529733112,0.6345951750726572,3.413757095793264,0.1365311190175704,2
842,10,4.326221529733112,9.550935061335579,10.43257913032232,2.054853082422182,2
843,9,4.326221529733112,10.37616331543839,45.83046396137832,13.62421147757514,2
843,10,4.326221529733112,17.58164357830115,54.90566955085386,23.08522167126331,2
844,9,4.326221529733112,1.449990666638373,1.333910688417478,0.489276016731034,2
844,10,4.326221529733112,0.5997443954328453,0.2703374847735001,0.2023740949550047,2
845,9,4.326221529733112,18.8038775786218,34.74311731829528,6.351512417963111,2
845,10,4.326221529733112,4.571080639483462,6.03987586680988,1.544004704550832,2
846,9,4.326221529733112,7.776653581669309,13.76227956542456,1.750419832080715,2
846,10,4.326221529733112,4.004732136946973,7.756666637358202,0.901411189410115,2
847,9,4.326221529733112,1.369935199840595,0.6914759670753623,0.6316337524979002,2
847,10,4.326221529733112,4.331841799362848,2.550935187787483,1.997275120222612,2
848,9,4.326221529733112,20.50054583708764,18.05519622557318,11.83001845142965,2
848,10,4.326221529733112,3.51389519982706,13.52952400751798,2.027723816755196,2
849,9,4.326221529733112,3.130447989027611,6.926559457379027,1.909083822275954,2
849,10,4.326221529733112,3.260112313043005,11.30848612109276,1.988158786680978,2
850,9,4.326221529733112,1.538915655681752,1.962930057147677,1.918031252652237,2
850,10,4.326221529733112,2.220677699087739,6.429302854882759,2.767747025766156,2
851,9,4.326221529733112,0.893967451012756,5.274019390213458,0.136247161772548,2
851,10,4.326221529733112,1.65359884512469,1.077775550797097,0.2520205283798274,2
852,9,4.326221529733112,8.941736431291398,6.355077378992929,6.304773352815591,2
852,10,4.326221529733112,5.831839576513094,4.410385610892231,4.112000733014771,2
853,9,4.326221529733112,1.121049315766054,1.822643638584963,0.3874296225414618,2
853,10,4.326221529733112,1.029926465798564,2.094887760411265,0.3559379737162872,2
854,9,4.326221529733112,3.656875643027295,22.19343451284376,1.646302990294615,2
854,10,4.326221529733112,2.573345068623139,4.677261292803979,1.158504169976926,2
855,9,4.326221529733112,1.293720278880586,0.5029116174040984,0.4809447616384152,2
855,10,4.326221529733112,1.691757943414034,0.6366668841608273,0.6289165703958634,2
856,9,4.326221529733112,2.575528941165222,2.790840822614439,2.025274175566368,2
856,10,4.326221529733112,3.392768898311983,6.144160232225069,2.66791303471329,2
857,9,4.326221529733112,1.043314714616643,8.420926137203359,0.9829752372544938,2
857,10,4.326221529733112,0.3638382702332585,1.893667351661247,0.3427959032823716,2
858,9,4.326221529733112,0.1702731037538779,0.1361995559189419,0.1099354405871819,2
858,10,4.326221529733112,0.3034782287236276,0.2092612285380791,0.1959382430214832,2
859,9,4.326221529733112,11.18623229580458,32.5321816317059,5.721038074884059,2
859,10,4.326221529733112,10.98478328774607,24.10645003627362,5.618009868891715,2
860,9,4.326221529733112,3.740188002880726,19.93383907316437,1.690891366775341,2
860,10,4.326221529733112,6.0725323319282,33.81791518917318,2.745314536759388,2
861,9,4.326221529733112,2.46363428002746,16.92674845630394,0.2455360406798223,2
861,10,4.326221529733112,0.1981840288210548,1.255272928906169,0.01975184472678924,2
862,9,4.326221529733112,0.7914498079592248,1.653935156185077,1.266443750567124,2
862,10,4.326221529733112,2.182664181594689,3.628822205073503,3.4926048178531,2
863,9,4.326221529733112,6.146184476034147,4.190473612143465,2.017426111108382,2
863,10,4.326221529733112,1.146571134035168,1.446906733910687,0.3763509788984155,2
864,9,4.326221529733112,3.532812245217765,5.698082825695747,1.414644820509005,2
864,10,4.326221529733112,14.00889548605196,18.56980138030296,5.609585243943191,2
865,9,4.326221529733112,3.973993667164243,5.398053018598175,2.890568210615235,2
865,10,4.326221529733112,2.033476241285789,1.481561618497226,1.479091883982896,2
866,9,4.326221529733112,33.21422993225054,93.98209608976154,15.42296792856914,2
866,10,4.326221529733112,1.65120134551963,5.431622450287772,0.7667323748738165,2
867,9,4.326221529733112,3.616590865912878,3.410643876248288,3.393406177638246,2
867,10,4.326221529733112,3.092998607008035,5.93695669551931,2.902125501497186,2
868,9,4.326221529733112,0.7182700441442209,0.845841345584517,0.3914301510416455,2
868,10,4.326221529733112,7.788779695640412,14.14174360875861,4.244591901820243,2
869,9,4.326221529733112,0.8652053788257902,3.509542472349414,1.035395519363484,2
869,10,4.326221529733112,1.195177806690512,9.509795764634028,1.430275141804452,2
870,9,4.326221529733112,0.1841833517140841,0.04074085060025782,0.04025105407947716,2
870,10,4.326221529733112,11.7038165367547,7.331463938148508,2.55772819841224,2
871,9,4.326221529733112,2.850759318147671,32.21931839281054,1.974235632051066,2
871,10,4.326221529733112,1.269055011922255,6.799164767588021,0.8788583475359267,2
872,9,4.326221529733112,2.081400784537719,1.824405146930359,1.762226765598659,2
872,10,4.326221529733112,2.628991754046548,2.234434150753176,2.225846972834673,2
873,9,4.326221529733112,14.47887559767459,49.77224836531254,8.574562811330736,2
873,10,4.326221529733112,0.1936741802968266,0.518377335546336,0.1146961594279358,2
874,9,4.326221529733112,1.21857407477154,10.35486026381885,1.012219507776763,2
874,10,4.326221529733112,9.015581410344193,8.565677488837141,7.488873730725677,2
875,9,4.326221529733112,3.784888831489136,7.211981742891007,3.395819423878551,2
875,10,4.326221529733112,1.088237520737668,1.096992733679848,0.9763716387042364,2
876,9,4.326221529733112,2.610724962593291,3.527089891671513,3.470215666740587,2
876,10,4.326221529733112,0.3749334167708333,0.5349173372879742,0.4983672487546572,2
877,9,4.326221529733112,2.66730035225089,9.310031930223861,1.369247007132927,2
877,10,4.326221529733112,3.394157176890318,7.782120252809399,1.74237578916597,2
878,9,4.326221529733112,5.656299887973185,9.630209765430671,5.104631479577629,2
878,10,4.326221529733112,0.148381436316808,0.3091548970378992,0.133909546136022,2
879,9,4.326221529733112,7.733934333590231,2.260036347672587,1.651786299890045,2
879,10,4.326221529733112,1.225491723700581,0.7032760930580788,0.2617361814213339,2
880,9,4.326221529733112,11.04290214219211,7.317333470297599,3.744890129057931,2
880,10,4.326221529733112,1.774075459306222,0.8707085364799722,0.6016278683097115,2
881,9,4.326221529733112,0.4501697952840307,0.1170306217611042,0.1145758027017101,2
881,10,4.326221529733112,8.737731615085561,3.714813716422169,2.223900013013717,2
882,9,4.326221529733112,2.653420711448401,4.466957375905719,1.712903370134443,2
882,10,4.326221529733112,4.513042886693482,3.59292952807181,2.913373795879813,2
883,9,4.326221529733112,10.92253344263885,13.38681887542916,4.726444830851078,2
883,10,4.326221529733112,2.620446232922077,1.193598206128877,1.133930568137996,2
884,9,4.326221529733112,3.419305051724998,1.401178436486086,1.31685141846609,2
884,10,4.326221529733112,2.300998668972834,3.103883593839161,0.886166433029082,2
885,9,4.326221529733112,0.5271816404796076,1.136459149139458,0.3448400405844306,2
885,10,4.326221529733112,1.096796223171488,3.100285657928491,0.7174363161949612,2
886,9,4.326221529733112,0.4215628717058809,2.213984179398932,0.3898226480436734,2
886,10,4.326221529733112,18.17111737994252,56.34083567246965,16.80298140654021,2
887,9,4.326221529733112,1.459959732284198,10.43922670972996,0.6674232199113523,2
887,10,4.326221529733112,3.96459889368924,9.457146911656016,1.812423521533107,2
888,9,4.326221529733112,4.533636740189162,9.279793378497851,4.025674272649654,2
888,10,4.326221529733112,3.464598394919361,7.651657891420877,3.07641423933498,2
889,9,4.326221529733112,3.655965982421019,2.247765181621771,1.898662766311078,2
889,10,4.326221529733112,0.07943013315620462,0.08380939961010711,0.04125066728518849,2
890,9,4.326221529733112,0.105610010073419,0.07119077986140628,0.03340423905324311,2
890,10,4.326221529733112,11.99577440553311,8.545025771036199,3.79423991715022,2
891,9,4.326221529733112,2.999495350713066,2.393406485134908,0.4908065891590711,2
891,10,4.326221529733112,4.777664552086878,1.375462281740126,0.7817679205265344,2
892,9,4.326221529733112,8.537682959380733,7.450933569976645,6.937439021466188,2
892,10,4.326221529733112,0.2366398721717443,0.2573398380113029,0.1922857397082482,2
893,9,4.326221529733112,1.689639431615456,0.5978603735955526,0.5977002207085224,2
893,10,4.326221529733112,1.996236220464704,2.784706517108955,0.7061570695099929,2
894,9,4.326221529733112,5.008816728717361,6.879604446154458,1.170241674955074,2
894,10,4.326221529733112,0.3864122586493899,0.5392632351952882,0.09027995098970849,2
895,9,4.326221529733112,1.220541693517349,5.565390217334044,1.266288816853805,2
895,10,4.326221529733112,1.149891534093422,2.691279868125482,1.192990618797464,2
896,9,4.326221529733112,0.3559480780094411,0.6179016153321351,0.2475651942727549,2
896,10,4.326221529733112,4.127903363800248,4.79918096378824,2.870995129158308,2
897,9,4.326221529733112,1.642527009145122,1.175305098117573,1.147155534454346,2
897,10,4.326221529733112,2.631237147215763,2.789552254490667,1.837679526171943,2
898,9,4.326221529733112,0.1946719544781568,0.09273909481863561,0.09095023995906434,2
898,10,4.326221529733112,6.546000226121535,4.771562423188525,3.05827458779968,2
899,9,4.326221529733112,0.7105526506371342,1.638119544168659,0.5967930565340699,2
899,10,4.326221529733112,11.66573603543433,13.84364417122618,9.798049812443633,2
900,9,4.326221529733112,2.632280364920377,5.018107769799094,1.043377694481751,2
900,10,4.326221529733112,5.341190798206502,3.398461869378345,2.117129852536972,2
901,9,4.326221529733112,1.62710920559863,3.651275376621398,0.778297000387063,2
901,10,4.326221529733112,0.3901448822916125,1.440382694504625,0.1866184461123556,2
902,9,4.326221529733112,0.1315276830406966,0.7497166050672014,0.07856768692877915,2
902,10,4.326221529733112,1.852357527592728,6.671071786058893,1.10650049437153,2
903,9,4.326221529733112,0.7876449740968132,3.648808610609838,0.6143238527266116,2
903,10,4.326221529733112,2.138119246465574,2.268778294787452,1.66762652752762,2
904,9,4.326221529733112,0.3056474810482051,1.474789652891569,0.6508743156008628,2
904,10,4.326221529733112,0.9578028622448899,4.583766933201732,2.039634942536528,2
905,9,4.326221529733112,6.23822783533837,4.660592714874865,4.101572382600566,2
905,10,4.326221529733112,2.672667094770525,1.94708789074397,1.757251872350295,2
906,9,4.326221529733112,7.958158681602579,21.67167958114445,7.853716016809493,2
906,10,4.326221529733112,3.618291480029729,23.84961561943544,3.570805118009071,2
907,9,4.326221529733112,10.29573665251991,25.22607116536938,16.84881967081005,2
907,10,4.326221529733112,1.489005884325722,7.595848088529888,2.436735950082676,2
908,9,4.326221529733112,5.138223109092091,3.360917194988826,1.227092767342876,2
908,10,4.326221529733112,1.517671794395028,4.41124826691288,0.3624451571219314,2
909,9,4.326221529733112,17.39962147482208,36.91591019371927,9.002769668776063,2
909,10,4.326221529733112,1.24756951435429,0.6608186972799166,0.6455072025429408,2
910,9,4.326221529733112,6.168639263705103,12.5439563871779,12.46126619045877,2
910,10,4.326221529733112,2.149172570371144,4.769457086581594,4.341542817425417,2
911,9,4.326221529733112,8.429424363162926,14.23295204754249,10.5004705754472,2
911,10,4.326221529733112,5.77335737264755,7.608065699163651,7.191827887791802,2
912,9,4.326221529733112,1.628228207225833,1.67675743630116,1.356045156599901,2
912,10,4.326221529733112,1.042904392684214,1.268284616046552,0.8685670990221572,2
913,9,4.326221529733112,0.5594775845038157,1.661544620611351,0.3430297494268557,2
913,10,4.326221529733112,7.381766329971036,17.96435245978293,4.525946212381802,2
914,9,4.326221529733112,3.492888564923833,10.34972295969221,2.182810159710053,2
914,10,4.326221529733112,21.50926175772067,107.173416325949,13.44177869403039,2
915,9,4.326221529733112,0.6665244096399211,0.9663538115556398,0.4241463415356437,2
915,10,4.326221529733112,2.636429177009088,1.974975718717304,1.677705683352751,2
916,9,4.326221529733112,5.59609616152022,21.79356278156749,7.80861043168503,2
916,10,4.326221529733112,6.381999013550529,36.34951762714235,8.905233690386821,2
917,9,4.326221529733112,0.5680513128191311,3.914988854048813,0.4499172068938021,2
917,10,4.326221529733112,19.38034851201827,211.7252691611535,15.34993771580639,2
918,9,4.326221529733112,15.70726660664219,7.383961340252728,2.928162068203789,2
918,10,4.326221529733112,7.201478480042904,8.314563949185503,1.3425057744503,2
919,9,4.326221529733112,5.599887363245098,34.52448247675823,2.057306727774884,2
919,10,4.326221529733112,0.6561760915139032,0.8155029121085796,0.2410683287197925,2
920,9,4.326221529733112,0.1182482568553791,0.3062455789648333,0.1256706478589248,2
920,10,4.326221529733112,8.61045647605359,12.97496987990798,9.150931036811349,2
921,9,4.326221529733112,7.77887168516994,4.346825606012584,3.664594767122316,2
921,10,4.326221529733112,3.729536583944378,1.848816209055487,1.756969494093825,2
922,9,4.326221529733112,5.061279523329494,7.782837104581493,4.794764847894531,2
922,10,4.326221529733112,6.331586482967353,5.99888332193995,5.99818053122763,2
923,9,4.326221529733112,2.866460106342096,2.350628088342341,1.493978817662543,2
923,10,4.326221529733112,1.574520035852575,1.58429346381974,0.8206287526362249,2
924,9,4.326221529733112,0.4147964555721103,1.340274523306835,0.2544352970717196,2
924,10,4.326221529733112,1.573060607234571,1.23697525148472,0.9649121576063411,2
925,9,4.326221529733112,18.5193890661945,27.11652651583191,11.71304997236266,2
925,10,4.326221529733112,14.25294432118922,34.10662859833099,9.014630476776153,2
926,9,4.326221529733112,2.386001093344017,8.664337187928869,0.736104620355931,2
926,10,4.326221529733112,2.063368205329703,1.915302592942598,0.6365692260895076,2
927,9,4.326221529733112,12.53008963589484,39.77694825330657,6.892566114639568,2
927,10,4.326221529733112,3.043280113714229,2.848423670697752,1.674051024268283,2
928,9,4.326221529733112,1.0777453818545,1.668553312485155,0.9539239936199416,2
928,10,4.326221529733112,4.19834688105707,4.225538038234863,3.716001841259073,2
929,9,4.326221529733112,6.168666318208336,14.60523968350807,6.042604353329905,2
929,10,4.326221529733112,7.186876359059397,21.72617352889076,7.040006402341668,2
930,9,4.326221529733112,2.532958063769417,3.340907711791862,1.912452492193968,2
930,10,4.326221529733112,1.752706144874795,2.034315621588971,1.323340991228753,2
931,9,4.326221529733112,2.195930639773441,0.6675703331215627,0.6633978294336577,2
931,10,4.326221529733112,0.511180640745436,0.3742623945622453,0.1544293437036864,2
932,9,4.326221529733112,3.530394608288545,4.47195788161483,4.471440719874969,2
932,10,4.326221529733112,0.8839197252688435,1.626253313064463,1.119533392496266,2
933,9,4.326221529733112,2.379296270263578,2.633365749941553,2.576840147941058,2
933,10,4.326221529733112,14.35556006178712,23.05106391572008,15.54744735900178,2
934,9,4.326221529733112,9.4966022688976,25.55353370777464,7.41346172626412,2
934,10,4.326221529733112,16.26383504712765,13.99707857012942,12.69625864389814,2
935,9,4.326221529733112,2.302798338144167,0.7942996980806086,0.7273187637034247,2
935,10,4.326221529733112,1.749939119879942,0.6739209186422016,0.5527030031874448,2
936,9,4.326221529733112,7.111832402164092,20.01158617039898,5.53539012425893,2
936,10,4.326221529733112,6.20373763418185,6.875276198474968,4.828587921067173,2
937,9,4.326221529733112,2.320044398728379,2.516365036087644,1.183862163156169,2
937,10,4.326221529733112,3.147979867376706,4.717908861932036,1.606337472423937,2
938,9,4.326221529733112,4.154092822768581,6.304687216395557,4.863173803830786,2
938,10,4.326221529733112,2.876283195856593,3.471463634778951,3.367249045043238,2
939,9,4.326221529733112,1.686127451970484,1.015679492855517,0.7009225406209684,2
939,10,4.326221529733112,3.082802583837895,2.766596885990677,1.281519861841599,2
940,9,4.326221529733112,4.063673334803068,4.61778174325155,4.170658918303668,2
940,10,4.326221529733112,0.5718081065688608,1.49858070988304,0.5868622752707867,2
941,9,4.326221529733112,9.841569544092453,19.85901379185307,4.367751169492944,2
941,10,4.326221529733112,0.7949757084636141,1.650946241741502,0.3528152765474999,2
942,9,4.326221529733112,0.9963660475049267,1.054918416026293,0.3601749902678774,2
942,10,4.326221529733112,3.780609159425302,2.504400802568637,1.366647198198434,2
943,9,4.326221529733112,1.118959485247202,0.6080303059874568,0.1408006459129772,2
943,10,4.326221529733112,15.20649279443898,5.68160946067508,1.913459813118283,2
944,9,4.326221529733112,8.007785877535905,38.38459479331238,8.326803132448198,2
944,10,4.326221529733112,3.440969430719118,4.837930192039739,3.578052094867839,2
945,9,4.326221529733112,3.680612955724957,4.917810976720079,4.036131412540084,2
945,10,4.326221529733112,10.99071991148237,16.25977891348848,12.05233759017357,2
946,9,4.326221529733112,2.340621433360357,3.787343700574221,2.00681017862519,2
946,10,4.326221529733112,1.741939727972036,2.422431330620677,1.493510367298973,2
947,9,4.326221529733112,8.171321783801947,21.60842428892965,9.960923200287066,2
947,10,4.326221529733112,4.610773824424397,12.73569030079159,5.620579530967407,2
948,9,4.326221529733112,0.4689299518479982,1.436911201927331,0.2134906211584052,2
948,10,4.326221529733112,0.4962230169757058,1.364847384200073,0.2259163862528897,2
949,9,4.326221529733112,0.939590857323351,3.154698874735616,0.54128374991698,2
949,10,4.326221529733112,0.2865766482027072,0.5950796973528393,0.1650923713963063,2
950,9,4.326221529733112,5.031008383077195,11.06781088575272,3.507646069017791,2
950,10,4.326221529733112,7.974146643338558,62.81188334547477,5.55961787329996,2
951,9,4.326221529733112,9.093415735505706,55.65322179153605,5.453378971146918,2
951,10,4.326221529733112,6.490972747737725,10.41035184907355,3.892677439852263,2
952,9,4.326221529733112,5.206989824832001,5.57325940696458,3.588019014966209,2
952,10,4.326221529733112,0.2137763568226322,0.2575620615911927,0.1473084563314954,2
953,9,4.326221529733112,2.167143132367616,4.790596869543678,0.6669847276173387,2
953,10,4.326221529733112,3.618696408052399,23.8492272365757,1.113731346123771,2
954,9,4.326221529733112,4.459797770768668,5.889256770123629,2.93959375041502,2
954,10,4.326221529733112,5.363049453074172,8.058762141302946,3.534955499272856,2
955,9,4.326221529733112,0.09848418824828281,0.4171590300418191,0.05161286328493998,2
955,10,4.326221529733112,1.181506431991832,0.7504528475753449,0.6191951320239971,2
956,9,4.326221529733112,0.876371500884866,0.6537686763817657,0.2574734579420851,2
956,10,4.326221529733112,2.435650545434797,0.7826190745061243,0.7155816541711237,2
957,9,4.326221529733112,22.20011368041822,23.16285364867754,22.93301613726004,2
957,10,4.326221529733112,6.924734335358248,19.68463373583822,7.15334374161717,2
958,9,4.326221529733112,4.091720963949251,49.48101893605955,2.14095794061001,2
958,10,4.326221529733112,5.270350823938371,40.69378943969328,2.757665917526461,2
959,9,4.326221529733112,0.4932222415738697,1.866908519908155,0.2814700603114526,2
959,10,4.326221529733112,0.7085109897506968,4.113181852050463,0.4043301664176632,2
960,9,4.326221529733112,2.775523903513501,4.70082053562506,4.353772478085663,2
960,10,4.326221529733112,8.974657080817861,18.65605020372546,14.07792415307922,2
961,9,4.326221529733112,0.7521168532416225,2.224958918907686,0.4414236661396457,2
961,10,4.326221529733112,12.2889813866169,23.85273060483895,7.212505867169544,2
962,9,4.326221529733112,0.7337662514641335,0.9748198870837217,0.9738820711273362,2
962,10,4.326221529733112,13.15767350120507,21.60695347600924,17.4633574316101,2
963,9,4.326221529733112,14.97571258147647,9.654133023210791,3.061107525490443,2
963,10,4.326221529733112,13.21537452362859,2.9079408822491,2.701285977970191,2
964,9,4.326221529733112,4.074837122304899,2.681226899566651,2.421759058958974,2
964,10,4.326221529733112,7.715311889218143,7.009262153853646,4.585367684546643,2
965,9,4.326221529733112,0.391409085525629,0.3900006718099212,0.1880754257290366,2
965,10,4.326221529733112,4.91570950466611,19.36991765007528,2.362040616938652,2
966,9,4.326221529733112,0.7378449141167125,2.190162617739285,0.266792595504072,2
966,10,4.326221529733112,0.7065758982477703,1.148282055212904,0.2554862332280375,2
967,9,4.326221529733112,4.130217397218743,16.51524334573148,3.117953238164553,2
967,10,4.326221529733112,3.175413224692283,10.34309128551454,2.397159518311788,2
968,9,4.326221529733112,2.591980038482487,6.243628279325419,1.953695325880938,2
968,10,4.326221529733112,1.234888154015014,1.204884311747,0.930792358994154,2
969,9,4.326221529733112,2.498844668170078,3.824657620541542,1.995346290922306,2
969,10,4.326221529733112,12.46737036454263,12.02693378200123,9.955289150750705,2
970,9,4.326221529733112,4.880863759750329,4.878508077706623,1.004600614666447,2
970,10,4.326221529733112,5.007996475068617,11.8372115179004,1.030767623261561,2
971,9,4.326221529733112,5.785373514199192,9.628847558567367,2.495669015667177,2
971,10,4.326221529733112,9.701594650881047,50.03294266648475,4.185031288531706,2
972,9,4.326221529733112,2.396568228301489,3.457152598355269,1.198539661238087,2
972,10,4.326221529733112,2.716556184990031,1.500311649515555,1.35856776003399,2
973,9,4.326221529733112,2.719870752481105,3.129264632331455,1.54549527322273,2
973,10,4.326221529733112,4.359991039104274,7.186532629290114,2.477450642124188,2
974,9,4.326221529733112,0.7656983177866008,0.8906126205701325,0.8715589327387229,2
974,10,4.326221529733112,8.835922875944139,21.17089724278245,10.05752178453369,2
975,9,4.326221529733112,0.2182417715005928,0.2721937546328493,0.1523368267991007,2
975,10,4.326221529733112,0.3142879168657927,0.2647852515358829,0.2193788275609941,2
976,9,4.326221529733112,2.058563126267694,0.8396419270593721,0.4500075357022599,2
976,10,4.326221529733112,0.5015346052980754,0.36465594050054,0.1096368379087751,2
977,9,4.326221529733112,1.585960773246739,3.245318767082815,1.545419212957276,2
977,10,4.326221529733112,5.796477098645743,5.746394031059121,5.648303051894163,2
978,9,4.326221529733112,6.367743624134842,18.75070847745937,6.037066388563302,2
978,10,4.326221529733112,0.6107898237992191,0.9060816079477908,0.5790714785939196,2
979,9,4.326221529733112,9.088457515775847,17.52642602060767,4.630900893270312,2
979,10,4.326221529733112,6.436287150171183,8.801365160442691,3.279523270184705,2
980,9,4.326221529733112,0.905870808605642,0.9810198374647146,0.8470648682500153,2
980,10,4.326221529733112,3.410578540945456,6.411358211724143,3.18917580188851,2
981,9,4.326221529733112,29.55193072349546,33.7475474595124,24.37856442808152,2
981,10,4.326221529733112,9.06002255491217,26.16336551578103,7.473973380669632,2
982,9,4.326221529733112,7.422403182610305,6.465210278706047,5.258689975760771,2
982,10,4.326221529733112,3.005049436355003,2.318822908771984,2.129044052019303,2
983,9,4.326221529733112,2.532295325245012,1.224653748982828,0.8106340353315217,2
983,10,4.326221529733112,6.05640986530824,1.972837337001257,1.938767536231753,2
984,9,4.326221529733112,1.347978475753599,1.430199963036246,0.8597985762068718,2
984,10,4.326221529733112,1.895152818188947,2.971400156630887,1.208809876479919,2
985,9,4.326221529733112,0.1234489910889894,0.07762741506946701,0.0671597175778616,2
985,10,4.326221529733112,3.157458550924271,2.247700067032517,1.717746112570633,2
986,9,4.326221529733112,13.73944623845913,10.89538368115901,7.042555008548433,2
986,10,4.326221529733112,1.335153204757507,0.9772358117584318,0.6843718244643747,2
987,9,4.326221529733112,1.333312519591245,2.635768454442317,0.659153165266998,2
987,10,4.326221529733112,5.331769143815556,4.373612114786819,2.635880527617309,2
988,9,4.326221529733112,1.13597136466371,2.586235510185186,0.7307216931433191,2
988,10,4.326221529733112,2.132024563595381,2.950930294522739,1.371440026918958,2
989,9,4.326221529733112,2.232391260046516,3.665856954927159,2.175365499046675,2
989,10,4.326221529733112,2.358992549234035,7.430485479004096,2.298732796510302,2
990,9,4.326221529733112,1.139349974276573,1.583404030064777,1.172053103445279,2
990,10,4.326221529733112,5.838066733373251,7.696552512159419,6.00563864260883,2
991,9,4.326221529733112,9.367609657717113,30.00488074628801,7.474402244020457,2
991,10,4.326221529733112,5.081682526127844,8.056794993228628,4.054667163185987,2
992,9,4.326221529733112,1.628843671710221,2.171136427104582,1.536010169069942,2
992,10,4.326221529733112,3.381292010616496,3.19221651184723,3.188580342672609,2
993,9,4.326221529733112,2.156547030436941,20.87603305157891,1.201671411980248,2
993,10,4.326221529733112,2.540175854933878,13.6212729753582,1.415437114607264,2
994,9,4.326221529733112,2.089911710223273,5.572251917788771,2.555730208832324,2
994,10,4.326221529733112,8.375080447401615,22.60333803274208,10.24179442419533,2
995,9,4.326221529733112,1.797156784757148,7.447593452322334,1.926556570839809,2
995,10,4.326221529733112,6.168730464247841,18.46705107345177,6.612894495592009,2
996,9,4.326221529733112,9.639044669707422,6.392353111736227,1.522684525450508,2
996,10,4.326221529733112,3.158858085608824,5.281754431663084,0.4990063320452245,2
997,9,4.326221529733112,2.542507756025588,3.419452266397604,1.997897350152142,2
997,10,4.326221529733112,0.3966724771919563,1.462324488557491,0.3117044143452042,2
998,9,4.326221529733112,4.961307499423659,9.456771850627545,9.409639311646128,2
998,10,4.326221529733112,0.2501623211801091,0.528100335277472,0.474459043698148,2
999,9,4.326221529733112,9.530127055594388,5.176055824322261,4.518898331521878,2
999,10,4.326221529733112,1.96685686149802,2.627891325119286,0.9326241022724139,2
1000,9,4.326221529733112,0.8700677602290414,1.691969049086136,0.3645486862381823,2
1000,10,4.326221529733112,6.027074375303537,6.860255433286826,2.525276933371632,2
