event_index,m_H2H2,pT_H2H2,pT_H2_leading,pT_H2_subleading,y_H2_leading,y_H2_subleading,delta_phi_H2H2,delta_R_H2H2
1,341.2132296644142,0,70.18820736904198,70.18820736904198,-0.3146450557945988,0.175463632496167,3.141592653589793,3.179592887057627
2,338.131169281843,0,20.62072670147811,20.62072670147811,0.8387932059560171,-0.1178851407295682,3.141592653589793,3.28402768869363
3,362.2556900430712,0,98.68168164870954,98.68168164870954,-1.414544200384654,-1.149562171659067,3.141592653589793,3.152747988126689
4,562.6192783565809,0,212.7731568552043,212.7731568552043,-0.2920674912016479,0.5055459298620789,3.141592653589793,3.241263884744706
5,372.6658208303351,0,109.3031814583713,109.3031814583713,1.033256632781659,1.210993842479326,3.141592653589793,3.14661642352551
6,411.0568173667359,0,136.9571481919566,136.9571481919566,-1.169950459990893,-0.8621907567534672,3.141592653589793,3.156631184669211
7,439.0810178172181,0,156.0285067399706,156.0285067399706,1.096116633669965,0.7578172218606286,3.141592653589793,3.159754878644845
8,411.9291063658479,0,40.34792690514934,40.34792690514934,0.2200819903207407,1.793997567930949,3.141592653589793,3.513803444493365
9,455.0847501900449,0,154.7568478352351,154.7568478352351,-0.7168278212742997,-1.381736863566765,3.141592653589793,3.211184895893048
10,429.2242304562674,0,144.3009358856503,144.3009358856503,-1.165829091477194,-1.663256773551623,3.141592653589793,3.180729271721078
11,355.0252834163779,0,92.73808689643072,92.73808689643072,0.4659567192646365,0.6951979072327117,3.141592653589793,3.149945384185314
12,448.7055373417464,0,166.4830238166916,166.4830238166916,0.6619095577880755,0.7586439355800308,3.141592653589793,3.143081599471473
13,318.0751887387238,0,48.42212260708887,48.42212260708887,0.9872265520720364,0.7193849558609775,3.141592653589793,3.152989616498958
14,415.955417365993,0,141.9417155085386,141.9417155085386,-0.02883573622358137,-0.2669313653031832,3.141592653589793,3.150602153505925
15,384.5664886696584,0,98.86963591621603,98.86963591621603,-0.5379351852477943,-1.28356146723513,3.141592653589793,3.228864034529731
16,302.3582488625079,0,13.57652890825964,13.57652890825964,0.2628354166008053,0.08950509883776568,3.141592653589793,3.146370575781752
17,568.7030232707001,0,238.9593767470036,238.9593767470036,-1.21706629305835,-1.467457081261055,3.141592653589793,3.151555163392532
18,370.9551369073051,0,88.35460245079149,88.35460245079149,-0.5790348003581284,0.140546497422046,3.141592653589793,3.222949215424338
19,457.7933048013471,0,149.0268404055784,149.0268404055784,1.951281544643178,2.758370421253516,3.141592653589793,3.243608616315707
20,365.8298952734085,0,100.3055211309362,100.3055211309362,0.04252482987898932,0.3729135493787633,3.141592653589793,3.158917711347045
21,493.8629239584187,0,181.6068069335136,181.6068069335136,-1.253550489879575,-0.634129819557099,3.141592653589793,3.202075322023532
22,379.5899254889047,0,115.4269979950785,115.4269979950785,0.1042133153510886,0.2530411609024831,3.141592653589793,3.14511591657618
23,332.0091835061062,0,70.55364640966323,70.55364640966323,2.056668447938115,2.164334459552057,3.141592653589793,3.143437031522377
24,516.7133408169283,0,162.811225005342,162.811225005342,-0.0993559854738722,-1.239857951460252,3.141592653589793,3.342207225099628
25,438.0533473086624,0,46.85821032639212,46.85821032639212,-0.6744492872607983,1.046773921739826,3.141592653589793,3.582207941520392
26,416.653963741699,0,129.1931776121731,129.1931776121731,-1.19247853860977,-0.5482274807789413,3.141592653589793,3.206971129680699
27,418.4864134530554,0,145.2458565994831,145.2458565994831,0.97017065769085,1.100839825349223,3.141592653589793,3.144308959448147
28,397.2849829711867,0,126.8947452646973,126.8947452646973,-0.06753010884872947,0.2293013934540574,3.141592653589793,3.155584469135423
29,371.2052728327283,0,76.95017621560682,76.95017621560682,0.8618556872444907,-0.02935448366539511,3.141592653589793,3.265556609495935
30,309.6188655074033,0,34.14310892156085,34.14310892156085,0.6955932778200149,0.470808220067325,3.141592653589793,3.14962421937574
31,321.9601691404285,0,52.50392089844114,52.50392089844114,-0.2793743508957551,0.04203813398340719,3.141592653589793,3.157991511471422
32,381.4133686738454,0,104.3426514175123,104.3426514175123,-0.5014149353896873,0.08770655876739053,3.141592653589793,3.196352379817849
33,398.8450315524735,0,131.4084899685857,131.4084899685857,0.7523521155376576,0.7631003609235559,3.141592653589793,3.141611039875598
34,396.3226956724008,0,117.6822863663326,117.6822863663326,-0.5339383731953575,-1.09335690357591,3.141592653589793,3.191011358993022
35,564.6546955886388,0,238.9085265372324,238.9085265372324,2.047517402138192,1.96625462821082,3.141592653589793,3.142643479543254
36,331.7510679297228,0,58.69687234999928,58.69687234999928,-2.828251381696887,-2.341195404453094,3.141592653589793,3.179123767024219
37,391.3696654373112,0,80.12635427426136,80.12635427426136,1.582688280956576,0.498085879761949,3.141592653589793,3.323547317214922
38,474.7504607663298,0,61.31259605680133,61.31259605680133,-0.05413040013918414,1.806472571152602,3.141592653589793,3.651225522734686
39,351.2368457719799,0,32.07309178967509,32.07309178967509,-1.396377296599172,-2.460479596975512,3.141592653589793,3.31691394322427
40,364.3686130044714,0,68.8189780923,68.8189780923,0.9718803492670854,1.87596680312485,3.141592653589793,3.269094173794702
41,398.1928089795733,0,130.3622676416949,130.3622676416949,-0.5265809380536424,-0.6477152578665425,3.141592653589793,3.143927150002985
42,365.3470550197428,0,99.08331535737088,99.08331535737088,-1.445346594061715,-1.086413308479732,3.141592653589793,3.162030598300407
43,364.876543686241,0,22.84241984575515,22.84241984575515,1.954475264330879,3.20639283251023,3.141592653589793,3.381848902391332
44,523.6505297260404,0,207.3358774300956,207.3358774300956,0.3463165942069552,0.7756396479228622,3.141592653589793,3.170792122726009
45,779.3872187480094,0,352.0717629803984,352.0717629803984,-1.035889530140152,-0.6539422881344603,3.141592653589793,3.164725595808444
46,373.1541419374036,0,110.0285028671134,110.0285028671134,0.04314775182823372,-0.1105325238107202,3.141592653589793,3.145349269669399
47,451.1209621186804,0,86.17047681796352,86.17047681796352,1.666983931244268,0.1447687545331242,3.141592653589793,3.49095165324573
48,356.7651001907632,0,89.73952277705871,89.73952277705871,0.3258979688635167,0.7304355186524806,3.141592653589793,3.167531377946968
49,352.284443167015,0,70.66863480059637,70.66863480059637,0.4940865566964878,-0.2082306513700844,3.141592653589793,3.21913868322503
50,461.2998073890482,0,171.2380308379311,171.2380308379311,-0.3342099809918662,-0.6587885128007611,3.141592653589793,3.158315314277625
51,349.6642316461987,0,78.73296104918617,78.73296104918617,-2.262695832274761,-1.757902410127021,3.141592653589793,3.181889501559252
52,332.2760320079256,0,65.32809822650283,65.32809822650283,-0.8927940778361362,-0.5415591273094206,3.141592653589793,3.161165986081854
53,360.6004501764689,0,97.48583133351714,97.48583133351714,0.5516396718229729,0.3011405848584633,3.141592653589793,3.151563769568912
54,483.1733173613405,0,188.996017304395,188.996017304395,-1.962128482202603,-1.862489572526363,3.141592653589793,3.143172332757278
55,339.7443076524997,0,79.6343493077338,79.6343493077338,1.504111829085562,1.458628384988181,3.141592653589793,3.141921887122008
56,510.1336050576946,0,145.4752786413815,145.4752786413815,1.084147644236072,2.38951077558824,3.141592653589793,3.401996076685406
57,330.0835200001088,0,29.0872598649528,29.0872598649528,-2.083677640304203,-2.879208445787994,3.141592653589793,3.240752021300464
58,356.4695176968831,0,89.08590018407349,89.08590018407349,-1.109176968988502,-0.6938781636709739,3.141592653589793,3.168923712995869
59,317.8378492919871,0,52.42346868182607,52.42346868182607,-2.189348182134343,-2.222658920581019,3.141592653589793,3.141769247794182
60,381.7653849297608,0,105.2051945863972,105.2051945863972,-1.785122189173842,-1.208539030418679,3.141592653589793,3.19406520597959
61,400.1789181224239,0,107.7120210840407,107.7120210840407,0.2536822456935623,-0.5581209655636847,3.141592653589793,3.244784870356884
62,406.134532644064,0,109.3472936443773,109.3472936443773,0.1175827313874998,0.9779378649035709,3.141592653589793,3.257271151878027
63,337.0434722985178,0,72.91872516888535,72.91872516888535,1.021816758829644,1.3102155759938,3.141592653589793,3.154802415180869
64,614.3784857394666,0,121.158086151302,121.158086151302,0.1791675557217129,-1.90375386904865,3.141592653589793,3.769372104589405
65,682.0629367645861,0,304.48447935399,304.48447935399,1.788582527779103,1.594205710332237,3.141592653589793,3.147600156984704
66,412.1971823419442,0,141.3387022385966,141.3387022385966,-2.191120316189072,-2.191344099819931,3.141592653589793,3.141592661560132
67,343.8468445485333,0,82.18938437345189,82.18938437345189,-1.132610929563555,-0.9295646142927498,3.141592653589793,3.14814742463475
68,393.1422676623251,0,80.68580767190326,80.68580767190326,-1.5688520744805,-0.4723135761527498,3.141592653589793,3.327461657090016
69,404.8386127012754,0,110.5528851354529,110.5528851354529,-2.986370640196351,-2.161328096168933,3.141592653589793,3.24812247314423
70,471.8603325158826,0,182.0942859470043,182.0942859470043,1.813502677826903,1.795096191388072,3.141592653589793,3.141646574621719
71,318.992277116579,0,39.46502575462253,39.46502575462253,0.1849869692882092,0.6597897067325593,3.141592653589793,3.17726958890397
72,338.1166890839398,0,50.00697188186502,50.00697188186502,0.2274807120927942,-0.5123579491003462,3.141592653589793,3.227532439137586
73,466.2143921845926,0,41.51201856054288,41.51201856054288,-0.348478863856749,1.572339103396568,3.141592653589793,3.682274577542056
74,394.5362892462526,0,122.7098453934205,122.7098453934205,0.4639838281373431,0.8418964850795276,3.141592653589793,3.164241200883153
75,422.4542698441608,0,117.2076172061835,117.2076172061835,0.2569002351701505,1.184964324851036,3.141592653589793,3.275806367239152
76,333.1751368830748,0,72.21539802776304,72.21539802776304,-1.136006010349387,-1.208425380004791,3.141592653589793,3.142427241192808
77,348.8796427206769,0,84.22558640582191,84.22558640582191,0.7244574672157853,0.3900098886801515,3.141592653589793,3.159344802942171
78,491.6230108474914,0,163.2600067594271,163.2600067594271,2.226438440650593,1.302060865421433,3.141592653589793,3.274763854490259
79,360.8106959889673,0,54.65309003134223,54.65309003134223,0.8937248445441173,-0.1154604638244554,3.141592653589793,3.299705954735411
80,389.7260031022809,0,110.4508566718438,110.4508566718438,1.818466898332799,1.213561406410798,3.141592653589793,3.199299150633894
81,333.4694642779508,0,62.93980991727518,62.93980991727518,1.57145460080899,2.017650234713277,3.141592653589793,3.173120694963336
82,360.921479287336,0,50.72349760281823,50.72349760281823,0.3896886441737466,-0.655446963619196,3.141592653589793,3.310877956036145
83,399.8373869791963,0,131.4155627672657,131.4155627672657,-1.882073383348596,-2.022873841004517,3.141592653589793,3.144746280698249
84,324.1920802899311,0,58.53174554941638,58.53174554941638,-2.239080339535919,-2.470662631323137,3.141592653589793,3.150116626247157
85,400.6160580364107,0,99.51682351182076,99.51682351182076,-1.717937559676033,-2.659013275826339,3.141592653589793,3.279516413225762
86,412.1176095559243,0,124.1252622657054,124.1252622657054,1.728408154855034,1.048436043604314,3.141592653589793,3.214337641438453
87,610.1472084198911,0,101.217204827666,101.217204827666,2.041240323932994,-0.1845825746329761,3.141592653589793,3.850180771972918
88,560.9062611530854,0,211.3714783258599,211.3714783258599,-0.4121259042634261,-1.216868193135425,3.141592653589793,3.243025524504594
89,906.889834256247,0,73.031059255675,73.031059255675,-2.104199176785158,1.210441639761611,3.141592653589793,4.566886044539231
90,398.9350006196789,0,116.9212436948495,116.9212436948495,-0.02009992150239396,0.6022333002516531,3.141592653589793,3.202640010989079
91,306.5280569421894,0,5.576675283405868,5.576675283405868,-1.774844377010822,-1.365148734491358,3.141592653589793,3.168194268126371
92,328.1448577211402,0,61.78856945647097,61.78856945647097,0.8566479686022174,0.5553211190624078,3.141592653589793,3.156010499244725
93,464.8863581658654,0,100.0520288989336,100.0520288989336,0.4389791383741756,-1.047506737692328,3.141592653589793,3.475520775485964
94,430.625773623203,0,128.5467520713563,128.5467520713563,-0.4638256493955671,-1.305839224359201,3.141592653589793,3.252474636567117
95,681.6542990338726,0,294.8527668302276,294.8527668302276,0.7643706484650447,0.2735299810293005,3.141592653589793,3.179705798009955
96,417.9206746026181,0,142.5968039419307,142.5968039419307,0.1426081828706993,0.4202161764757976,3.141592653589793,3.153834269457228
97,373.3559290364995,0,43.82330765629337,43.82330765629337,2.463180905630256,1.234914340754151,3.141592653589793,3.37316515389951
98,339.2715686145657,0,78.86863671460307,78.86863671460307,-0.4864266616393272,-0.574741543638992,3.141592653589793,3.142833740348346
99,330.5917883431472,0,52.78163153565703,52.78163153565703,0.7462524857804834,0.1859755085713209,3.141592653589793,3.191161965848802
100,487.2559228947666,0,149.8363281953721,149.8363281953721,0.2500531122821015,1.329072842775349,3.141592653589793,3.321729666887882
101,465.5022096012819,0,26.09207249428273,26.09207249428273,0.8252905450515874,-1.150069102259697,3.141592653589793,3.711017399220208
102,344.3967382201632,0,84.53918014239096,84.53918014239096,-0.8652587321540579,-0.8922634132368349,3.141592653589793,3.141708715633857
103,452.5050130775082,0,126.5941281068046,126.5941281068046,0.574660444566148,-0.51699513654346,3.141592653589793,3.325855725803077
104,587.3100792867183,0,251.0127679114098,251.0127679114098,0.14619366198105,-0.03781818566044657,3.141592653589793,3.146977083037275
105,515.1362754551297,0,196.3754810202776,196.3754810202776,-0.09501371992700862,-0.6748535751983055,3.141592653589793,3.19465470103584
106,395.015425901729,0,74.47531486778757,74.47531486778757,-0.102200379144589,-1.282827853206887,3.141592653589793,3.35611168371973
107,321.9367019672811,0,22.34486555904599,22.34486555904599,0.5808350479394908,-0.1165414457446104,3.141592653589793,3.218064383295102
108,383.5451739877496,0,96.24951582659465,96.24951582659465,1.613397374879962,0.8384238981679089,3.141592653589793,3.23576703282182
109,305.009448246317,0,16.6692287102446,16.6692287102446,-1.466547825977147,-1.177278070127657,3.141592653589793,3.154882151957278
110,422.3446971842307,0,132.9760245144052,132.9760245144052,1.123609693168857,0.4725182453638379,3.141592653589793,3.208352298999316
111,664.0148783312277,0,131.8024001822429,131.8024001822429,-0.2115224785120406,1.979744468025002,3.141592653589793,3.830307459209395
112,522.4285745854819,0,203.1671925783674,203.1671925783674,-1.610159707174572,-1.087476934959738,3.141592653589793,3.184776551260629
113,403.3839406081817,0,68.66787906373099,68.66787906373099,1.914383274156617,0.6035253490060092,3.141592653589793,3.404108238734414
114,390.9325734007836,0,109.6192798133769,109.6192798133769,2.635828555871815,1.992966368647065,3.141592653589793,3.206692406959661
115,386.8364461413802,0,100.0930401410809,100.0930401410809,-1.252163780440833,-0.4946803609298944,3.141592653589793,3.231622739727418
116,376.9426740053171,0,103.6539202222146,103.6539202222146,-1.42364829626962,-1.941308978182426,3.141592653589793,3.183956184165823
117,428.46386256637,0,75.27396168533198,75.27396168533198,0.2288624148518298,1.683840172027935,3.141592653589793,3.462161849909181
118,388.2559422253876,0,87.78434236565074,87.78434236565074,-0.3510542324458023,0.6070965239364314,3.141592653589793,3.284456922086999
119,413.4325174895574,0,118.1961933634103,118.1961933634103,0.4476258957052102,-0.3590150956265125,3.141592653589793,3.243497200551587
120,344.0619986166336,0,61.70748515661516,61.70748515661516,-1.541166664691022,-0.8481842960944805,3.141592653589793,3.217115006379944
121,345.9596096898089,0,61.38651402439574,61.38651402439574,2.581008656771489,1.851399149080217,3.141592653589793,3.225203006758312
122,387.2943702725358,0,76.14088076040549,76.14088076040549,0.5588065153119575,-0.5274832532010023,3.141592653589793,3.324098353277968
123,371.5481413058955,0,63.16851065328659,63.16851065328659,0.03815229162405509,-1.013316062934085,3.141592653589793,3.312882446107402
124,358.1987086724851,0,89.00143228857948,89.00143228857948,0.5244935766118638,0.06209057942906605,3.141592653589793,3.175440273866443
125,380.5651657199599,0,32.37383394403088,32.37383394403088,-0.4122586047119786,0.947064815364729,3.141592653589793,3.423063622175082
126,424.9902016544818,0,108.4657557205447,108.4657557205447,-1.302382778950611,-2.377347213385686,3.141592653589793,3.320414572969719
127,352.6145471313573,0,88.72745901398847,88.72745901398847,-0.8788993770845251,-1.183867090044535,3.141592653589793,3.156360199191058
128,361.5816967801712,0,54.53770755294514,54.53770755294514,-1.525206813415141,-2.544577011040729,3.141592653589793,3.302835145885515
129,368.0100811876046,0,103.6803024515399,103.6803024515399,-2.091009312675251,-2.3606978100072,3.141592653589793,3.15314704488746
130,345.6968545612634,0,45.95812482150932,45.95812482150932,-1.732693356153243,-0.8378705113381489,3.141592653589793,3.266544401151213
131,314.8331847339515,0,40.38707445628197,40.38707445628197,0.6188167859388748,0.2923101625277664,3.141592653589793,3.158514045594966
132,324.596589666538,0,59.81036160645173,59.81036160645173,1.83879681825458,2.039486602596009,3.141592653589793,3.147996313630047
133,414.4686379468322,0,106.9567384057239,106.9567384057239,1.939323995722361,2.928736143289079,3.141592653589793,3.293712312701573
134,414.7232724971568,0,142.4751232707444,142.4751232707444,-0.1076974133861628,0.02880822935794958,3.141592653589793,3.144556914986647
135,522.6080236079856,0,202.6177377237287,202.6177377237287,1.001940869457802,0.4631045247955117,3.141592653589793,3.187467491193969
136,446.3970918527386,0,134.3787820911369,134.3787820911369,-0.2943162194404763,0.6282620400934474,3.141592653589793,3.274256411164831
137,358.3487193536046,0,46.03120977240837,46.03120977240837,1.319257121336949,0.2658816903636012,3.141592653589793,3.313488222352336
138,318.5733716032266,0,30.23463869199013,30.23463869199013,-1.039784614311515,-1.610387848350061,3.141592653589793,3.19299114495869
139,414.5206129226436,0,136.0079201335297,136.0079201335297,-1.140336858388876,-1.574077972183194,3.141592653589793,3.171393345973485
140,453.6059654441909,0,51.16594548681921,51.16594548681921,-2.76155369071521,-0.9655150198226267,3.141592653589793,3.618751070249369
141,506.7929969949533,0,139.489191461669,139.489191461669,-1.352799029140489,-2.704127824720109,3.141592653589793,3.419896769619227
142,382.852719998916,0,109.8488497021732,109.8488497021732,-2.654180081770991,-3.139682371362031,3.141592653589793,3.17888610590054
143,471.5976524666471,0,26.60193084838876,26.60193084838876,-2.519588235720912,-0.5115107966049414,3.141592653589793,3.728535825572273
144,393.4736639466317,0,127.0330022827136,127.0330022827136,-1.060049528518568,-0.9761721305492453,3.141592653589793,3.142712175650112
145,335.3461606312991,0,61.69790954253506,61.69790954253506,1.023390671413164,0.5049498212247763,3.141592653589793,3.18408312018286
146,412.6375633872244,0,141.028923714233,141.028923714233,-0.2653990554516697,-0.1357847830110006,3.141592653589793,3.144265297443853
147,385.5995144910608,0,119.7082744609614,119.7082744609614,-0.8082887765872181,-1.000627337705605,3.141592653589793,3.147474944011858
148,362.9808977213901,0,102.1413350496571,102.1413350496571,0.2478031385697695,0.2746414599105654,3.141592653589793,3.141707290086355
149,330.6867697648185,0,35.43329430246921,35.43329430246921,0.9665046885549382,0.2080894478370444,3.141592653589793,3.231841282990632
150,412.6345353929511,0,141.645306059951,141.645306059951,0.2969898827189225,0.2790565822110166,3.141592653589793,3.141643837922508
151,348.9590721036554,0,85.5981751201417,85.5981751201417,1.227132144986778,0.9406794793023823,3.141592653589793,3.154625101460878
152,510.0111483259126,0,157.5598821136977,157.5598821136977,1.654221362527715,0.4967124656433516,3.141592653589793,3.348048871724516
153,371.7754490828769,0,107.8994035075283,107.8994035075283,0.3011006386412878,0.08184827873841281,3.141592653589793,3.149234192373177
154,430.4420530485793,0,117.1249430479862,117.1249430479862,-1.451069967297578,-2.463519528401346,3.141592653589793,3.300705760116852
155,407.8570906343836,0,82.03423012333604,82.03423012333604,-0.4230164105371163,-1.645805848717519,3.141592653589793,3.37117463374636
156,385.6027924584444,0,90.65005801418006,90.65005801418006,-1.820798205900464,-0.9333850528201403,3.141592653589793,3.264522400803725
157,340.3311688109818,0,79.89844541211275,79.89844541211275,-2.190880991605981,-2.29108467226749,3.141592653589793,3.143190286748079
158,365.4498874159775,0,103.4492078262223,103.4492078262223,0.1093092258267764,0.2591315780883033,3.141592653589793,3.145163133817789
159,302.0533703909704,0,11.09229211262773,11.09229211262773,-0.4733396154406061,-0.2922298900231604,3.141592653589793,3.146808722139009
160,354.0490112461871,0,91.79611092822319,91.79611092822319,-1.433666764301848,-1.66376153239108,3.141592653589793,3.15000761957672
161,369.4311931489045,0,90.94251524308697,90.94251524308697,-0.9408920718656663,-1.589314881074603,3.141592653589793,3.207811799434587
162,409.9322919781256,0,69.02798414768117,69.02798414768117,-0.2685132266266786,1.094381907386678,3.141592653589793,3.424483544624889
163,382.7659414044628,0,83.19757077265631,83.19757077265631,0.6641616813458032,-0.2890946085013016,3.141592653589793,3.283032432861793
164,378.0779878337297,0,103.8435782326925,103.8435782326925,1.174981864269081,0.6385634470734789,3.141592653589793,3.187059635368625
165,428.7597336109555,0,116.0485115994101,116.0485115994101,-0.6677840204967598,-1.678352390366635,3.141592653589793,3.300129214329465
166,331.9585924672392,0,69.32426197806892,69.32426197806892,-0.8679926690545158,-1.056490660847332,3.141592653589793,3.147242585820051
167,425.2938136421313,0,149.1529958667807,149.1529958667807,1.234358763292889,1.439428676837722,3.141592653589793,3.148278588456022
168,311.7689073702633,0,38.49333983270279,38.49333983270279,-2.017177467311818,-1.787297327863708,3.141592653589793,3.149991949132893
169,388.4636445191354,0,78.2114492242856,78.2114492242856,-0.7528241621805453,0.3229221859839134,3.141592653589793,3.320667795290358
170,320.549424177462,0,32.91561586292697,32.91561586292697,0.1852169415820292,0.774125477597986,3.141592653589793,3.196313136237094
171,471.4696360664171,0,160.8163353194319,160.8163353194319,0.2825165755373206,-0.4716583962609642,3.141592653589793,3.23084884963322
172,384.8069661741962,0,116.3178469541731,116.3178469541731,-0.3429223897067624,-0.6728252712121219,3.141592653589793,3.158866934885813
173,338.1136261966378,0,36.66465979478131,36.66465979478131,-0.6693855528790325,-1.533573762996675,3.141592653589793,3.258285693980148
174,419.0504242711212,0,110.5486088155563,110.5486088155563,-0.1088761526596331,-1.096605795229849,3.141592653589793,3.293207288936007
175,499.9550644149699,0,184.4072403168423,184.4072403168423,-2.434678982441173,-1.794870335985469,3.141592653589793,3.206081643559446
176,349.1718121364597,0,81.26939083107705,81.26939083107705,0.9408610395848641,0.5094220130415743,3.141592653589793,3.171079317001387
177,358.0469691888605,0,91.50754030413563,91.50754030413563,-1.666640125814986,-1.278775693799438,3.141592653589793,3.165445184916666
178,366.8339956751437,0,73.51476528857017,73.51476528857017,0.9417498135404578,0.06338000349089956,3.141592653589793,3.262075707934421
179,375.5376678026017,0,112.3004204829898,112.3004204829898,1.659547509811813,1.788316446332983,3.141592653589793,3.144230564081163
180,376.9225548741724,0,101.4542867352488,101.4542867352488,0.8087772333379051,1.377575962297097,3.141592653589793,3.192669164688842
181,344.8227174849728,0,73.9300954363229,73.9300954363229,-0.2293176090817031,-0.7259353232958292,3.141592653589793,3.180602703130433
182,871.6221090856556,0,319.8253510180564,319.8253510180564,1.072616909256485,-0.2694117229469691,3.141592653589793,3.416232610748752
183,324.2718691546496,0,19.20996256210185,19.20996256210185,2.478860245481778,1.723619699867993,3.141592653589793,3.23109775197662
184,401.698018573924,0,133.1576917996929,133.1576917996929,1.003637887964758,0.8994133867683913,3.141592653589793,3.143321037969076
185,310.595457911756,0,39.83372658854046,39.83372658854046,-1.499415665602597,-1.570754647869312,3.141592653589793,3.142402528556806
186,393.37163716536,0,122.3082383545638,122.3082383545638,-1.686343018377503,-1.326464960571487,3.141592653589793,3.162137982058909
187,513.7400911190502,0,208.4539628750987,208.4539628750987,1.120525199211832,1.162580088896837,3.141592653589793,3.141874124600757
188,405.0502352859129,0,82.02690013267421,82.02690013267421,-0.6525242542471392,-1.849841891720554,3.141592653589793,3.362019322683063
189,412.5254983364227,0,114.1332340619827,114.1332340619827,-1.030350411652745,-1.892328019330519,3.141592653589793,3.257700077850516
190,431.6891800343125,0,145.3366852352458,145.3366852352458,-0.5067319422233054,0.009049328383076887,3.141592653589793,3.18365116182626
191,328.7478476008251,0,65.33033462653282,65.33033462653282,-0.6150645395573017,-0.4217997607509152,3.141592653589793,3.147531679874952
192,337.4449386246359,0,31.29404332244307,31.29404332244307,1.034262525651853,0.1423012527239791,3.141592653589793,3.265761674325374
193,318.0371873854367,0,47.00930914319479,47.00930914319479,0.07874235527602917,0.3831958072057999,3.141592653589793,3.15631055276272
194,343.1109111480304,0,81.70990648219043,81.70990648219043,1.225415048339341,1.038797001415949,3.141592653589793,3.147130549647863
195,373.1687502865043,0,99.00964060840083,99.00964060840083,1.251473500129589,0.7008627467869948,3.141592653589793,3.189479048808106
196,353.2602200160964,0,93.25042820098987,93.25042820098987,-0.8159088455326969,-0.8340029327917735,3.141592653589793,3.14164475984843
197,403.3113366400867,0,134.6854177069993,134.6854177069993,-0.5284507325948812,-0.5778981334962212,3.141592653589793,3.141981770562213
198,311.3095625796238,0,33.03071768947621,33.03071768947621,2.213561976648588,1.886281475735716,3.141592653589793,3.15859413780358
199,490.756402184592,0,193.1934374235554,193.1934374235554,0.09469824846187579,0.2553353153786024,3.141592653589793,3.145696849405068
200,335.6433750836643,0,34.66061085999833,34.66061085999833,0.04547178634521067,-0.7972225769923056,3.141592653589793,3.252650948240555
201,342.4759656023189,0,38.08390022274735,38.08390022274735,-1.769902118587106,-0.8549465636509958,3.141592653589793,3.272116756565664
202,557.9475831661694,0,210.54935744069,210.54935744069,-0.06423871212811724,0.7262508997075535,3.141592653589793,3.239518209164669
203,316.2337714889219,0,30.22387431543045,30.22387431543045,-1.409093057618173,-0.8940312503792193,3.141592653589793,3.183534681194099
204,419.761427544292,0,92.49369128793451,92.49369128793451,-0.004522240318402882,1.212678885870794,3.141592653589793,3.369151671071756
205,347.3212980113524,0,61.56961308304539,61.56961308304539,1.180007669863031,0.4306119000231613,3.141592653589793,3.229736586928297
206,359.0383144991975,0,45.70603741017721,45.70603741017721,-0.2053315525257747,0.858475045432441,3.141592653589793,3.316819090476414
207,305.7165433953669,0,24.75460581785249,24.75460581785249,0.02362803333500495,0.2324401811322333,3.141592653589793,3.148524561466378
208,420.2783336978086,0,146.4344710529461,146.4344710529461,0.4405626482201238,0.5804791009519058,3.141592653589793,3.14470682494162
209,392.000874367134,0,110.2128807273226,110.2128807273226,0.9443604127109758,0.2960996064719722,3.141592653589793,3.207779056293466
210,417.1647139281119,0,103.3586466756491,103.3586466756491,2.226062800348637,1.161502651402376,3.141592653589793,3.317060854403163
211,399.109704787479,0,131.6128369277563,131.6128369277563,-1.918200288801495,-1.922685498994382,3.141592653589793,3.141595855325734
212,404.3123991429479,0,135.5131893638037,135.5131893638037,1.618215236520369,1.636200204727679,3.141592653589793,3.141644133279703
213,561.1298502615153,0,205.2717365234001,205.2717365234001,0.9818256486085351,0.07931010327259991,3.141592653589793,3.268660078788
214,356.8644781402492,0,77.22145250185663,77.22145250185663,-1.342762437555603,-2.01851497491052,3.141592653589793,3.21344766455453
215,381.5515859711096,0,117.856785903715,117.856785903715,-0.4362920588542955,-0.4601560305903515,3.141592653589793,3.141683289295147
216,520.1209155044859,0,201.466652845524,201.466652845524,-1.191897317471444,-1.722327289722374,3.141592653589793,3.186057180364389
217,414.340678154651,0,137.8351736166932,137.8351736166932,1.015532383853633,0.647517971090531,3.141592653589793,3.163074297118348
218,339.1626084799673,0,73.91441923004368,73.91441923004368,-0.7294607923206338,-0.3939234652501657,3.141592653589793,3.159460349323433
219,488.9233998997875,0,174.3452622566425,174.3452622566425,0.3747748489173836,-0.3310045522569394,3.141592653589793,3.219895800210209
220,479.3016759413233,0,186.4899518493693,186.4899518493693,0.7789857925731675,0.8826505419935425,3.141592653589793,3.143302527813979
221,315.9573561042185,0,37.26950732357763,37.26950732357763,-0.6472028777522708,-1.067040817012006,3.141592653589793,3.169521777229369
222,520.7334032550124,0,148.1305696794347,148.1305696794347,-0.519539445853288,0.8262125914083062,3.141592653589793,3.417697023857306
223,615.6897971811816,0,250.7513689093138,250.7513689093138,0.4725559869317821,1.124313600595274,3.141592653589793,3.208487554605392
224,393.9850518227231,0,119.7552340248109,119.7552340248109,0.5266248423515739,0.06876971602952381,3.141592653589793,3.174781207861219
225,318.1581640878001,0,46.14353593042902,46.14353593042902,-1.496973986614831,-1.166903775469894,3.141592653589793,3.158884414690512
226,429.4115688742929,0,153.3739227010029,153.3739227010029,-0.4122242938923203,-0.4929463651339269,3.141592653589793,3.142629544485779
227,458.371610009267,0,159.767893665075,159.767893665075,0.4776845279885365,-0.1253678754323277,3.141592653589793,3.198949296622414
228,317.7937370249487,0,50.71413738727206,50.71413738727206,-1.669294257057524,-1.501783112268453,3.141592653589793,3.146055368984771
229,417.4653407388647,0,64.20789496819172,64.20789496819172,-1.544520279775926,-0.08255672106637885,3.141592653589793,3.465103439737989
230,478.1526736413214,0,170.7526511307737,170.7526511307737,0.2090695734192922,0.850671710858905,3.141592653589793,3.206440035905309
231,305.6250845198348,0,28.89315567447652,28.89315567447652,-1.245391701743829,-1.299142714587566,3.141592653589793,3.14205244584986
232,332.2079693688006,0,49.92594238477125,49.92594238477125,-0.8337534952343556,-1.467894300695804,3.141592653589793,3.20495537601394
233,415.7260251262556,0,140.8554710175139,140.8554710175139,1.908455058903466,2.193644828256901,3.141592653589793,3.154510676100688
234,337.4037989388088,0,42.10183399329225,42.10183399329225,-0.7171190552979321,0.09141370695314482,3.141592653589793,3.243968191694042
235,623.8978619322849,0,165.5077287450472,165.5077287450472,-0.3089379267903712,-2.035960332711815,3.141592653589793,3.58499801835985
236,356.4355121738889,0,70.36803654765463,70.36803654765463,-1.792492598362212,-1.019423251784237,3.141592653589793,3.235311517567953
237,466.7562622290613,0,152.0944073085492,152.0944073085492,2.053889359465594,1.200146749646063,3.141592653589793,3.255530808472072
238,306.2154029745518,0,25.96023528033197,25.96023528033197,0.6236140920484401,0.4089340099567694,3.141592653589793,3.148919169927397
239,379.1101564511368,0,99.55184549041525,99.55184549041525,-1.509550528879753,-0.8617734387658903,3.141592653589793,3.207681336973132
240,604.9584502121018,0,190.1795329352297,190.1795329352297,0.2224345741986417,1.605532940376502,3.141592653589793,3.43257417860317
241,434.3098515127645,0,101.2339399569077,101.2339399569077,1.537441347637096,0.2927664229936635,3.141592653589793,3.379174465624037
242,396.7671950361965,0,88.30371298359965,88.30371298359965,-3.269723703495725,-2.224383094063713,3.141592653589793,3.310942674045723
243,309.3843433656899,0,36.93398272967386,36.93398272967386,0.610009567786816,0.5052384984005457,3.141592653589793,3.143339208241723
244,429.1736889814537,0,139.0492168718767,139.0492168718767,-0.9962021398469719,-0.371727589270487,3.141592653589793,3.203056800215547
245,334.0683142715574,0,32.67237655084123,32.67237655084123,0.223489986991677,-0.6097540135587175,3.141592653589793,3.250215372178063
246,454.4269801661559,0,156.5865705134928,156.5865705134928,0.6146328211420454,-0.00158319756803274,3.141592653589793,3.201456946892189
247,354.7501388424894,0,23.1124382436311,23.1124382436311,-0.1083516487425733,-1.254360776327454,3.141592653589793,3.344090507387205
248,382.1593960916343,0,45.69764737678796,45.69764737678796,0.6715789788981217,1.970938084045771,3.141592653589793,3.399696822544542
249,386.078938953224,0,118.8707455566043,118.8707455566043,0.4879511109059979,0.2255873692943677,3.141592653589793,3.152529006052413
250,380.034335325524,0,77.173387735587,77.173387735587,-0.1690572234616004,0.8263786707434866,3.141592653589793,3.29552681988195
251,564.5540440882019,0,238.975853833591,238.975853833591,-1.273926655237041,-1.333586088123761,3.141592653589793,3.14215907442983
252,396.3408476996199,0,86.2350613373478,86.2350613373478,-2.031188299383748,-0.9655060326803021,3.141592653589793,3.317421151234126
253,406.2274672657247,0,106.9751396711451,106.9751396711451,-0.2420898657369573,-1.139861344238513,3.141592653589793,3.267353367589772
254,498.9275593557827,0,198.4308718337766,198.4308718337766,0.9664221655112915,1.118271462472885,3.141592653589793,3.145260340588214
255,601.7683869733163,0,61.00835305226421,61.00835305226421,1.736698082747836,-0.7249975764135482,3.141592653589793,3.99118402475047
256,406.7014068635391,0,132.9822748223129,132.9822748223129,1.472272918050625,1.811506147841424,3.141592653589793,3.159854994344464
257,399.6172533041881,0,128.4569938273118,128.4569938273118,0.07494671925055341,-0.2314099039572625,3.141592653589793,3.156494698502225
258,452.630956075985,0,166.4237603786452,166.4237603786452,-2.184437201501724,-1.900044842432276,3.141592653589793,3.154438684613547
259,353.9292656218171,0,68.22254339828616,68.22254339828616,-0.610934028447084,0.1533437333881327,3.141592653589793,3.233222061400238
260,574.490568977888,0,242.8431413454516,242.8431413454516,0.01647217846376279,0.2416413918367457,3.141592653589793,3.149651659428446
261,420.5702455073844,0,146.8974143012622,146.8974143012622,-0.681408177673493,-0.5683592966224972,3.141592653589793,3.143626003613699
262,382.9716677255495,0,88.41368586636737,88.41368586636737,3.09083342574627,2.20479192127715,3.141592653589793,3.264149804885073
263,465.7762576458389,0,177.6966849015586,177.6966849015586,0.08691068290918066,-0.0220859510382173,3.141592653589793,3.14348288802424
264,397.9771067488093,0,127.5781325077512,127.5781325077512,0.8418815323457663,0.5520103692714824,3.141592653589793,3.154937351560471
265,396.2433893306491,0,70.85372717314733,70.85372717314733,-0.3423296088330028,0.8850098307963541,3.141592653589793,3.372827671429281
266,435.5898882282512,0,37.49344701530488,37.49344701530488,-1.031586106449679,0.7199469176819213,3.141592653589793,3.596869796880747
267,326.7997793478244,0,64.713851540474,64.713851540474,-1.590214553854116,-1.548446589752402,3.141592653589793,3.141870297118352
268,388.2870845147779,0,70.62916881678005,70.62916881678005,-0.395108937486787,-1.548585300972543,3.141592653589793,3.346656857553472
269,325.2694420323266,0,29.91878251465936,29.91878251465936,1.122406269358946,1.830250898229588,3.141592653589793,3.220349114569781
270,349.8784069180384,0,70.60153334495666,70.60153334495666,-0.8392553303808048,-0.1776318419410539,3.141592653589793,3.210506197088637
271,401.7071833854936,0,133.050888339618,133.050888339618,-1.018429211003479,-0.9006317396075536,3.141592653589793,3.143800350746948
272,349.0044918707708,0,58.46063818722323,58.46063818722323,-1.594651277806352,-0.7808384337368848,3.141592653589793,3.24528823777824
273,357.367156987593,0,34.8385855926371,34.8385855926371,-0.8349219032799149,-1.952877562891407,3.141592653589793,3.334580821924507
274,362.3142649114611,0,94.71953688206298,94.71953688206298,-0.7502407717464824,-0.3395055021207521,3.141592653589793,3.16832887541743
275,415.0272263789079,0,131.5546890951973,131.5546890951973,0.9249026885348612,1.489314386556421,3.141592653589793,3.191890500307449
276,349.1137049237808,0,75.2633013549767,75.2633013549767,0.4897383486039121,1.054426842868037,3.141592653589793,3.19193945692014
277,430.9713450341884,0,151.2118900205307,151.2118900205307,-0.5110272044591476,-0.2052007448518443,3.141592653589793,3.156443287069371
278,506.9735224655071,0,200.6845990608096,200.6845990608096,0.228196788696461,-0.07782820302745698,3.141592653589793,3.156462528947395
279,345.8057416766146,0,68.95707427635513,68.95707427635513,2.199725121867156,2.812582600405935,3.141592653589793,3.200812192255314
280,415.7259180395602,0,133.4240140312384,133.4240140312384,-1.470996732952058,-0.9402854789073717,3.141592653589793,3.186104021569139
281,367.1383896557817,0,25.17621143276396,25.17621143276396,-3.019268397745956,-1.753893482960974,3.141592653589793,3.386853713412561
282,470.3245337813322,0,154.1279950243268,154.1279950243268,0.5590765153606039,-0.2988219987470322,3.141592653589793,3.256623137791268
283,379.8412201445019,0,112.0691128164496,112.0691128164496,0.2074869236997227,-0.1304217648694619,3.141592653589793,3.159713069710588
284,371.1812286592748,0,58.77215898844786,58.77215898844786,0.4441093100951644,1.533322389370339,3.141592653589793,3.325054816563701
285,418.0138361344654,0,115.7871291041466,115.7871291041466,-0.3316766414884657,0.5684258991060274,3.141592653589793,3.267994642693592
286,445.0211881553661,0,157.290786329218,157.290786329218,-2.252145436817672,-1.817112923533059,3.141592653589793,3.171570224463599
287,406.4481127513945,0,131.9750284955066,131.9750284955066,1.971765664253954,1.60166261370381,3.141592653589793,3.163317984192528
288,351.6660930029884,0,82.22693088861074,82.22693088861074,1.834955408221769,1.363545575786511,3.141592653589793,3.176764333595742
289,399.897302238942,0,122.3991992690576,122.3991992690576,0.7263764220558577,1.237114811878642,3.141592653589793,3.182838058074606
290,330.0878376469277,0,49.68115240726621,49.68115240726621,-1.603652420269309,-1.009228568148699,3.141592653589793,3.197333907657951
291,425.8561635273389,0,36.36835311183633,36.36835311183633,-0.1772890529067961,-1.868939272669505,3.141592653589793,3.568092609099794
292,342.8406274684976,0,45.36461535985315,45.36461535985315,-0.1604229778266853,-1.020368999259698,3.141592653589793,3.257163115483753
293,440.7682688124332,0,126.543339869423,126.543339869423,-1.853044723295809,-2.835072503931842,3.141592653589793,3.291501627377737
294,425.2114377386509,0,95.56765407241868,95.56765407241868,-1.241116882112878,-0.0104310175990257,3.141592653589793,3.374046842917799
295,387.1881124785004,0,117.5001769733113,117.5001769733113,-1.777653968297153,-1.420166571148066,3.141592653589793,3.161866796721486
296,350.1530831337409,0,84.81862093480736,84.81862093480736,1.802834792716604,2.160089909223001,3.141592653589793,3.16184054300013
297,320.8066102044653,0,56.53328718025737,56.53328718025737,0.9714701590241551,1.043352669132874,3.141592653589793,3.142414914734986
298,425.3431432242929,0,141.0908584953576,141.0908584953576,-0.6670535212967229,-0.1566296869865386,3.141592653589793,3.182787597644754
299,362.0776742786251,0,33.35014473717174,33.35014473717174,-1.012702608756421,-2.189494697449674,3.141592653589793,3.354764376390746
300,353.3104988718046,0,68.92060528403255,68.92060528403255,-0.6020463689844738,0.1427521226644274,3.141592653589793,3.228672977285225
301,378.2867781674622,0,115.0347211919747,115.0347211919747,0.2575349156779561,0.1887894938825954,3.141592653589793,3.142344719171845
302,350.8628570793612,0,85.61528841305039,85.61528841305039,0.9174170590830401,1.271762809972627,3.141592653589793,3.161513136500125
303,458.0853107210073,0,153.6546381052065,153.6546381052065,-0.04651756518410788,-0.7727012801256513,3.141592653589793,3.224429746317271
304,360.8500719570774,0,57.44452272645041,57.44452272645041,2.309713497099839,1.326546824789967,3.141592653589793,3.291841598046636
305,368.4035325966476,0,74.25978068202446,74.25978068202446,-2.127049484867162,-1.237599205845731,3.141592653589793,3.265076752534412
306,772.091285909651,0,333.9316467065437,333.9316467065437,-0.5783857761250901,-1.236058437419922,3.141592653589793,3.209694335992757
307,705.0525410465882,0,263.6862262244414,263.6862262244414,0.8715066110579883,-0.2522568582609411,3.141592653589793,3.336532441932054
308,337.9661496029779,0,72.69262292613793,72.69262292613793,-0.1705433589705373,0.1611119793446916,3.141592653589793,3.159050437160247
309,342.7040223358392,0,68.85981444179981,68.85981444179981,-0.5536621034946342,-0.00274526905515117,3.141592653589793,3.189531902890796
310,347.3190633332106,0,12.52306683789316,12.52306683789316,-0.3566194695650475,0.7385779553996951,3.141592653589793,3.327019957971212
311,454.6694955944156,0,169.8962017911345,169.8962017911345,-0.6409338611263917,-0.7977349629887101,3.141592653589793,3.145503296236485
312,378.4385899465308,0,107.4483714160072,107.4483714160072,0.8585578563776205,0.4078046739610115,3.141592653589793,3.173764772718366
313,330.9079967799877,0,52.2690676806389,52.2690676806389,1.137659677287747,0.5627531823269274,3.141592653589793,3.193762965380727
314,526.6168341177139,0,188.6184557139137,188.6184557139137,-1.301348227363336,-0.4471378532707751,3.141592653589793,3.255653508022117
315,326.3788788172411,0,51.04578112164176,51.04578112164176,-0.8502502175561981,-0.3621668940716303,3.141592653589793,3.179281323153567
316,312.997939913512,0,34.54203946861968,34.54203946861968,-0.895149110185653,-0.5299580006135334,3.141592653589793,3.162747057164052
317,371.1370933183773,0,109.0695918148755,109.0695918148755,-1.921459256396438,-1.853688334525619,3.141592653589793,3.142323550963614
318,335.5396113305111,0,71.0365038139048,71.0365038139048,0.03804279934772195,-0.2561950310257924,3.141592653589793,3.155341550753622
319,513.8656672355227,0,207.7836833684978,207.7836833684978,-1.446963493418644,-1.3030944556933,3.141592653589793,3.144885165010859
320,375.7146710360879,0,113.0793380747662,113.0793380747662,-1.962307355729913,-1.982059286663347,3.141592653589793,3.141654745490815
321,355.3865104841808,0,29.37493760717493,29.37493760717493,-3.15728952943093,-2.031882341133425,3.141592653589793,3.337086414907629
322,401.3013487470887,0,60.27432029313051,60.27432029313051,-0.09280744671034021,1.269819993910559,3.141592653589793,3.424377015315694
323,373.9917448635385,0,29.52172822214962,29.52172822214962,1.718430683085429,3.030938379562596,3.141592653589793,3.40474387500751
324,369.7813474040062,0,19.52769230841927,19.52769230841927,-1.27859610481884,0.03139823326220374,3.141592653589793,3.403775780937068
325,688.9965440692475,0,300.3814547643661,300.3814547643661,0.4470501428509121,0.9025869773644509,3.141592653589793,3.174447701362864
326,403.9937714642891,0,133.034650056153,133.034650056153,0.6652006587749845,0.9098537433088163,3.141592653589793,3.151104494119685
327,424.1015565515613,0,148.7620764815722,148.7620764815722,1.812553456120761,1.63939643274144,3.141592653589793,3.1463610339303
328,381.2571896555797,0,116.7703165720379,116.7703165720379,0.4404038446431414,0.590518430591822,3.141592653589793,3.145177068147976
329,427.3880361708546,0,142.1422596170513,142.1422596170513,0.4663145644639354,-0.05439579630049388,3.141592653589793,3.184453435190532
330,341.0062668038753,0,79.6693320863764,79.6693320863764,-1.587275066871592,-1.76333229090064,3.141592653589793,3.146521976281457
331,317.4404801601428,0,50.51073986371855,50.51073986371855,0.1671145541243064,0.01732595635839389,3.141592653589793,3.14516152607621
332,430.4749167181866,0,153.9027462192719,153.9027462192719,-0.6640655856028607,-0.5535738569852114,3.141592653589793,3.143535083816033
333,314.2678473311159,0,38.87688406564039,38.87688406564039,2.000578832748387,1.665660882418938,3.141592653589793,3.159394631023835
334,399.479854268356,0,131.6611055347774,131.6611055347774,0.447395719809614,0.5258909270791398,3.141592653589793,3.142573133381886
335,371.5358132711395,0,102.5108060786753,102.5108060786753,-2.078467753024191,-2.501823404944903,3.141592653589793,3.1699896544157
336,425.3793144282592,0,145.5672005405743,145.5672005405743,2.002498462326576,1.628331098029338,3.141592653589793,3.163796077119147
337,504.548118513821,0,24.37379223459001,24.37379223459001,-0.1948936839809973,-2.382168540613766,3.141592653589793,3.828025039043926
338,306.5440066413246,0,24.20392520363068,24.20392520363068,1.014706996761295,0.7500953609725449,3.141592653589793,3.152716878960773
339,343.050305183231,0,82.66640243887214,82.66640243887214,0.7064955145019042,0.5975398115638191,3.141592653589793,3.143481469054985
340,318.3159039759266,0,49.17338358959102,49.17338358959102,-1.764788426421382,-2.021636949223584,3.141592653589793,3.152074803166167
341,364.2203336407568,0,72.38110729633517,72.38110729633517,1.352312967593597,0.4943875425067908,3.141592653589793,3.256630227105886
342,588.1670478951658,0,226.1617907707293,226.1617907707293,-0.8695822543092669,-0.05716016360181125,3.141592653589793,3.24493976131435
343,392.471079545186,0,103.365446328645,103.365446328645,-0.01855313156029314,-0.7996347960534447,3.141592653589793,3.237235389602793
344,386.0102270225734,0,121.3016686560847,121.3016686560847,2.346073050858005,2.283123292710154,3.141592653589793,3.142223269142444
345,507.3596690012347,0,194.4282540986983,194.4282540986983,-0.5089039161643082,0.003842836938647779,3.141592653589793,3.18316095004745
346,347.4018740783253,0,85.86326422774471,85.86326422774471,0.930710791540327,1.13064204608955,3.141592653589793,3.147948047162625
347,366.5068325624193,0,103.8340302757224,103.8340302757224,-0.1099889562845869,-0.2996864167653466,3.141592653589793,3.147314653415227
348,383.714837721607,0,113.5329737117001,113.5329737117001,0.8824772027654356,0.4845510283923822,3.141592653589793,3.166693802902411
349,428.2702827247155,0,135.8698747423593,135.8698747423593,1.550817557871849,0.8726243053222009,3.141592653589793,3.213961805761423
350,361.1954263383635,0,44.58358792001234,44.58358792001234,-0.1482317541253191,0.9482504434575428,3.141592653589793,3.327443104052344
351,324.8170294470298,0,37.54385039671219,37.54385039671219,0.0333954886540392,0.6652639881800414,3.141592653589793,3.204506545754369
352,844.2775105847402,0,152.9797316907749,152.9797316907749,-0.02649188353657123,2.572802220338475,3.141592653589793,4.077491169767132
353,385.9413134324769,0,88.66391897493851,88.66391897493851,-1.457904461622516,-2.377018691995321,3.141592653589793,3.27328204858108
354,312.8079001841491,0,14.24392826617089,14.24392826617089,-1.086954988477937,-0.5371560117795342,3.141592653589793,3.189339009241252
355,348.7073931673469,0,47.56379640170474,47.56379640170474,0.626887919705544,-0.2944142874898629,3.141592653589793,3.27389709033019
356,387.9234446769742,0,79.63169378959279,79.63169378959279,0.8667156180292025,-0.1873037701767528,3.141592653589793,3.31369299600965
357,309.2789842620681,0,37.34500409240802,37.34500409240802,1.089311081208587,1.145288509542376,3.141592653589793,3.142091321647451
358,359.1103506186088,0,96.75164452777447,96.75164452777447,0.9311703423786811,1.148924406295012,3.141592653589793,3.149130234436397
359,356.5800754038441,0,84.3713843209774,84.3713843209774,0.5270706673075065,-0.0077341915665475,3.141592653589793,3.186788452057125
360,689.0458683882368,0,266.7260296735411,266.7260296735411,-0.1727042882316783,0.8204588146124048,3.141592653589793,3.294841020434862
361,645.0255503077829,0,208.6014419170109,208.6014419170109,-0.1646872434647512,-1.564876541743839,3.141592653589793,3.439496252666173
362,465.5157906778311,0,163.0522471691902,163.0522471691902,0.4261266703462394,1.05953335162926,3.141592653589793,3.204810201085757
363,357.1150262101631,0,91.16962494565846,91.16962494565846,-2.035629255615421,-1.664899085406947,3.141592653589793,3.163391417480954
364,402.1251430913033,0,133.1104467629085,133.1104467629085,-1.068850626499986,-0.9252248686740334,3.141592653589793,3.144874045077233
365,519.1826225432651,0,167.9826103405953,167.9826103405953,2.00570050239047,0.9141153580006502,3.141592653589793,3.325832606813202
366,343.6933414453046,0,63.36992429936281,63.36992429936281,0.18602219212999,0.8483170910992427,3.141592653589793,3.210644629087755
367,401.5870292038092,0,50.59357561624833,50.59357561624833,-2.39544894562655,-0.9610158887778747,3.141592653589793,3.453578230715151
368,495.3362078436792,0,170.536156215362,170.536156215362,0.6157279246773175,-0.2287819096840217,3.141592653589793,3.253121771686756
369,465.921090863785,0,107.7002800563298,107.7002800563298,-0.5355891136161829,-1.952333556209693,3.141592653589793,3.446268883402593
370,398.4436206581543,0,101.4312929519934,101.4312929519934,-0.7646766122377155,0.1233957495253884,3.141592653589793,3.264701658776319
371,453.0307205380816,0,53.64177041242544,53.64177041242544,-0.09794880099201055,-1.876016505841131,3.141592653589793,3.609865532691872
372,416.3138984714967,0,60.80201433305265,60.80201433305265,0.6061380295639177,2.085024798176665,3.141592653589793,3.472277419139664
373,431.7746368187253,0,137.8571941946124,137.8571941946124,-0.30429943410494,-0.9919377857918787,3.141592653589793,3.215968112994917
374,430.4383464171316,0,62.19305958311478,62.19305958311478,-1.29893002165073,0.2736550631813864,3.141592653589793,3.513207686733848
375,398.1950303266203,0,128.6258638099239,128.6258638099239,0.6384308567900054,0.3921183840859618,3.141592653589793,3.151233763988152
376,361.8898248900825,0,84.24076210102189,84.24076210102189,-1.775384034828447,-1.134496050563368,3.141592653589793,3.206297211654701
377,312.3009525816316,0,41.04602470071581,41.04602470071581,0.4181237737218177,0.2373172829152424,3.141592653589793,3.146791284500316
378,386.5914966945403,0,41.5014931450765,41.5014931450765,-1.212679192152154,-2.577388191440276,3.141592653589793,3.425205841088582
379,346.7295998574271,0,86.60490212445332,86.60490212445332,0.8672146337060802,0.9527798316467336,3.141592653589793,3.142757675066276
380,374.7407796322349,0,50.58300026617086,50.58300026617086,-1.534121089730576,-0.339848054242255,3.141592653589793,3.360936251163333
381,456.5842584467215,0,153.7093361389754,153.7093361389754,-2.298809389101073,-1.59279763014368,3.141592653589793,3.219946739447016
382,328.5842441887378,0,64.96811944549523,64.96811944549523,-1.056298210532738,-0.8552066351222053,3.141592653589793,3.148021953988004
383,465.7052729388462,0,121.9591570813124,121.9591570813124,1.65653780688641,0.3984150825870428,3.141592653589793,3.384150881755691
384,646.9514922182606,0,285.2465742702026,285.2465742702026,-0.9777433355286265,-0.8056470633305902,3.141592653589793,3.146302834756028
385,345.5972376208376,0,60.26657239260892,60.26657239260892,-1.25181763400711,-1.990261445381289,3.141592653589793,3.227212987028619
386,370.4738609770002,0,46.72414623615769,46.72414623615769,0.1594572992544082,-1.020154822933078,3.141592653589793,3.355754633447002
387,394.9725138304932,0,63.90185048786852,63.90185048786852,0.08371882143702221,1.361836500870822,3.141592653589793,3.391635181379418
388,366.9883256803863,0,105.6874727043446,105.6874727043446,-1.655130797989376,-1.660751332120728,3.141592653589793,3.141597681354708
389,359.2320678119489,0,98.67551838538706,98.67551838538706,-0.3085717186852202,-0.2528142924736257,3.141592653589793,3.142087409934214
390,423.9733540208661,0,65.16668696840837,65.16668696840837,-1.604248845230423,-0.100554661865118,3.141592653589793,3.482915531300753
391,451.2916898017008,0,128.9032759787531,128.9032759787531,1.217659241621721,0.1680277683734285,3.141592653589793,3.312299900480441
392,365.6314319895886,0,98.92474710284039,98.92474710284039,-2.07569215930854,-2.448597460536676,3.141592653589793,3.163647067037251
393,633.3344507937039,0,263.3444612958681,263.3444612958681,-0.7443623055495254,-1.341285887028303,3.141592653589793,3.197799581464543
394,401.7359315861121,0,97.04418925732854,97.04418925732854,0.4855313905656476,1.472813111731078,3.141592653589793,3.293072971866359
395,321.7435610651722,0,55.09935116654449,55.09935116654449,-0.1753099476991699,0.05623312676325116,3.141592653589793,3.150113743410048
396,316.291918282716,0,49.26608879861678,49.26608879861678,0.9312750976716871,1.046616147942599,3.141592653589793,3.143709267563869
397,316.1744674658543,0,39.24449843564678,39.24449843564678,-0.4270412038218929,-0.8223431180018651,3.141592653589793,3.166365109150192
398,401.1645766377881,0,75.55523585633681,75.55523585633681,-0.6096662670867458,-1.836972202145083,3.141592653589793,3.372815479583604
399,456.8894079232689,0,125.4740377311058,125.4740377311058,-0.3926963057273213,0.7514857576825852,3.141592653589793,3.343464818914401
400,502.3485584532287,0,200.6267257382719,200.6267257382719,0.1127811563744493,0.2593110671138999,3.141592653589793,3.145008015225187
401,456.8821093217843,0,172.1855369153957,172.1855369153957,0.5612626204565937,0.6148573870023895,3.141592653589793,3.142049776832069
402,389.1761541899799,0,78.38561091943797,78.38561091943797,-1.420424871619994,-2.501679523738608,3.141592653589793,3.322456323838961
403,427.5398455381938,0,151.7625405055547,151.7625405055547,1.549735071381515,1.429152348459303,3.141592653589793,3.143905945501025
404,302.9482403299041,0,18.76178095514937,18.76178095514937,2.335994348560718,2.208901084247978,3.141592653589793,3.144162384312081
405,405.2743971026103,0,65.27589292290702,65.27589292290702,0.2299715672038825,-1.125820740191679,3.141592653589793,3.421662926397388
406,530.4810315020947,0,218.6434426865039,218.6434426865039,0.9299879472447056,0.9820094369531536,3.141592653589793,3.142023334808455
407,325.3137907536303,0,45.99417647048688,45.99417647048688,0.9116917355829551,0.3712184296596734,3.141592653589793,3.187744625202119
408,598.4493759417791,0,258.8521193948353,258.8521193948353,0.3537605207945791,0.3165451158311581,3.141592653589793,3.141813073283633
409,319.9675877705291,0,31.00757512544189,31.00757512544189,-1.4749648557257,-0.8806586883836459,3.141592653589793,3.197312030695497
410,381.0267137500244,0,105.1785950943513,105.1785950943513,-0.1166329604014457,0.4465914782826673,3.141592653589793,3.191680774986808
411,379.8851325056847,0,79.82606097750366,79.82606097750366,-0.3983026944257289,-1.359978044609023,3.141592653589793,3.285486855892064
412,418.3624642114729,0,131.6034961720715,131.6034961720715,1.693645054191376,1.074673090309995,3.141592653589793,3.201988552940271
413,558.4637642711666,0,234.39282133651,234.39282133651,-0.1730981642835155,-0.3384369394306501,3.141592653589793,3.145940449477153
414,576.4216466887407,0,113.341789394155,113.341789394155,0.930061656499695,2.912782899140501,3.141592653589793,3.714941174111436
415,399.0557161322749,0,71.98072193666852,71.98072193666852,0.08543768508124501,1.327908767008192,3.141592653589793,3.378363330151758
416,432.2382839885095,0,29.02230789951981,29.02230789951981,1.182019044487585,2.945459516462667,3.141592653589793,3.602683263803391
417,372.1736012922541,0,90.4808903046565,90.4808903046565,-0.6394097473755526,0.0628496464175942,3.141592653589793,3.219126070420367
418,390.0336359533404,0,123.8348311570694,123.8348311570694,1.783970870788804,1.927977364518423,3.141592653589793,3.144891456207298
419,362.1831993147098,0,65.75515991698103,65.75515991698103,-0.05626575471834958,-0.9679320801120491,3.141592653589793,3.271198540282477
420,518.2970795251814,0,183.9792504300386,183.9792504300386,-1.318357973723865,-2.168503916621435,3.141592653589793,3.254589455724724
421,392.8773522485669,0,122.7402167694046,122.7402167694046,1.052218300266893,0.7236528695296996,3.141592653589793,3.15872753547451
422,466.7711146136987,0,134.8050397481026,134.8050397481026,-0.6287511879113437,-1.736127965549076,3.141592653589793,3.331049043280613
423,431.4072393531856,0,51.5476105975752,51.5476105975752,-2.132751569250093,-0.4829603753584911,3.141592653589793,3.548438443108691
424,465.9705449652517,0,90.5196196241544,90.5196196241544,-0.2821202228955526,1.300690827382788,3.141592653589793,3.517796927335713
425,366.5936516004967,0,54.07661291351363,54.07661291351363,0.9733622485100809,-0.1072718690673604,3.141592653589793,3.32225442992582
426,370.8692689618767,0,107.0398646776293,107.0398646776293,1.032054864704713,1.256243478250387,3.141592653589793,3.149581708026145
427,350.5365988150304,0,81.29863965305253,81.29863965305253,-1.266205729953472,-1.732259510411252,3.141592653589793,3.175973949415887
428,363.8735827492146,0,96.15273782914063,96.15273782914063,1.634571335986519,1.224159811086394,3.141592653589793,3.168286922117409
429,384.739458559774,0,98.34555818725553,98.34555818725553,1.00829063494445,0.2512229082283908,3.141592653589793,3.231525327755359
430,380.8201794614565,0,36.16078628274334,36.16078628274334,-0.102594634792829,1.240383175730888,3.141592653589793,3.416605596297067
431,483.0223915501435,0,143.853404219033,143.853404219033,-2.17501756691866,-1.051247031628046,3.141592653589793,3.336534821798914
432,410.6496756085575,0,113.8143601644354,113.8143601644354,1.303476566548582,0.4590578815605074,3.141592653589793,3.25309811051655
433,384.3825512035882,0,112.3867560532409,112.3867560532409,-2.389336406192292,-1.939582117934316,3.141592653589793,3.173623059044
434,383.2474762164208,0,106.2568916650915,106.2568916650915,-0.7026777261571377,-1.283332202824605,3.141592653589793,3.194802657812111
435,363.5355248630298,0,102.0376237640501,102.0376237640501,-0.386919907625243,-0.5114895900385499,3.141592653589793,3.144061387261055
436,400.755407828994,0,132.2485139583461,132.2485139583461,1.623077816921673,1.496042635060772,3.141592653589793,3.144160037040066
437,367.5042555099595,0,89.6972006008854,89.6972006008854,0.3001230867721552,0.9385097431243626,3.141592653589793,3.205798172701755
438,348.825173430753,0,88.95673680261379,88.95673680261379,-1.514212142596052,-1.485088759145067,3.141592653589793,3.141727641370746
439,445.7752589710995,0,164.8602262966783,164.8602262966783,-1.712427961652327,-1.712733694489252,3.141592653589793,3.141592668466414
440,648.7114323941611,0,282.1711778671571,282.1711778671571,0.1117831690369688,0.4577319538380336,3.141592653589793,3.160583009951596
441,564.6220984106159,0,236.2970356405359,236.2970356405359,-0.546943564376729,-0.8100205790374773,3.141592653589793,3.152588447091083
442,314.2724269121359,0,46.51020041473164,46.51020041473164,-1.848336929261812,-1.780254532377533,3.141592653589793,3.142330284017717
443,338.2294398653566,0,23.7942985368524,23.7942985368524,-1.848395561077661,-0.9042590965549236,3.141592653589793,3.280396022545274
444,342.2808434228471,0,8.338930880005762,8.338930880005762,0.2545844254235473,-0.7887313680629915,3.141592653589793,3.310303950701174
445,356.4145613968122,0,80.72551049343633,80.72551049343633,-1.135435018684798,-1.7408684110467,3.141592653589793,3.199399005075203
446,314.1174087608729,0,45.26970222668819,45.26970222668819,1.07306856489578,0.9344663156741171,3.141592653589793,3.144648626568422
447,405.6906986085583,0,133.8133024721957,133.8133024721957,-1.582184613477578,-1.312302010628257,3.141592653589793,3.153163652652695
448,366.2727699111264,0,92.93144447888677,92.93144447888677,-0.8741612683708048,-0.325491409174382,3.141592653589793,3.189144558573659
449,400.5373269803288,0,110.3236705003807,110.3236705003807,0.3654406334054839,1.138024766280969,3.141592653589793,3.235195611313221
450,407.8332975331222,0,138.1324462922127,138.1324462922127,-0.522060502002225,-0.5103443997632975,3.141592653589793,3.14161450024363
451,348.3437317405038,0,86.92381402176906,86.92381402176906,-0.8001941504482983,-0.6074228725290919,3.141592653589793,3.14750141646989
452,398.455420178298,0,131.0662815693023,131.0662815693023,1.173167082048953,1.136538276987617,3.141592653589793,3.141806179644056
453,490.141062805734,0,72.4195125100798,72.4195125100798,-0.4531770727759841,1.419424923526332,3.141592653589793,3.657354595557392
454,392.6013053745557,0,125.5862805446664,125.5862805446664,0.7807552672175254,0.6154551907352888,3.141592653589793,3.145938415858516
455,387.7640639999044,0,107.1728906637403,107.1728906637403,-0.2408749469069629,0.3994362241859693,3.141592653589793,3.206181965658805
456,340.6953030972176,0,14.17996926668291,14.17996926668291,-0.3924264971056207,-1.403810751642071,3.141592653589793,3.300379146615372
457,311.7356664648199,0,36.02518377432663,36.02518377432663,-0.942278829594601,-1.230300640428079,3.141592653589793,3.154767973180461
458,345.6013443634886,0,16.42930892914413,16.42930892914413,0.3213848645880646,-0.7436003670224142,3.141592653589793,3.317197302639351
459,659.590407892431,0,192.6536313952811,192.6536313952811,0.1206890878257332,-1.508895886128421,3.141592653589793,3.539089090207608
460,333.4371422444274,0,70.87498926220771,70.87498926220771,0.5991429487976436,0.400713215818048,3.141592653589793,3.147853039774842
461,363.5547181078451,0,74.84945471987047,74.84945471987047,-0.7042997567094406,0.1114746401357927,3.141592653589793,3.245780686928426
462,348.7008583425475,0,88.66768042726204,88.66768042726204,1.149861960068285,1.218825644854617,3.141592653589793,3.142349501711843
463,396.7862791894406,0,88.4809049846604,88.4809049846604,1.500594370272885,0.4572087186561447,3.141592653589793,3.310325968705959
464,378.8557685267843,0,54.93773654343035,54.93773654343035,-2.080382032126745,-0.879263778027891,3.141592653589793,3.363374713203814
465,302.7842026191648,0,20.21751558260789,20.21751558260789,-0.1176321968414884,-0.1610949128931438,3.141592653589793,3.141893284116433
466,326.7241556151175,0,37.36069672545801,37.36069672545801,-1.219731044608978,-1.89063625534407,3.141592653589793,3.212431820736567
467,461.0413410459452,0,155.463218921449,155.463218921449,-1.900743986796678,-2.629260410737089,3.141592653589793,3.224955903735783
468,379.165919761693,0,58.71353254170074,58.71353254170074,2.992214060461236,1.819345178840786,3.141592653589793,3.353390197182989
469,382.3873040338163,0,98.83520915456269,98.83520915456269,-0.8165482709904207,-0.1028415251718214,3.141592653589793,3.221642705222963
470,317.1648348973346,0,36.90173959604716,36.90173959604716,1.335751227015934,1.796092919050783,3.141592653589793,3.175140764519719
471,363.7709679721964,0,100.6937161185025,100.6937161185025,0.8183280603589346,0.5858213342257035,3.141592653589793,3.150184721375328
472,463.9099176778261,0,153.5371236907704,153.5371236907704,-0.4359249370942553,0.3619221710236075,3.141592653589793,3.241321398599867
473,347.0593340256575,0,41.58527804338611,41.58527804338611,-2.276971969359463,-1.327516352031432,3.141592653589793,3.281930890552863
474,333.2844224504942,0,67.45928177743437,67.45928177743437,-1.195721434969253,-0.8711121317135299,3.141592653589793,3.158318476792599
475,361.7999116695224,0,67.83850706465411,67.83850706465411,2.395004178857689,1.512914407850385,3.141592653589793,3.26307933786555
476,384.1162099477369,0,35.52626967067188,35.52626967067188,1.920186167660533,3.295550254751695,3.141592653589793,3.429465085570848
477,310.9647494275096,0,34.28902185854451,34.28902185854451,-1.653256362047639,-1.942609608706129,3.141592653589793,3.154889808288265
478,537.2628181958497,0,144.8640971587722,144.8640971587722,0.0658614600129995,-1.418276591635821,3.141592653589793,3.474517255309191
479,478.9248731070215,0,137.6130836007378,137.6130836007378,-2.297983272098635,-1.126967287045163,3.141592653589793,3.35274258456269
480,438.14842975264,0,150.8876569244529,150.8876569244529,0.1713967578948178,0.6574336806061706,3.141592653589793,3.178967802814002
481,524.5467531036276,0,214.7056108141219,214.7056108141219,-1.410628648494509,-1.305746134654345,3.141592653589793,3.143342924785457
482,348.1591250530211,0,81.49465082502121,81.49465082502121,0.4332999509676978,0.03648194517661883,3.141592653589793,3.166554741483142
483,431.8229869445716,0,147.1106263945422,147.1106263945422,-1.666975649073366,-1.197597477106396,3.141592653589793,3.176463484664732
484,348.4914763870648,0,65.48132629380096,65.48132629380096,-2.554948338964236,-1.839779213773386,3.141592653589793,3.221966989079125
485,411.1805599029698,0,136.8163386667502,136.8163386667502,0.2368510777197741,-0.08081736822107137,3.141592653589793,3.157612649239268
486,440.8947691429441,0,154.9054022444043,154.9054022444043,-0.7790803239844474,-1.201122723860265,3.141592653589793,3.169814535328888
487,357.9289868853523,0,92.23564932329583,92.23564932329583,-0.6783958601689396,-1.039330570049447,3.141592653589793,3.162258412256324
488,359.8914465752912,0,96.8850043417127,96.8850043417127,-0.4824078740210096,-0.7306458891518006,3.141592653589793,3.151384856415577
489,424.029338128643,0,135.1459219692806,135.1459219692806,-0.624618167846773,0.005774488445367499,3.141592653589793,3.204215863857555
490,586.6531828926588,0,133.798568103543,133.798568103543,-1.084740390377646,-2.934961236481443,3.141592653589793,3.645945910246942
491,308.1270625587091,0,26.07720910286958,26.07720910286958,0.4852325096467039,0.7936331412490536,3.141592653589793,3.156693737229205
492,364.7920534278788,0,103.307802675564,103.307802675564,1.368940504112485,1.476372587844192,3.141592653589793,3.143429027941349
493,327.9539084220127,0,15.291048064289,15.291048064289,-0.9397116234955385,-0.108831559258533,3.141592653589793,3.249610143114993
494,338.5149377442332,0,71.90710122780453,71.90710122780453,-1.033105091093473,-1.406824329817912,3.141592653589793,3.163743110696905
495,407.4718356323964,0,130.2375429695281,130.2375429695281,-0.5245786833518279,-0.07296857636853031,3.141592653589793,3.173886590572956
496,313.8330140661456,0,12.46309434109192,12.46309434109192,1.074712791226772,0.4935429126223391,3.141592653589793,3.194896372167093
497,362.7598075477638,0,99.45153065537471,99.45153065537471,-0.8125898473971808,-0.5627566410212549,3.141592653589793,3.151510912577876
498,315.529353806496,0,43.91966833260349,43.91966833260349,-2.000677532779719,-1.72686246144564,3.141592653589793,3.153502670742336
499,327.1023171604904,0,64.87161791585639,64.87161791585639,1.727502873537787,1.805513136000277,3.141592653589793,3.14256105782192
500,344.4439663755658,0,83.47562461391271,83.47562461391271,-0.1900935183257605,-0.3514530649021527,3.141592653589793,3.145733826050878
501,435.3657754962441,0,157.3081390079873,157.3081390079873,0.2272188043535743,0.3360318366105805,3.141592653589793,3.143476527203332
502,366.2157184741899,0,75.67937809369674,75.67937809369674,-1.069870111528871,-1.911526421669312,3.141592653589793,3.252382164735347
503,427.5614742945162,0,148.0192095008636,148.0192095008636,-1.134813340940875,-0.7952468801080461,3.141592653589793,3.159890786469034
504,423.8039780167329,0,66.01159989931756,66.01159989931756,-1.053724745359818,0.4421997894481446,3.141592653589793,3.479568165006942
505,466.8876875093255,0,56.82917840413038,56.82917840413038,-1.228860978617758,0.6138679217567355,3.141592653589793,3.642149667622783
506,309.0420573471052,0,36.18001074198483,36.18001074198483,0.3298660493266263,0.4365071904702145,3.141592653589793,3.143402095512721
507,326.2370026950796,0,63.20114166397003,63.20114166397003,0.5161097138942351,0.3854370738307876,3.141592653589793,3.144309103754035
508,345.8418478450185,0,40.48074461369172,40.48074461369172,0.4001709012213878,1.342180138089279,3.141592653589793,3.279784414170203
509,418.7948361573522,0,50.52556289222794,50.52556289222794,-1.477072027564972,0.08989519192774681,3.141592653589793,3.510696607235393
510,423.697555007126,0,141.2086327725112,141.2086327725112,-0.8494732523547184,-0.374396559729652,3.141592653589793,3.177310539586103
511,352.4782132818145,0,51.15686950194869,51.15686950194869,-1.11095097614291,-0.1728563875137205,3.141592653589793,3.278662205580917
512,397.8319198622367,0,124.4748983183105,124.4748983183105,-0.03613290999560125,-0.4403928399720438,3.141592653589793,3.167495934026422
513,390.3429113008725,0,72.07030099658188,72.07030099658188,1.570032855154089,0.4105956346253754,3.141592653589793,3.348716032964979
514,422.7622935738818,0,139.7788753417283,139.7788753417283,-2.021763112222282,-1.52531217585662,3.141592653589793,3.180576666786653
515,431.0807726775866,0,112.0653135049507,112.0653135049507,0.5964807517991833,-0.4897485498912912,3.141592653589793,3.3240785936768
516,344.9149936063086,0,70.5890882557557,70.5890882557557,1.336729907986011,0.7709365835772813,3.141592653589793,3.192135098493615
517,309.1297147280177,0,21.64205207398056,21.64205207398056,-1.893594887254421,-2.291653647712411,3.141592653589793,3.166710466377801
518,498.0924320016168,0,148.1674430543243,148.1674430543243,-0.9626094337780349,-2.14915271936326,3.141592653589793,3.358197339296298
519,421.0780036822549,0,145.1722900759249,145.1722900759249,1.42693535127368,1.16500470516914,3.141592653589793,3.152492991976048
520,306.0350541293766,0,30.2171336344584,30.2171336344584,-1.796479565916697,-1.811315872874918,3.141592653589793,3.141627685944583
521,348.827467651422,0,85.28940361828651,85.28940361828651,-2.366842764415338,-2.66035318559805,3.141592653589793,3.155273802450781
522,337.9420267262177,0,63.96779455321013,63.96779455321013,-0.6283507955650516,-0.0919196916653158,3.141592653589793,3.187061770709888
523,316.2939061055019,0,48.17847519499766,48.17847519499766,1.865654271314908,1.691218302460145,3.141592653589793,3.146431678635285
524,364.9884997974706,0,100.0157785817619,100.0157785817619,0.03356111989607101,-0.279129135048839,3.141592653589793,3.157115708463481
525,341.6872220896145,0,79.26294115016951,79.26294115016951,-1.688558887807746,-1.451890963674385,3.141592653589793,3.150494581395586
526,519.2238195471931,0,211.1480996340165,211.1480996340165,0.3054597856039449,0.168555612451565,3.141592653589793,3.144574240452258
527,352.3350676726679,0,77.94831348970328,77.94831348970328,-0.5393939413487143,0.03919919785133934,3.141592653589793,3.194428653424385
528,393.4228392699433,0,122.1230817391614,122.1230817391614,-1.115398166065398,-0.7473575701339339,3.141592653589793,3.163077343560057
529,403.6759764511016,0,132.9194935686166,132.9194935686166,-0.8992844214192838,-1.137176295367282,3.141592653589793,3.150586761982575
530,400.4241103778655,0,129.0483318059961,129.0483318059961,-0.02767129011657162,-0.3349304225250905,3.141592653589793,3.156582420203501
531,332.1223210694281,0,39.07023000377178,39.07023000377178,1.210584879628001,0.4596012275927672,3.141592653589793,3.230105392508662
532,683.0825053864321,0,258.6520179220209,258.6520179220209,-2.473512877874453,-1.418893218197053,3.141592653589793,3.313883979210412
533,362.6178773179166,0,11.09628797702951,11.09628797702951,-1.540874196854811,-0.2798893648499738,3.141592653589793,3.385215967650458
534,304.3159876475536,0,19.52125102356824,19.52125102356824,1.362804936078171,1.14558307918549,3.141592653589793,3.149093478479364
535,503.1983378640768,0,188.7861637374878,188.7861637374878,0.9432119716161382,0.3557622648334272,3.141592653589793,3.196044674138403
536,371.4304234283539,0,86.60687162279638,86.60687162279638,0.4919754829334478,1.247547246264057,3.141592653589793,3.231175187239448
537,452.5010662531869,0,169.2599191256369,169.2599191256369,1.96398325908515,1.907793554707768,3.141592653589793,3.142095110585829
538,401.5231744392146,0,133.4358452344711,133.4358452344711,-0.1516787797285548,-0.1486883491684242,3.141592653589793,3.141594076860391
539,412.4708130205739,0,65.53286474707275,65.53286474707275,-2.219801032123766,-0.8073623168551409,3.141592653589793,3.44450105610073
540,366.9495187980582,0,86.92075557824037,86.92075557824037,1.030839849615231,0.3510733536535298,3.141592653589793,3.21429415115067
541,379.3939218818891,0,107.7483831209657,107.7483831209657,-0.6029332438497889,-0.1381869180516945,3.141592653589793,3.175782352182244
542,425.4782033740847,0,145.9897168638939,145.9897168638939,1.45156634631888,1.812803848651893,3.141592653589793,3.162292986771016
543,332.5773471196183,0,41.25558121847802,41.25558121847802,-1.189167067222735,-1.927394336191721,3.141592653589793,3.227163445154082
544,407.4226676405898,0,42.2724558438891,42.2724558438891,-0.04689451432749539,1.483094612952079,3.141592653589793,3.494348455818777
545,474.2237810413445,0,114.7217006245444,114.7217006245444,0.409876201150162,-0.9912965106806942,3.141592653589793,3.439896709127876
546,392.9681011928037,0,83.9657065731392,83.9657065731392,1.354871556068939,0.2976391791467387,3.141592653589793,3.314716383026144
547,443.1159255876858,0,64.60303700221314,64.60303700221314,0.227254868577485,-1.415188759693285,3.141592653589793,3.545028275364896
548,422.6180909506351,0,147.8604113727082,147.8604113727082,0.2092085534721639,0.3704059793164186,3.141592653589793,3.145725514279365
549,327.2297680805104,0,64.98085777407856,64.98085777407856,-2.153954983053091,-2.238090294658495,3.141592653589793,3.142719069810137
550,408.7440021319347,0,134.7000374839486,134.7000374839486,0.1702394386144415,0.5012921902380655,3.141592653589793,3.158987230972441
551,397.7817079446521,0,89.01036288024174,89.01036288024174,-0.976107531761936,0.07127469828753639,3.141592653589793,3.311587827147691
552,380.4449448983138,0,114.8792061176978,114.8792061176978,-0.1547385217219237,-0.3878979858744579,3.141592653589793,3.150232965482593
553,501.0566032017488,0,113.3059116355447,113.3059116355447,-0.4573773097295933,1.13193051697461,3.141592653589793,3.520724892562979
554,469.9017938880997,0,118.8261166772053,118.8261166772053,-1.063034724687618,-2.388541443667516,3.141592653589793,3.409776013633478
555,490.782533034056,0,174.1378987930589,174.1378987930589,1.909092972659535,1.177324514447916,3.141592653589793,3.2256920927954
556,407.9001941514345,0,134.8709626873761,134.8709626873761,-0.7634511045641608,-1.060702188740173,3.141592653589793,3.155623964944678
557,580.6285808999593,0,190.6054088038804,190.6054088038804,1.23032567262673,-0.005092833541447022,3.141592653589793,3.375775953239813
558,371.4190197769166,0,50.76077966604488,50.76077966604488,-0.1491950539930852,1.01003831692936,3.141592653589793,3.348645458890739
559,404.2869145874466,0,124.434011963854,124.434011963854,0.03711692266483862,0.5809296200387323,3.141592653589793,3.188312508352095
560,330.4727325538615,0,63.36500863525391,63.36500863525391,1.461831423641069,1.804914871787472,3.141592653589793,3.160270661427813
561,326.7037387851917,0,40.45260272018022,40.45260272018022,-0.03133694714862404,-0.6701650817296143,3.141592653589793,3.205886115666242
562,327.8134868232465,0,36.85039711404367,36.85039711404367,-0.2114075916595354,0.4845524345128261,3.141592653589793,3.217757722253058
563,472.8059996994226,0,39.64190222930628,39.64190222930628,-0.718071027436135,1.248595741340012,3.141592653589793,3.706397520571393
564,904.6994126066201,0,414.7252873971978,414.7252873971978,-1.127927538031807,-0.6755148632374435,3.141592653589793,3.17400088679949
565,410.4246766562676,0,92.49701865847371,92.49701865847371,-1.672131915450292,-0.5401922048356599,3.141592653589793,3.339295121662009
566,337.7153425054813,0,68.39504504464229,68.39504504464229,0.04266967258426736,0.4823880854431833,3.141592653589793,3.172216367730379
567,563.9564578749852,0,237.9799659030993,237.9799659030993,0.579589515993389,0.7175712484517204,3.141592653589793,3.144621338028088
568,376.2500736339572,0,76.04045083359428,76.04045083359428,-2.08439046165471,-1.119545617387469,3.141592653589793,3.286415977109172
569,528.6508523457853,0,214.2422624772569,214.2422624772569,1.293024777722469,1.585003625055887,3.141592653589793,3.155131700639374
570,384.063188668882,0,65.05206963960048,65.05206963960048,1.192285054526084,0.02724957071307216,3.141592653589793,3.350658454637353
571,417.4182371792494,0,43.2741514491682,43.2741514491682,1.662601106810914,0.06386806171619469,3.141592653589793,3.524989609994218
572,336.2736187955606,0,69.19202321677992,69.19202321677992,-0.828896242976079,-1.206147678510474,3.141592653589793,3.164162297781534
573,386.9317771187526,0,109.8776170082412,109.8776170082412,0.8868450212979693,0.3196519348179401,3.141592653589793,3.192383498021517
574,336.7894358912807,0,37.9154154475577,37.9154154475577,-1.575841435177034,-0.7409666116644907,3.141592653589793,3.250633841579894
575,424.4739676369704,0,127.2007959411035,127.2007959411035,0.3214695905512273,-0.4690601125305255,3.141592653589793,3.239527992245766
576,341.2602441547894,0,80.96041491579408,80.96041491579408,-0.3786599484506113,-0.4695526146797535,3.141592653589793,3.142907233416793
577,333.9798328438613,0,41.13661255706474,41.13661255706474,-2.041756878728773,-2.804584847767669,3.141592653589793,3.232879662381105
578,554.8375990435769,0,230.3285003596132,230.3285003596132,1.25995241433558,1.532330935787567,3.141592653589793,3.153378261490006
579,367.7281427267467,0,66.32718856284004,66.32718856284004,-1.313083869661858,-0.3386619251043687,3.141592653589793,3.289240417957398
580,312.4272782745745,0,42.81433152472503,42.81433152472503,0.7638417613099923,0.6569029045656061,3.141592653589793,3.143412209712744
581,356.9708111479164,0,95.53449177274199,95.53449177274199,-0.9920042861456276,-0.8215805234933822,3.141592653589793,3.146211795153961
582,454.3372274574929,0,149.9146165170785,149.9146165170785,1.620770637335917,0.8705226812346847,3.141592653589793,3.229934426071749
583,582.1822236395753,0,238.7149790201074,238.7149790201074,-1.00955946471049,-0.5010890124227824,3.141592653589793,3.182474917723473
584,431.1621872218418,0,145.9288108595086,145.9288108595086,-0.9714681525214938,-1.461303429200281,3.141592653589793,3.179550754331238
585,496.9075058149074,0,170.4539608272374,170.4539608272374,1.102297972034076,1.9638992694966,3.141592653589793,3.257600527516912
586,389.5398496358073,0,116.5942182974434,116.5942182974434,0.7183109796930214,1.166257698968102,3.141592653589793,3.173367401420558
587,346.1377471611455,0,82.8504805578293,82.8504805578293,0.4543478644851292,0.1721181573078406,3.141592653589793,3.154244443397299
588,656.6510137405047,0,32.18106108068292,32.18106108068292,1.356041260840944,-1.432621371847,3.141592653589793,4.200743229482065
589,350.6746620624059,0,84.36596962231738,84.36596962231738,0.3514412178585787,0.7389009709514945,3.141592653589793,3.165395624776812
590,383.710930788309,0,119.5571718829636,119.5571718829636,-0.06256939133015579,-0.1024097459573571,3.141592653589793,3.141845262731152
591,352.6488981872802,0,81.51185434079099,81.51185434079099,1.557994092612503,1.046759029562394,3.141592653589793,3.1829177951655
592,420.3628903550345,0,107.6345256619192,107.6345256619192,1.52745785869732,2.568080978923419,3.141592653589793,3.309456281542099
593,516.8587072425694,0,207.8300816810264,207.8300816810264,-0.3630140441360413,-0.6202083927681277,3.141592653589793,3.152103001816033
594,325.7702630601328,0,62.11838544124096,62.11838544124096,-0.2830380695889792,-0.1212460360439376,3.141592653589793,3.145756040001831
595,391.7265346152121,0,124.078477265449,124.078477265449,-0.7953687479873055,-0.5738124539182725,3.141592653589793,3.149395432861831
596,310.7549911734967,0,38.12570135002715,38.12570135002715,0.1204604930402833,0.2976932712154367,3.141592653589793,3.146587970921684
597,401.6693591053082,0,131.5170499565396,131.5170499565396,-1.578425683241655,-1.810409150676828,3.141592653589793,3.150146144268961
598,370.2840499853004,0,76.21644839850811,76.21644839850811,-1.827232980480444,-0.9384345476483876,3.141592653589793,3.264899241216194
599,323.5444682343843,0,19.38163730847833,19.38163730847833,-1.559872181293342,-2.301747632442877,3.141592653589793,3.227999935890285
600,611.0672021880163,0,205.9384238516809,205.9384238516809,-0.8364906958841815,0.4058982806209864,3.141592653589793,3.378333134850812
601,384.5216685781647,0,75.22071354832262,75.22071354832262,1.280947405901094,0.2138463573343641,3.141592653589793,3.317877190153604
602,369.2901738807932,0,69.56402316015419,69.56402316015419,-0.05543585415849038,0.9017259542456493,3.141592653589793,3.284168559705309
603,359.7632266006871,0,98.8884590930838,98.8884590930838,-0.2854534575374258,-0.3840222530358513,3.141592653589793,3.143138592002485
604,310.6034828316705,0,28.38472891204133,28.38472891204133,1.440371272175337,1.068977524776398,3.141592653589793,3.163469253319271
605,330.4656965470775,0,69.27791972194693,69.27791972194693,1.440458287771484,1.45945881476566,3.141592653589793,3.141650111186065
606,378.3879766607508,0,110.6279232503746,110.6279232503746,-1.59288302843558,-1.939815489345797,3.141592653589793,3.160690831688949
607,366.6011608399928,0,101.0058422120519,101.0058422120519,-0.01816894719237769,-0.3478952303684236,3.141592653589793,3.158848496352183
608,376.4152065722179,0,109.7452035863733,109.7452035863733,0.488897098340232,0.8064314202077912,3.141592653589793,3.157599158641458
609,358.5700586701394,0,98.19719680283663,98.19719680283663,0.402302439385648,0.3949678918197434,3.141592653589793,3.141601215411872
610,320.9111841098081,0,56.63053225888596,56.63053225888596,-0.1336797146448049,-0.05581970081395989,3.141592653589793,3.142557331671627
611,322.7301966068977,0,39.46583112496042,39.46583112496042,0.959353551566014,1.525688981731537,3.141592653589793,3.192231229179698
612,408.9852514944409,0,131.3177564653873,131.3177564653873,0.5289245692164761,0.07605357843040515,3.141592653589793,3.174066246218707
613,391.2273098069457,0,67.79976594043353,67.79976594043353,0.3760573826492712,-0.8329305885549972,3.141592653589793,3.366193148885841
614,604.8230003530929,0,262.3423063635714,262.3423063635714,-0.2816475194438171,-0.2064302437285865,3.141592653589793,3.142492965728862
615,534.5650246915873,0,186.9209595283981,186.9209595283981,0.5119903302159429,1.463137096936579,3.141592653589793,3.282420535661523
616,369.0963360230788,0,62.2155101897408,62.2155101897408,-0.5563200039428416,0.4769276347560114,3.141592653589793,3.307144551416843
617,377.1062055555945,0,89.5355793812444,89.5355793812444,0.2395149102816591,1.031120539998373,3.141592653589793,3.239790714550641
618,333.4259121173802,0,57.23983967619491,57.23983967619491,-0.9681296312016877,-0.4157421341721093,3.141592653589793,3.189786254275349
619,413.9341470665233,0,123.1855709888268,123.1855709888268,-0.2695695254364515,-0.9938509388225895,3.141592653589793,3.224001855902999
620,478.5905251016765,0,145.2146694589192,145.2146694589192,1.584295232050237,0.5156346025694986,3.141592653589793,3.318379113677569
621,615.8645653727664,0,255.4108281414096,255.4108281414096,1.379275108865626,1.940339115480969,3.141592653589793,3.19130023980957
622,467.9903445294735,0,135.1402956664929,135.1402956664929,2.607159070004186,1.493845083654701,3.141592653589793,3.333027517631791
623,402.263902999051,0,133.3112866686688,133.3112866686688,0.4082906803192145,0.273880591014344,3.141592653589793,3.144466643676842
624,443.5182123739688,0,93.32418033272843,93.32418033272843,0.3653877260087929,-1.034890589547892,3.141592653589793,3.439532491794143
625,344.4583071555808,0,56.70780301603829,56.70780301603829,-1.425753149181668,-0.6609726668359779,3.141592653589793,3.233340932729839
626,352.677796141631,0,81.65419419625715,81.65419419625715,1.845574403897685,1.336874218738838,3.141592653589793,3.182511630688881
627,331.2606000841318,0,22.13859064903225,22.13859064903225,-0.03859808478007499,0.8145401080491361,3.141592653589793,3.255372356145031
628,340.5237290941121,0,74.30571749490741,74.30571749490741,-1.095447513964956,-1.465021375320114,3.141592653589793,3.163256113577641
629,517.9331212421489,0,58.93577848110414,58.93577848110414,0.08374805224247328,-2.021140199291376,3.141592653589793,3.781555097117399
630,330.3959169809463,0,25.20445576805974,25.20445576805974,-1.747746328959327,-0.9236769090497584,3.141592653589793,3.247875430172692
631,359.7272240525838,0,98.81063456461986,98.81063456461986,0.06765555011527363,-0.03637904301602853,3.141592653589793,3.143314746832928
632,378.8276690754099,0,69.22024078901647,69.22024078901647,0.3912831863524232,-0.6787369356151408,3.141592653589793,3.318817178228538
633,434.7465059042417,0,149.9211605421173,149.9211605421173,-2.065506412962823,-1.619426754649271,3.141592653589793,3.173104388867548
634,324.0216186936078,0,50.37685822634284,50.37685822634284,2.277463021193248,2.713606330914981,3.141592653589793,3.171722779138238
635,356.5250879518492,0,85.05008951736941,85.05008951736941,0.233557385808918,0.7521114772534299,3.141592653589793,3.18410156038453
636,329.4727663771662,0,58.15515691586064,58.15515691586064,1.107974901217285,0.6708725322597225,3.141592653589793,3.171854801537685
637,539.3135123682921,0,181.6851786145341,181.6851786145341,0.6190727080810479,-0.4436705335382181,3.141592653589793,3.316478192103301
638,369.3591202374552,0,60.9357800397411,60.9357800397411,-0.06901999884790538,-1.117783016446882,3.141592653589793,3.312024798846269
639,301.6673808277342,0,12.73450150945731,12.73450150945731,0.333293896213001,0.2082972635222776,3.141592653589793,3.144078332241959
640,740.9437515521072,0,218.0627748055205,218.0627748055205,1.295829971451982,-0.4376656471803673,3.141592653589793,3.588120881590656
641,319.0441965796339,0,53.79874214597386,53.79874214597386,-0.6201781489158598,-0.7115114387696025,3.141592653589793,3.142920007083359
642,364.257670517363,0,71.30782855721787,71.30782855721787,0.4193142881795931,-0.4527984874854227,3.141592653589793,3.260396462789072
643,356.7353269743543,0,95.22218603547357,95.22218603547357,-1.350139364903853,-1.173185736376601,3.141592653589793,3.14657226005352
644,379.8515356052603,0,102.097710388529,102.097710388529,-1.200249873472902,-1.809213737433125,3.141592653589793,3.200068966240997
645,409.142920452534,0,124.8687989338305,124.8687989338305,-0.814890747218018,-1.433125352517817,3.141592653589793,3.201846096907151
646,390.4500739679372,0,118.5354949733745,118.5354949733745,0.6966504070787365,1.107230348853574,3.141592653589793,3.16830874279594
647,360.2384377594312,0,76.78679998502257,76.78679998502257,0.09733318945631753,0.835469324297844,3.141592653589793,3.227142599056966
648,329.7990168462794,0,61.06801746082568,61.06801746082568,-0.9318570779291401,-0.5510316258872443,3.141592653589793,3.164590404145894
649,458.9566185632885,0,95.86971333108137,95.86971333108137,-1.792683436024148,-0.3064306176320381,3.141592653589793,3.475421102725229
650,451.9755048670052,0,167.9242018836836,167.9242018836836,2.219347200610907,2.048254552667352,3.141592653589793,3.146248098174983
651,313.2929758966031,0,44.70412998861168,44.70412998861168,-1.097900024844622,-1.017448182629316,3.141592653589793,3.142622614951593
652,314.8452845941786,0,47.59099363549313,47.59099363549313,-0.7602736097729716,-0.8126460655251472,3.141592653589793,3.142029165238743
653,421.7316239765272,0,142.1656877060694,142.1656877060694,-0.5870016836340272,-0.9894973516110116,3.141592653589793,3.167271248855961
654,367.1576451271125,0,104.564660885254,104.564660885254,1.308097512941121,1.486727185326581,3.141592653589793,3.146666960602265
655,366.3176240140839,0,104.9164549537699,104.9164549537699,-1.0477267153103,-1.11654479919111,3.141592653589793,3.142346309647997
656,321.0800408195595,0,45.51520125101571,45.51520125101571,-1.209880472783927,-0.771156840827862,3.141592653589793,3.17207862864811
657,423.6352843733142,0,24.08275248289164,24.08275248289164,3.004369203811506,1.282101518085556,3.141592653589793,3.58270992160755
658,366.7492242003404,0,103.4182934765722,103.4182934765722,1.332943122827676,1.1055658772083,3.141592653589793,3.149810282051097
659,381.9868532601665,0,61.36756621783458,61.36756621783458,0.1786760840527374,1.356499053623728,3.141592653589793,3.355126130078925
660,390.9068276560444,0,93.58487620081119,93.58487620081119,0.06676737588699873,-0.8440690634993593,3.141592653589793,3.270967352390326
661,446.1492715730628,0,163.3841756847683,163.3841756847683,-1.074134565752833,-0.8596590592401967,3.141592653589793,3.148905229438195
662,408.5728401795822,0,114.3206112287689,114.3206112287689,-2.166346239634048,-1.356130764148255,3.141592653589793,3.244388003584964
663,350.4962770653236,0,74.86972323494949,74.86972323494949,-0.8541675761353521,-0.2541518684102148,3.141592653589793,3.198378221944093
664,408.7987450037144,0,130.6189014988128,130.6189014988128,1.46228700075851,0.9930635827907726,3.141592653589793,3.176440620735525
665,347.2495626827508,0,37.6261045672255,37.6261045672255,0.4882333464393168,-0.4927263820467752,3.141592653589793,3.291183129210659
666,318.1010759518463,0,15.2142829007587,15.2142829007587,-1.354049765057055,-0.6941779003983167,3.141592653589793,3.210145678759386
667,489.904163983419,0,185.7300243027631,185.7300243027631,1.021334559757543,1.476688829505534,3.141592653589793,3.174421508254234
668,383.8695457862705,0,101.6221515637369,101.6221515637369,-1.83745547431519,-1.151786694558149,3.141592653589793,3.215547554713329
669,359.831955415351,0,80.35176340612927,80.35176340612927,-1.058459082600718,-0.3846103136272006,3.141592653589793,3.213047862160861
670,500.4112796456388,0,70.51544687119645,70.51544687119645,0.5975816081588878,-1.344258834303726,3.141592653589793,3.69328427081815
671,336.544295356733,0,34.70725558613232,34.70725558613232,1.369669217121979,0.5139394580637526,3.141592653589793,3.256052490613014
672,434.3011262689234,0,155.9971361334842,155.9971361334842,1.246934627940053,1.081995112725291,3.141592653589793,3.145919491145417
673,494.774463945384,0,89.73163803038408,89.73163803038408,1.80276498054089,0.03777755936643512,3.141592653589793,3.603440716592048
674,400.1535480679221,0,91.06989752812967,91.06989752812967,-0.3762961691736685,0.670613056161755,3.141592653589793,3.311438256586067
675,404.1860644003492,0,130.1589116584925,130.1589116584925,1.493028000280898,1.867673258084654,3.141592653589793,3.163852630936561
676,338.1793667754,0,29.42019089950055,29.42019089950055,-0.8637901983448379,0.04993014382399261,3.141592653589793,3.271771578943506
677,342.4173617608216,0,74.78275477019604,74.78275477019604,1.428246069422178,1.014425510673358,3.141592653589793,3.168730322374017
678,360.9360690823438,0,83.41925815309349,83.41925815309349,-0.5044285508540179,0.134477384314489,3.141592653589793,3.205901619682504
679,440.8116580336233,0,150.3605590869329,150.3605590869329,-0.2094807111553512,0.3383867377975821,3.141592653589793,3.189006607505157
680,396.5414443000744,0,128.4085054587487,128.4085054587487,-1.755995260594276,-1.574338398559344,3.141592653589793,3.146840259151032
681,459.8163158097627,0,142.6351674185018,142.6351674185018,1.353904382188279,2.286586618792439,3.141592653589793,3.277117720736669
682,434.0832581090237,0,143.5305911859717,143.5305911859717,1.170555194771627,0.569887463364768,3.141592653589793,3.198500605696804
683,437.9793613945529,0,159.1663552823042,159.1663552823042,0.7179062972381861,0.8190959694041551,3.141592653589793,3.143221874262524
684,331.3491320981178,0,50.62308032619195,50.62308032619195,-0.3643791496677851,-0.9720005273327018,3.141592653589793,3.199813766406534
685,327.1827962130234,0,64.78443459119121,64.78443459119121,0.3923254102759656,0.4910642316695497,3.141592653589793,3.143143928607081
686,407.5784250241595,0,86.69543663615852,86.69543663615852,0.6702093609087179,-0.5004805582831698,3.141592653589793,3.352628713112573
687,510.1394877527991,0,205.7566162954382,205.7566162954382,2.374542265507374,2.25684684590644,3.141592653589793,3.143796528543855
688,377.3844145759468,0,109.6972296864267,109.6972296864267,-2.645555979408567,-2.295096041466377,3.141592653589793,3.161079968806832
689,400.7779860219574,0,52.44481423035622,52.44481423035622,2.221875179187442,0.8064160049160349,3.141592653589793,3.445740715015924
690,791.3698374313213,0,365.7559029932381,365.7559029932381,-0.5343238509370896,-0.6203296935486657,3.141592653589793,3.142769702993314
691,345.0512164619237,0,22.29573458516003,22.29573458516003,2.101968971075129,3.139751431524641,3.141592653589793,3.308564165360255
692,346.8854241788019,0,79.30751958627718,79.30751958627718,-1.277731722134096,-0.8570426777056971,3.141592653589793,3.16963462771207
693,340.8112664049745,0,49.80153502401087,49.80153502401087,-1.069175383445691,-1.854894958564775,3.141592653589793,3.238357554658638
694,389.2459247126224,0,122.8768596744321,122.8768596744321,1.066861931343834,1.239049073479098,3.141592653589793,3.146307806462373
695,359.1710607386187,0,90.66080248257744,90.66080248257744,-2.251472529431764,-1.80852807369254,3.141592653589793,3.172665155978405
696,463.2076852394723,0,141.4724025987875,141.4724025987875,-0.1796418501454423,-1.162702463538881,3.141592653589793,3.291809923232938
697,322.1308186521094,0,39.60517028600423,39.60517028600423,1.437030005076761,1.988029630518291,3.141592653589793,3.189546204137207
698,429.5077674381684,0,152.4161953195853,152.4161953195853,-0.05464619776940883,0.1294426692135664,3.141592653589793,3.146981587495617
699,312.0083175491462,0,42.81806406147237,42.81806406147237,-2.031519841583625,-2.006165175930838,3.141592653589793,3.141694966122542
700,361.9672630554018,0,99.56301216772171,99.56301216772171,0.2677696493810113,0.06260522768644299,3.141592653589793,3.148284745860613
701,329.4137137301223,0,56.33985947976533,56.33985947976533,0.653266092248344,1.124864166202603,3.141592653589793,3.176792272788185
702,353.5306811458458,0,81.23197930963504,81.23197930963504,0.9535017582189206,0.4166645042650309,3.141592653589793,3.187130157104054
703,505.0687255220558,0,51.2696008784691,51.2696008784691,-0.3511381473478564,1.731671303132007,3.141592653589793,3.769310229749946
704,409.2038891309531,0,30.60665981324048,30.60665981324048,1.901023186712459,0.3031863105188701,3.141592653589793,3.524583249692571
705,390.8118547707883,0,88.54775908840166,88.54775908840166,-4.323459427158734e-05,-0.9775021511291123,3.141592653589793,3.290141385199551
706,346.2543516604115,0,86.16363478687713,86.16363478687713,-1.756856356605146,-1.837639363954806,3.141592653589793,3.142631110290518
707,425.2774875353714,0,150.4834709896831,150.4834709896831,0.7958360847067637,0.7171246923105546,3.141592653589793,3.142578540686343
708,426.3707707185286,0,146.9772254355235,146.9772254355235,-0.1184199924550214,-0.4660279927781527,3.141592653589793,3.160765053428996
709,344.481216707751,0,76.13279857880084,76.13279857880084,-1.185071064256535,-1.621767523862346,3.141592653589793,3.171798890049873
710,346.0192743523322,0,86.16868832415696,86.16868832415696,0.6021131359800678,0.5708948059311872,3.141592653589793,3.141747759642775
711,310.7646641475023,0,19.70385393855992,19.70385393855992,0.5163222427431248,0.05209900653492321,3.141592653589793,3.175705845024846
712,458.5371536857646,0,144.0806528962572,144.0806528962572,-1.077660782674171,-1.97483367406876,3.141592653589793,3.267188944359154
713,423.6132383163466,0,65.85670643688067,65.85670643688067,1.089707348093599,-0.4059970718847748,3.141592653589793,3.479473539636737
714,326.1589952806653,0,39.00097707043123,39.00097707043123,0.4465195171656703,1.090032355258796,3.141592653589793,3.206822909653732
715,381.9557063518973,0,86.95184132948026,86.95184132948026,-0.6675192278071279,0.2261330061059522,3.141592653589793,3.266223923166812
716,400.41680564014,0,131.0387122992871,131.0387122992871,-0.3816866373754484,-0.5852169589869283,3.141592653589793,3.148178678681474
717,464.0045702030187,0,173.4816780880034,173.4816780880034,0.60217941442474,0.9067460848347565,3.141592653589793,3.156321475676076
718,382.3461468120591,0,40.48673640474811,40.48673640474811,-0.384948212405839,-1.717943390079196,3.141592653589793,3.412694030350477
719,534.9096901844639,0,187.2435591469217,187.2435591469217,-0.2167754626877817,0.7325397716103409,3.141592653589793,3.281890280792436
720,306.5567292085258,0,21.26816062588328,21.26816062588328,1.290111030574055,1.596230331188639,3.141592653589793,3.15647167376774
721,455.8120471271353,0,121.3769314251053,121.3769314251053,-0.9145441913186698,0.271730867127232,3.141592653589793,3.358102576661437
722,411.1635876537653,0,136.9857587361288,136.9857587361288,-2.416881200499458,-2.106970930577279,3.141592653589793,3.156841582419459
723,359.5729226980058,0,98.33635068332636,98.33635068332636,0.9452193005300902,0.8073410334653338,3.141592653589793,3.144616799805365
724,358.7301164815023,0,35.53331004169097,35.53331004169097,0.438477128707304,1.567338766833987,3.141592653589793,3.338252986087695
725,343.7278707657775,0,73.50838938672416,73.50838938672416,0.7334122928113515,0.2540752365732795,3.141592653589793,3.177950348034459
726,379.6093004675327,0,47.52245224076753,47.52245224076753,2.459682361065242,1.196202084977964,3.141592653589793,3.386146306518805
727,454.9424097359162,0,94.63970447440835,94.63970447440835,-0.8713511859045018,0.5987575234614054,3.141592653589793,3.46854782559544
728,333.0162082114713,0,71.47767687956323,71.47767687956323,0.402698042744415,0.2732114972654277,3.141592653589793,3.144260034817324
729,342.3181108222781,0,34.28056256118759,34.28056256118759,-0.8388810246965342,0.100636685410948,3.141592653589793,3.279069674266615
730,351.0560328078229,0,56.80783363594092,56.80783363594092,-0.397022967218365,0.4650174967194068,3.141592653589793,3.257716709991126
731,365.0373776286445,0,82.75400684444796,82.75400684444796,0.01114405406340445,-0.7083460763528077,3.141592653589793,3.222928861898086
732,616.0426736511625,0,141.6237780947331,141.6237780947331,0.3482547822502576,2.260737929164327,3.141592653589793,3.677933684600594
733,306.9536161595782,0,29.52860123289319,29.52860123289319,1.673065118436061,1.849901065610037,3.141592653589793,3.146565644206756
734,462.8814127064623,0,91.03084234224514,91.03084234224514,-0.02702192214800122,1.530894865432512,3.141592653589793,3.506666382494141
735,368.416477755113,0,69.30968190273904,69.30968190273904,-0.06884887812595546,-1.018244753182664,3.141592653589793,3.281913607739249
736,342.1976924689695,0,69.53829342010238,69.53829342010238,0.3837175848877468,0.9103109739320964,3.141592653589793,3.185420694111623
737,347.6081088725451,0,87.63839608839501,87.63839608839501,-2.667200170089516,-2.606990364273091,3.141592653589793,3.142169572414228
738,387.0629651841195,0,85.39279567133596,85.39279567133596,-0.3423191055307826,0.6328757898007362,3.141592653589793,3.289469483818023
739,325.0233454712458,0,15.09194373369161,15.09194373369161,0.633085235081962,-0.1516497918794402,3.141592653589793,3.238118815551626
740,523.6930051285952,0,193.4286685725862,193.4286685725862,-0.9734903249375568,-0.2307978181637778,3.141592653589793,3.228187813728823
741,334.3736242794269,0,70.9833197392465,70.9833197392465,0.3973641624554098,0.6416221499123508,3.141592653589793,3.151073843235965
742,525.7139171692144,0,80.13160370178721,80.13160370178721,-2.230848956734158,-0.2264758600437577,3.141592653589793,3.726542085073724
743,374.3965525970393,0,21.36691395863,21.36691395863,-0.6506014799810735,0.6964306609068718,3.141592653589793,3.418201279865555
744,487.286751485806,0,187.632804040476,187.632804040476,-0.06458281670747382,-0.4017901899114787,3.141592653589793,3.159638145995915
745,575.25266023054,0,228.6620079090604,228.6620079090604,-0.9946138666646025,-1.635374360510434,3.141592653589793,3.206271730774375
746,678.565516947024,0,295.9203651583018,295.9203651583018,0.72278766591809,0.2978554974549827,3.141592653589793,3.170200584960534
747,400.3694182724067,0,46.15473764521287,46.15473764521287,-1.451883038896185,0.0006933345335748949,3.141592653589793,3.46115335137519
748,343.5854725123857,0,82.5681504412406,82.5681504412406,-0.4891595128053139,-0.326126573576432,3.141592653589793,3.145820106166747
749,403.0199416221286,0,24.05425418788306,24.05425418788306,-0.3981699945679052,1.17686397610908,3.141592653589793,3.514304541424357
750,390.2609148763473,0,114.8768584727714,114.8768584727714,0.6128409943321386,1.12360603080173,3.141592653589793,3.182842334073295
751,406.0261491781775,0,126.7529260836461,126.7529260836461,-0.8408322285527589,-0.3225861202329829,3.141592653589793,3.184051417593308
752,366.7633487101629,0,93.42887101943936,93.42887101943936,-0.5029917987984797,0.04457160817202832,3.141592653589793,3.188954387529321
753,370.7168237187426,0,83.91821489268254,83.91821489268254,-1.078417614186331,-0.2914136327917663,3.141592653589793,3.238669428611116
754,368.1595710571439,0,72.30887915614143,72.30887915614143,-0.5073010550996363,-1.417927506181541,3.141592653589793,3.270908885080625
755,361.0076062970592,0,27.60198064878688,27.60198064878688,0.2624981818688939,-0.9312741335861129,3.141592653589793,3.36075835820372
756,387.745864212178,0,120.4944619600668,120.4944619600668,0.1667786049639472,-0.08028639924007561,3.141592653589793,3.151292674029451
757,370.2865847564008,0,106.510239906891,106.510239906891,-0.5508539711741636,-0.3249562967364675,3.141592653589793,3.149703821060913
758,367.360425905565,0,67.17342280418175,67.17342280418175,-2.191021410589084,-1.230382327771256,3.141592653589793,3.285183685659972
759,312.7013991200267,0,34.94642480993719,34.94642480993719,-1.728831983086044,-2.076553275860254,3.141592653589793,3.16077751487477
760,460.3337439736056,0,162.0452072477862,162.0452072477862,-0.4161612419796258,0.1639248617071005,3.141592653589793,3.194699405073943
761,403.0017580312812,0,86.80175763541121,86.80175763541121,0.8471874743158097,-0.2787499187618302,3.141592653589793,3.337265259792788
762,368.4041904534144,0,106.7429594136598,106.7429594136598,0.7519302539051328,0.8174176557353245,3.141592653589793,3.142275131316134
763,413.1457166421611,0,141.8802985426984,141.8802985426984,0.2286776219745167,0.1656679097849363,3.141592653589793,3.142224470804015
764,427.8179723617533,0,109.5729015500271,109.5729015500271,1.845209119416628,0.7575936994161346,3.141592653589793,3.324531802060585
765,316.4724210056809,0,17.04113505760953,17.04113505760953,-0.9263347185156708,-1.544615070162915,3.141592653589793,3.201854930243154
766,373.7198194488072,0,57.88886447300639,57.88886447300639,2.724967321424341,1.60074576103895,3.141592653589793,3.336686757537291
767,335.779523888813,0,55.59188200669249,55.59188200669249,0.9941079560779407,1.620867631589327,3.141592653589793,3.203503096913829
768,348.4283218233187,0,88.51646294944557,88.51646294944557,-0.6155112783018527,-0.660584274008443,3.141592653589793,3.141915972146824
769,385.4806034736374,0,121.0181680898145,121.0181680898145,-0.8282626625595685,-0.8474724131150755,3.141592653589793,3.141651383525194
770,329.28266040541,0,38.24001207923842,38.24001207923842,0.8312267985941934,1.54075155348568,3.141592653589793,3.220718829530635
771,665.6837163792086,0,123.427578728333,123.427578728333,-1.446305752285712,0.8195942989122729,3.141592653589793,3.873487762096118
772,433.4868340360089,0,137.0914412484846,137.0914412484846,-2.070504311863728,-2.796451209709902,3.141592653589793,3.224376420268241
773,424.46594784241,0,149.5933253630081,149.5933253630081,-2.292663433306818,-2.413739267764747,3.141592653589793,3.14392489712764
774,391.0709169447056,0,94.71461711501345,94.71461711501345,0.6701332955901573,-0.226668558655408,3.141592653589793,3.267087076719511
775,351.3908059321212,0,70.71661824277717,70.71661824277717,-0.5468413256838167,0.1395215281633317,3.141592653589793,3.215695627423491
776,877.2688522043409,0,371.3809885341727,371.3809885341727,1.243118072515823,0.3774845889899305,3.141592653589793,3.258669318738943
777,456.1470294858294,0,167.9257367868079,167.9257367868079,0.297055520642558,0.6182006616780787,3.141592653589793,3.157964313082097
778,402.6910230289935,0,94.89253841853363,94.89253841853363,-1.395770991080997,-0.3702375344656097,3.141592653589793,3.304742542426998
779,355.1452182418493,0,60.87450118105463,60.87450118105463,2.127186740611047,1.253567855740861,3.141592653589793,3.260799649946495
780,407.6581157234825,0,32.58490836456672,32.58490836456672,1.476510330626666,-0.1018180940096944,3.141592653589793,3.515782276692407
781,389.2580328996688,0,114.2762580040036,114.2762580040036,0.9366872916475382,1.44229404614126,3.141592653589793,3.182018634653014
782,351.0279713610296,0,83.30312093784372,83.30312093784372,-0.9244585613415827,-0.4969462051742867,3.141592653589793,3.170547463099247
783,361.5991288509421,0,100.9374364299738,100.9374364299738,-1.831439385045937,-1.827664964670207,3.141592653589793,3.141594920949951
784,312.59628019926,0,35.48218689771848,35.48218689771848,-0.8642898606913285,-0.5299620094089551,3.141592653589793,3.159332130883431
785,368.7698226226381,0,101.1981242795585,101.1981242795585,1.72178985417579,2.111162530610835,3.141592653589793,3.165630345167223
786,613.3946406425017,0,163.4402152522806,163.4402152522806,-1.645788483419373,0.05209494963498119,3.141592653589793,3.571052023330071
787,341.6988946880491,0,78.8462251878662,78.8462251878662,-0.7271579071936467,-0.9830869669973851,3.141592653589793,3.152000013442478
788,405.212093411135,0,102.3760172216359,102.3760172216359,-1.3562345728842,-2.309003591120653,3.141592653589793,3.282890982533628
789,323.6811850414186,0,59.99637282580613,59.99637282580613,-0.5262759648418341,-0.6454714623401817,3.141592653589793,3.143853044866003
790,323.654486656206,0,49.44374482698601,49.44374482698601,-2.338286210604322,-1.895394104312378,3.141592653589793,3.172657847752429
791,375.1724927354587,0,112.6395687070082,112.6395687070082,-0.8996022246388152,-0.9098696964236017,3.141592653589793,3.141609431814561
792,360.1986158582491,0,75.63512259342531,75.63512259342531,1.573412501159957,0.8185181655407809,3.141592653589793,3.231016845985065
793,320.6100358029703,0,52.68286699131304,52.68286699131304,0.2491155846559154,-0.008661876291441769,3.141592653589793,3.152150634164209
794,334.2343323380219,0,72.64597279202059,72.64597279202059,-0.8199559323364178,-0.9671406795621995,3.141592653589793,3.145038592911902
795,359.0990077936217,0,98.58188933817155,98.58188933817155,1.110805932731065,1.160174935629671,3.141592653589793,3.141980537739939
796,365.0724103746846,0,24.75447228643364,24.75447228643364,-0.21266295069433,1.034073922961201,3.141592653589793,3.379934501321249
797,612.2608885537113,0,220.2909057065996,220.2909057065996,-0.658283987291445,0.419179812569786,3.141592653589793,3.321224569507573
798,431.1350499193214,0,131.8189520652883,131.8189520652883,-0.6641280647804549,-1.456477191933517,3.141592653589793,3.239972459819617
799,341.0923038524782,0,21.24893136127574,21.24893136127574,-0.8053799995739147,-1.798094211595625,3.141592653589793,3.294705739188136
800,369.0713210921818,0,44.2368913164355,44.2368913164355,-0.4518530283713663,0.7308180804567481,3.141592653589793,3.356831147488071
801,505.1368906459137,0,106.9622903675076,106.9622903675076,-1.636431808977638,0.03696724199793849,3.141592653589793,3.559475914358084
802,611.1305438930257,0,257.130149296616,257.130149296616,0.5373399182921588,0.9965429662499734,3.141592653589793,3.174975880277376
803,402.8755991498476,0,110.2732726045808,110.2732726045808,0.6066924205698256,-0.197789363600116,3.141592653589793,3.242960891245932
804,332.4341246619025,0,24.64035414463461,24.64035414463461,0.9890887427574169,1.847171736300208,3.141592653589793,3.256671740427136
805,511.9955861846515,0,185.2680861053019,185.2680861053019,1.230582924121695,0.4662765806383907,3.141592653589793,3.233228817726666
806,319.7263313350051,0,41.64122130577901,41.64122130577901,-0.08948104022969651,-0.5525014828862865,3.141592653589793,3.17553024413361
807,360.7917159225849,0,80.71616379202783,80.71616379202783,0.1866378049801195,0.8705863981829489,3.141592653589793,3.215181189176356
808,370.350074083623,0,89.09262219614315,89.09262219614315,1.969815447882733,2.667119564690231,3.141592653589793,3.218048699508142
809,428.4455840981623,0,150.8867179515753,150.8867179515753,1.076418862332207,1.310813881969991,3.141592653589793,3.150324654114296
810,485.5069996423572,0,177.9721610356844,177.9721610356844,0.6381495137624374,1.222346052215658,3.141592653589793,3.195448324825498
811,454.9441386059302,0,135.6611540849053,135.6611540849053,-0.3034833907901368,0.6853057430509086,3.141592653589793,3.29352521658655
812,356.1281898306409,0,91.43328545035808,91.43328545035808,-0.6546474422252287,-0.9844466472195853,3.141592653589793,3.158856108895159
813,438.2674552426029,0,114.5787883782519,114.5787883782519,2.334003554100828,1.213988901877247,3.141592653589793,3.33527168642749
814,550.8023636243917,0,226.7291590334873,226.7291590334873,0.2828140039187106,0.6054221619145637,3.141592653589793,3.158113428091973
815,495.9259367923979,0,78.03566595258636,78.03566595258636,0.1999282312050966,2.06360942584952,3.141592653589793,3.652795093672874
816,453.3643942465058,0,169.634054062097,169.634054062097,0.9134932502279874,1.005717461929558,3.141592653589793,3.142946023448912
817,337.5067789814333,0,76.31378563928422,76.31378563928422,-0.23991988308617,-0.09262122065691819,3.141592653589793,3.145043926091144
818,316.3394904516263,0,31.41437988172977,31.41437988172977,1.454386516043209,0.9491803847606743,3.141592653589793,3.181955002223448
819,405.3034623686131,0,101.1203097880398,101.1203097880398,2.684872652428587,1.713695557079593,3.141592653589793,3.2882806071897
820,353.795523787708,0,92.56369804843959,92.56369804843959,0.5237839145055478,0.3538697545703267,3.141592653589793,3.146184232182828
821,518.8750967046233,0,195.14260676777,195.14260676777,0.9695819606670185,0.3148685454810563,3.141592653589793,3.209089287806406
822,445.4523627123912,0,134.9602297730722,134.9602297730722,1.678085467101054,0.7744438807523545,3.141592653589793,3.268971171128333
823,350.8431783708937,0,80.42368782149214,80.42368782149214,0.6416192006801785,0.1474550139712254,3.141592653589793,3.180220533943374
824,387.1775926244133,0,75.1006804422473,75.1006804422473,2.491993901413932,1.395705206654749,3.141592653589793,3.327379344671442
825,408.6529006490748,0,39.54008445331863,39.54008445331863,2.770747530666432,1.217162821047527,3.141592653589793,3.504743906628701
826,387.0544311028855,0,100.1478039567133,100.1478039567133,0.7113831308653082,1.471047048771732,3.141592653589793,3.232134537617253
827,507.1204904030852,0,163.9989332565312,163.9989332565312,1.667585004234191,0.6180779806069715,3.141592653589793,3.312260465864999
828,494.2377421821283,0,125.9233769465432,125.9233769465432,-1.19648985599486,0.2208285027554225,3.141592653589793,3.446504857263363
829,318.8139312323231,0,48.33249527844768,48.33249527844768,-0.923334183891809,-0.6202993234213103,3.141592653589793,3.156174033184756
830,463.0293037646539,0,169.0077882601692,169.0077882601692,0.1918244785513728,0.6338703059263241,3.141592653589793,3.172539820804297
831,399.9148202284109,0,114.4556012497689,114.4556012497689,-2.973877346138994,-2.285779803364968,3.141592653589793,3.216066328523249
832,490.4085407999128,0,192.3268864507427,192.3268864507427,-0.2441378633811322,-0.03779097269149132,3.141592653589793,3.148362024988016
833,446.9945586446529,0,84.44384547108423,84.44384547108423,-0.9221459132081561,-2.431098087685693,3.141592653589793,3.485188813529311
834,305.684746991146,0,29.02484989598914,29.02484989598914,-0.5487085328812414,-0.6047757288944559,3.141592653589793,3.142092922171167
835,314.3619041298241,0,44.80902647894141,44.80902647894141,0.4464849972852096,0.6260121080304062,3.141592653589793,3.146718033853983
836,368.806300525084,0,99.78281079976955,99.78281079976955,-1.516803184201248,-1.083433619463873,3.141592653589793,3.171342551779927
837,358.2190387169088,0,73.4963049582263,73.4963049582263,1.000577584153647,1.756428362467185,3.141592653589793,3.231240442951675
838,383.9218867551471,0,116.6881250806463,116.6881250806463,-0.7482128591692829,-0.4642644491922371,3.141592653589793,3.154398690815391
839,368.0849497284426,0,87.46090453628389,87.46090453628389,-0.7877179632879785,-1.476742253369892,3.141592653589793,3.216264739322968
840,506.5081084747257,0,203.5315810188086,203.5315810188086,-1.086489997048034,-0.9712388728945391,3.141592653589793,3.143705969506054
841,407.4054338955559,0,93.23399140836906,93.23399140836906,1.155134968216533,2.249150960879612,3.141592653589793,3.326631237948074
842,457.351882218456,0,157.7085380832111,157.7085380832111,0.1487932553312267,-0.4851277831720986,3.141592653589793,3.204911899592014
843,500.3147756348829,0,166.3091322107319,166.3091322107319,1.688653668967327,2.646796409465762,3.141592653589793,3.284454583680403
844,339.7395099284684,0,77.17095432945094,77.17095432945094,-0.6820839953216231,-0.9187683543725759,3.141592653589793,3.150495816043678
845,335.0701422654195,0,61.81070357456473,61.81070357456473,-0.3984693305726208,0.1113197604039626,3.141592653589793,3.182685865486584
846,424.8508648636184,0,28.48914953366096,28.48914953366096,-0.907350834417451,0.8088019072808166,3.141592653589793,3.57977438310403
847,423.0983252160642,0,99.10838884031726,99.10838884031726,-1.277056280933125,-0.1050117542441248,3.141592653589793,3.353101962904051
848,423.240908941798,0,119.549043388968,119.549043388968,-1.399394714496978,-0.4981147857158993,3.141592653589793,3.268319126265516
849,382.3994641899235,0,88.20790124299657,88.20790124299657,-1.427720004635834,-0.5459912235585938,3.141592653589793,3.262981772009968
850,356.8970054945768,0,68.1008590270099,68.1008590270099,-1.384246812674008,-2.194746691045114,3.141592653589793,3.244459038719542
851,599.5482774155294,0,217.8524990129746,217.8524990129746,-0.7196146628108627,-1.741388201143709,3.141592653589793,3.303577691643801
852,324.8113535839086,0,32.12203196432411,32.12203196432411,-2.064673261976187,-2.746645167815793,3.141592653589793,3.214761279075612
853,403.9359622486598,0,133.0424507543846,133.0424507543846,1.008418141123353,1.250279895312604,3.141592653589793,3.150889003000401
854,357.1699727365327,0,95.93121545847877,95.93121545847877,-1.6600973319279,-1.814692551113388,3.141592653589793,3.145394106131117
855,637.3040623639276,0,276.7710382519788,276.7710382519788,1.234940747097647,0.9225889710005138,3.141592653589793,3.157082202464863
856,332.4133539080948,0,53.41566525916262,53.41566525916262,-0.9601446257264689,-1.550183861142189,3.141592653589793,3.196521656491526
857,357.0630110165417,0,69.2122776959786,69.2122776959786,0.1747055338155055,-0.6235429076678711,3.141592653589793,3.241420209633425
858,346.5280657542929,0,72.5967057818209,72.5967057818209,-2.449400614939898,-3.011284879388565,3.141592653589793,3.191444551879976
859,449.3189960177247,0,132.8669782182733,132.8669782182733,-1.618188083915951,-0.6434000211937243,3.141592653589793,3.289348897322251
860,444.223884623583,0,163.4034208120485,163.4034208120485,-0.7651394984980793,-0.6611869542715222,3.141592653589793,3.143312032322042
861,747.4679483646767,0,334.0424634215847,334.0424634215847,0.3636674731984011,-0.04200762274949447,3.141592653589793,3.167676859239543
862,338.4130775842832,0,78.20973780102906,78.20973780102906,-0.08055238758187989,-0.03617775912647769,3.141592653589793,3.141906031175966
863,508.4965153638046,0,172.0519163853486,172.0519163853486,-0.0822966717229304,0.8632803167942182,3.141592653589793,3.28081091230545
864,363.7645914189249,0,93.60164331644819,93.60164331644819,1.161202856756696,1.63919862216551,3.141592653589793,3.177748314898163
865,437.1618725499072,0,99.04088965478152,99.04088965478152,-1.415114186600981,-0.123028741264155,3.141592653589793,3.396923490327773
866,361.870703797915,0,61.92601992158672,61.92601992158672,0.5972983156172369,1.547328589677601,3.141592653589793,3.282097183619122
867,401.2710969955635,0,82.10334015727224,82.10334015727224,-0.2415319903838075,0.9195757326675608,3.141592653589793,3.349294783326617
868,509.1564138119487,0,131.0672419472628,131.0672419472628,0.2311346318594265,1.689981045894486,3.141592653589793,3.463789436561107
869,303.063235191679,0,21.27967308619951,21.27967308619951,1.250532950816505,1.210917456719802,3.141592653589793,3.141842419419199
870,348.0908341709514,0,86.60061810996535,86.60061810996535,0.1334728765006636,0.3305177034338272,3.141592653589793,3.147766043547468
871,304.5003166071085,0,23.99260827715296,23.99260827715296,-1.75457296018174,-1.620107023219299,3.141592653589793,3.144469031377562
872,423.145260242899,0,98.97945190818567,98.97945190818567,-2.599038802164579,-1.425074671776678,3.141592653589793,3.353773424148802
873,386.2611502237545,0,80.95047978978509,80.95047978978509,0.766920862555431,1.787573796583143,3.141592653589793,3.30323126844439
874,371.9547801914024,0,94.38628114102816,94.38628114102816,-0.1330207796268432,-0.759013683561727,3.141592653589793,3.203353167676986
875,501.2550192185344,0,173.3961570595187,173.3961570595187,-0.002703605090678416,-0.8593385278462033,3.141592653589793,3.256290495636672
876,378.7697914764902,0,103.8941994416598,103.8941994416598,1.552717892916981,1.003689229394901,3.141592653589793,3.189206307917097
877,347.2825730034675,0,63.63063967822153,63.63063967822153,0.5751322707676649,1.296138079310534,3.141592653589793,3.223267562124174
878,422.4672773113271,0,129.9327771093981,129.9327771093981,0.6637288921423874,-0.05033455498766698,3.141592653589793,3.221721745839733
879,405.8525364273386,0,118.9637896340596,118.9637896340596,1.932778082175458,1.243635688963364,3.141592653589793,3.216290042768446
880,368.0655293582818,0,44.16888495515885,44.16888495515885,1.421692469989855,0.2488723089514725,3.141592653589793,3.353373157169875
881,324.5866302545186,0,55.12031628809618,55.12031628809618,-0.04706467452045721,-0.3994123842663722,3.141592653589793,3.161289817408798
882,563.8141930337841,0,212.4638940189174,212.4638940189174,-1.104302555225021,-1.918092214538315,3.141592653589793,3.24528242387232
883,377.6117718974934,0,109.607769435862,109.607769435862,1.22711230225551,1.587650812716668,3.141592653589793,3.16221321523627
884,365.7715568056271,0,76.56412027007917,76.56412027007917,-0.9774953403058104,-0.1540921048739985,3.141592653589793,3.247706465986256
885,339.4481533020376,0,26.87707116047076,26.87707116047076,0.5723906063421542,-0.3727550641766152,3.141592653589793,3.28068662623996
886,393.1819160218142,0,60.36386362075677,60.36386362075677,1.120653889866764,-0.1708596520743657,3.141592653589793,3.396705997007495
887,358.3838456928178,0,93.95893302896008,93.95893302896008,2.68880106371626,2.374224036668996,3.141592653589793,3.157303138286733
888,499.2613831082591,0,197.5355464751717,197.5355464751717,-2.551763792878473,-2.77865887475817,3.141592653589793,3.149775512519988
889,434.5237750634557,0,146.2898526188045,146.2898526188045,0.5226484822854234,-0.01920653198508117,3.141592653589793,3.187979180857279
890,326.5259453711911,0,13.21840136073686,13.21840136073686,-1.872625487145458,-1.057459796247033,3.141592653589793,3.24562775202383
891,374.1522226297242,0,81.03944802243369,81.03944802243369,2.59520491923873,1.720049395084695,3.141592653589793,3.261211675519803
892,338.0401900076646,0,35.89109479546449,35.89109479546449,-0.7117138796992596,0.157185053351705,3.141592653589793,3.259538273582082
893,372.9791018829563,0,105.1931592674084,105.1931592674084,1.215753963693486,0.8378447371734014,3.141592653589793,3.164240791181728
894,358.1193411507165,0,93.27888725930028,93.27888725930028,-2.175963190696812,-1.845156868637516,3.141592653589793,3.158961415371159
895,304.1867401700081,0,23.27576719715257,23.27576719715257,-1.391460886430137,-1.516812049706515,3.141592653589793,3.144092446990721
896,449.5870311346083,0,58.37550980958428,58.37550980958428,0.5685789067304218,-1.158475306302726,3.141592653589793,3.585013341097199
897,325.8183695717761,0,27.86176689685033,27.86176689685033,-0.9260119081267431,-1.658376502649002,3.141592653589793,3.225827382300409
898,362.9349978414829,0,95.72923830208434,95.72923830208434,-0.3299928372096088,-0.727342493676537,3.141592653589793,3.16662140941789
899,493.1488925312665,0,195.5448969510279,195.5448969510279,-1.817647947727419,-1.881097526539495,3.141592653589793,3.142233322040359
900,549.9638476008597,0,229.6044418392502,229.6044418392502,1.038853743322294,1.183999825989163,3.141592653589793,3.144943844713749
901,347.0104795593036,0,43.02248870192039,43.02248870192039,1.369599010715795,0.432172121809447,3.141592653589793,3.278471224997101
902,419.2517730982236,0,142.2912144250409,142.2912144250409,-0.3930512308382828,-0.06002443995223976,3.141592653589793,3.159194714565282
903,343.8250219974854,0,78.60889323491658,78.60889323491658,-1.557288892207287,-1.209788367695495,3.141592653589793,3.160753235484436
904,360.08736933914,0,55.36806159146428,55.36806159146428,-2.212941570038139,-1.219089950967883,3.141592653589793,3.295048625106757
905,396.4300783753482,0,124.2394435978011,124.2394435978011,-1.845248998884055,-1.469646237750771,3.141592653589793,3.163966155833577
906,338.6892743955324,0,53.97072311982583,53.97072311982583,1.228812963310389,1.931140985626695,3.141592653589793,3.21914104257954
907,309.5592320665964,0,20.85488180013338,20.85488180013338,1.422492963914028,1.003418088659517,3.141592653589793,3.169420791273848
908,382.055983621263,0,87.22975656054929,87.22975656054929,-1.193720998986193,-0.3026574928041458,3.141592653589793,3.265516585953714
909,344.6706665713207,0,32.73896546162209,32.73896546162209,-1.392086928688871,-0.4120632129140852,3.141592653589793,3.290904265482419
910,420.2782209963395,0,54.96226063933088,54.96226063933088,0.0253088837482417,1.574739224772409,3.141592653589793,3.502904335373095
911,766.02286111565,0,304.3721907377932,304.3721907377932,-0.9653119233776853,0.03895519472015222,3.141592653589793,3.298205094529735
912,401.5041460556496,0,84.82353594133853,84.82353594133853,1.012053307667231,-0.1215509784523827,3.141592653589793,3.33985973936004
913,385.7076976184071,0,119.1268702136319,119.1268702136319,-0.08960125201133028,-0.3228692206958632,3.141592653589793,3.150240998130709
914,335.8425860440738,0,60.36978746142542,60.36978746142542,0.5134632090340827,-0.03990267527326511,3.141592653589793,3.189955830886159
915,391.7668056037617,0,82.71915923914224,82.71915923914224,0.8069478414605236,-0.2522093657239259,3.141592653589793,3.315330811641596
916,354.242497344937,0,83.09159081961673,83.09159081961673,0.0005907673531753729,0.5123647170455458,3.141592653589793,3.18300439469899
917,307.0612997528225,0,3.422661859547508,3.422661859547508,-2.063637363282404,-1.632994917358418,3.141592653589793,3.170971036972862
918,406.5009398671218,0,136.8329863121575,136.8329863121575,0.6741307862453257,0.5820268863149488,3.141592653589793,3.142942495412817
919,360.8109025215618,0,98.31048368875463,98.31048368875463,1.003454948453243,0.7861612953365213,3.141592653589793,3.149098431737911
920,322.3287674223486,0,57.67003087423569,57.67003087423569,0.1108015860162899,0.2621243842719861,3.141592653589793,3.14523496584298
921,557.2150508059428,0,197.3536846473447,197.3536846473447,-0.9902080067728321,-1.975892200947406,3.141592653589793,3.292594377042963
922,359.8491338825184,0,98.91028291030929,98.91028291030929,-0.2409010594914235,-0.1355816091048772,3.141592653589793,3.143357534185235
923,464.6782733062612,0,175.9823264777789,175.9823264777789,-1.078845652497261,-1.274185659986752,3.141592653589793,3.147659784604326
924,358.8007002650808,0,84.12964637048306,84.12964637048306,-0.7490105252179803,-0.1636691348588908,3.141592653589793,3.195657826544774
925,317.976874867855,0,26.17753946423808,26.17753946423808,-1.456892561248129,-0.8648053055072974,3.141592653589793,3.196900329928987
926,390.2548729725491,0,124.7292837974061,124.7292837974061,-2.021914402353381,-1.979248649400319,3.141592653589793,3.141882360554642
927,553.6126907595188,0,124.3980827451219,124.3980827451219,-1.906877543406173,-0.1316999828191835,3.141592653589793,3.608442845979541
928,351.4772253316676,0,88.81332180316387,88.81332180316387,-0.8368795812029968,-1.091772181423543,3.141592653589793,3.151916026599781
929,613.3324295681439,0,260.9013089595946,260.9013089595946,0.284953825093912,0.6742296220218085,3.141592653589793,3.165618430443443
930,373.8784405753416,0,24.017665872207,24.017665872207,2.949660167270788,1.616296124720406,3.141592653589793,3.412838125527734
931,589.0190100296928,0,215.8082855214013,215.8082855214013,-0.1071315777494247,0.8654351780250097,3.141592653589793,3.288691304383396
932,415.3230177653641,0,63.11064506823233,63.11064506823233,0.009197539817250421,-1.444686924625362,3.141592653589793,3.4617025344528
933,473.5139184217225,0,60.1639601420362,60.1639601420362,0.7542778354140033,2.615033784505039,3.141592653589793,3.651303480014642
934,369.2408527435917,0,104.7901522089324,104.7901522089324,-0.6260459284655965,-0.8938111522691696,3.141592653589793,3.152983129699227
935,460.8910460426061,0,33.41545142051331,33.41545142051331,3.192066164609172,1.268032056642887,3.141592653589793,3.683953263778868
936,406.8058638281638,0,107.3960526175666,107.3960526175666,1.159160728735199,0.2609359445572167,3.141592653589793,3.267477951570743
937,343.4577994237329,0,73.37880637445947,73.37880637445947,1.348665717508999,0.873126036756376,3.141592653589793,3.177379799309435
938,431.0468710284526,0,127.0596001730308,127.0596001730308,0.6993190759066101,1.570409297613409,3.141592653589793,3.260123092069156
939,344.5604989278123,0,84.73491839293199,84.73491839293199,1.450322956583631,1.442297098073411,3.141592653589793,3.141602905444
940,312.9260382758956,0,41.6516694418362,41.6516694418362,-1.471156952097069,-1.672243153599262,3.141592653589793,3.14802161071425
941,690.6792962754491,0,309.7411497295757,309.7411497295757,-0.5099629219674696,-0.6761741236806061,3.141592653589793,3.145986421563876
942,358.3518262353487,0,97.44946697330015,97.44946697330015,-1.211386331332783,-1.327307052598354,3.141592653589793,3.143730588760444
943,405.0605084161622,0,87.46463736130966,87.46463736130966,0.1823965919200277,1.320729558251004,3.141592653589793,3.341467692994388
944,441.9045148966857,0,158.328927109432,158.328927109432,0.9564248723644758,0.6333807395552505,3.141592653589793,3.158157993646268
945,451.9536358961347,0,29.67736725528733,29.67736725528733,0.6939521858712634,-1.190760879866071,3.141592653589793,3.663570354347024
946,319.4982495261484,0,51.91556072656132,51.91556072656132,0.0009127340612403789,-0.2255979042684152,3.141592653589793,3.14974784234641
947,347.609784862848,0,61.75949315772701,61.75949315772701,0.7705579221698847,0.01901413443907976,3.141592653589793,3.230235667248773
948,505.326634232563,0,115.6902326483813,115.6902326483813,-1.452198554826037,0.1395879142225096,3.141592653589793,3.521844483241046
949,309.9554736906654,0,38.96131567406709,38.96131567406709,-0.4859622402595779,-0.4903347635046127,3.141592653589793,3.141595696465235
950,317.4949170420629,0,33.49963829704701,33.49963829704701,0.5039162050999263,1.01533117477637,3.141592653589793,3.182946696427465
951,666.7898363946719,0,287.5316291564758,287.5316291564758,0.2978381894975304,-0.1745645084982568,3.141592653589793,3.176911819702124
952,428.0888627180028,0,125.7870901341199,125.7870901341199,-1.286166964287563,-0.4283664503934864,3.141592653589793,3.256597322778224
953,407.6523609291967,0,136.2665939759764,136.2665939759764,1.366620697425657,1.151598813828227,3.141592653589793,3.148942490982511
954,404.3663009307653,0,124.6921168634754,124.6921168634754,1.0976230554194,0.5587250324230817,3.141592653589793,3.187477918398604
955,341.9549276592069,0,57.70407790368809,57.70407790368809,-1.230182052239696,-1.941112406751886,3.141592653589793,3.221028775105275
956,396.8783658816564,0,61.00194625815929,61.00194625815929,0.3773284424056989,-0.9416639063544665,3.141592653589793,3.407248922103757
957,578.4881338238938,0,196.2938221751374,196.2938221751374,0.4476803867578499,-0.7052708681582776,3.141592653589793,3.346475907174894
958,350.5007642751785,0,40.48553860623962,40.48553860623962,0.6139387303069331,-0.38739148734665,3.141592653589793,3.297312027375561
959,318.5216816355966,0,29.50725973244362,29.50725973244362,-1.93194659668758,-1.355849718976757,3.141592653589793,3.19397745978232
960,425.5387952094547,0,118.2242506817588,118.2242506817588,0.6850575162604762,-0.2612344217960365,3.141592653589793,3.281017042491567
961,419.8464428980891,0,124.2421730875446,124.2421730875446,0.8812085468778241,0.09736365491613856,3.141592653589793,3.237903212843736
962,328.9653248387737,0,66.94817258156766,66.94817258156766,1.410725748468636,1.514343109601026,3.141592653589793,3.143300965325687
963,353.0906859895581,0,84.90202801935069,84.90202801935069,-1.725452398165128,-1.285649320640227,3.141592653589793,3.172228104674967
964,355.2052387485691,0,83.39318536175372,83.39318536175372,-0.817477388918841,-0.2910428362166972,3.141592653589793,3.185394440154635
965,357.8623433220976,0,51.6710800407423,51.6710800407423,2.244933923292008,1.244135084493679,3.141592653589793,3.297150696712154
966,350.9889391396625,0,85.28068634089129,85.28068634089129,-2.514983641890378,-2.145896802873252,3.141592653589793,3.163199250098705
967,399.7227633896351,0,119.6412384735594,119.6412384735594,1.218122583861856,0.6428659874328233,3.141592653589793,3.193826005408634
968,687.8061635825063,0,290.3055890578784,290.3055890578784,1.337379250424994,0.6924852649887439,3.141592653589793,3.207100349777226
969,402.1557474072659,0,57.01164192912315,57.01164192912315,2.633094525980195,1.23865979114711,3.141592653589793,3.437157638339908
970,354.3778882272832,0,36.30091431882727,36.30091431882727,0.8224717353574966,1.898012787547232,3.141592653589793,3.320601294349377
971,643.7511038573452,0,283.0070916218843,283.0070916218843,0.357062365987462,0.1588615945596908,3.141592653589793,3.147838615126881
972,385.8004499969098,0,29.12287255050969,29.12287255050969,0.8036058602383794,-0.6153826458001624,3.141592653589793,3.447192013996152
973,541.1436139583965,0,142.0955349479501,142.0955349479501,-0.1659521989220723,-1.701547925879038,3.141592653589793,3.496806920282824
974,392.2928433428424,0,111.7824028701702,111.7824028701702,-1.954599834811798,-1.334085694484062,3.141592653589793,3.202287026397857
975,481.9790751508638,0,151.9348305240387,151.9348305240387,1.590851345789796,0.5866138634757507,3.141592653589793,3.29819607088084
976,304.8659877089753,0,23.61577107830367,23.61577107830367,-0.01491596187003557,0.1606386255237775,3.141592653589793,3.146493892294147
977,377.5759612233592,0,61.08556269681734,61.08556269681734,-0.5098377012474894,-1.645640358887304,3.141592653589793,3.340606543457493
978,325.1573390558388,0,62.60337377447902,62.60337377447902,1.18528196649421,1.229027415830164,3.141592653589793,3.141897207966384
979,306.1470778131578,0,10.73750805468761,10.73750805468761,0.04450507310467423,-0.333199710207511,3.141592653589793,3.164216380784706
980,512.8616664751186,0,49.00142912310205,49.00142912310205,-0.708567339070617,1.42493995664317,3.141592653589793,3.797559450746402
981,472.2745146023069,0,181.2660198562852,181.2660198562852,0.3317286889212137,0.1611979822446393,3.141592653589793,3.146217589902035
982,513.3826327055824,0,192.7620924382213,192.7620924382213,1.074123503911836,0.4384039109620306,3.141592653589793,3.20526813261381
983,337.8548017786425,0,75.32624522516262,75.32624522516262,0.1951164513904478,0.4214697697989498,3.141592653589793,3.149736532766494
984,423.9482711752576,0,113.9351223143761,113.9351223143761,0.3752178904242969,-0.6159653270708837,3.141592653589793,3.294244765000539
985,507.298142444292,0,166.4149911343154,166.4149911343154,-1.684772386449736,-0.6675335724473785,3.141592653589793,3.302177948839566
986,308.0354615506903,0,14.72645713340328,14.72645713340328,2.290592914085891,2.708135306249742,3.141592653589793,3.169218523602194
987,864.6767465025448,0,404.3432112439534,404.3432112439534,-0.8612830607378745,-1.002060177938505,3.141592653589793,3.144745235757052
988,322.3577865539339,0,58.59709485132019,58.59709485132019,0.5192148880969497,0.4359126143733604,3.141592653589793,3.142696878462331
989,421.1935575889665,0,115.6560685591445,115.6560685591445,0.08326275817924704,-0.8540900067604186,3.141592653589793,3.278450031193002
990,327.0126764211722,0,56.58411776734108,56.58411776734108,-2.471509926865946,-2.869745645189532,3.141592653589793,3.166732715029492
991,358.3801007265763,0,36.09661834618051,36.09661834618051,-0.6557319978722329,0.4659738942378758,3.141592653589793,3.335840000582146
992,400.8686601683333,0,125.9981190867997,125.9981190867997,-0.5941799785412699,-1.023825303956339,3.141592653589793,3.170835774167495
993,520.5067612323201,0,133.1752173036728,133.1752173036728,-0.3700211924164553,1.136692312040997,3.141592653589793,3.484220140232791
994,348.7959007842556,0,82.1710625949901,82.1710625949901,-0.9991726991832464,-0.6030553028611338,3.141592653589793,3.166467020633307
995,435.0887402385749,0,71.33218765074183,71.33218765074183,3.430321865529996,1.894213583059535,3.141592653589793,3.497032035392828
996,433.7796198711953,0,148.3819044774657,148.3819044774657,-0.6605517748905385,-0.1887172973909762,3.141592653589793,3.176827375739299
997,353.3110770270471,0,91.09209142063079,91.09209142063079,-0.2036613246671294,0.02642569497692458,3.141592653589793,3.150007053594966
998,391.936906514515,0,126.10533208884,126.10533208884,1.546050539264158,1.556656165656684,3.141592653589793,3.141610555177158
999,325.640428222716,0,61.06965923492815,61.06965923492815,-0.03066327105116952,0.1759476186504289,3.141592653589793,3.148379338776165
1000,340.963476777017,0,68.51467709429824,68.51467709429824,1.089020806063255,0.5704252960636028,3.141592653589793,3.184108305959638
